item_code,item_name,description,brand,item_group,stock_uom,uom_conversions,barcode,manufacturer_part_no,disabled,available_qty,list_price
NRD-PRAW0099-OLD,Sisu Prawn 21/25 1kg,"Prawn 21/25, pack: 1kg. Brand Sisu. Sold per Kg. (superseded)",Sisu,All Items > Frozen > Prawn,Kg,"[{""uom"":""Kg"",""conversion_factor"":1.0}]",920018244467,SIS355258,1,0,304.07
NRD-FULL0120,Nordvik Full Cream Milk Fresh 1L,"Full Cream Milk Fresh, pack: 1L. Brand Nordvik. Sold per Nos.",Nordvik,All Items > Frozen > Full Cream Milk,Nos,"[{""uom"":""Nos"",""conversion_factor"":1.0},{""uom"":""Carton"",""conversion_factor"":10.0}]",938808199340,,0,12,165.7
NRD-POTA0139,Golden Pantry Potato Fries Crinkle 1kg,"Potato Fries Crinkle, pack: 1kg. Brand Golden Pantry. Sold per Packet.",Golden Pantry,All Items > Frozen > Potato Fries,Packet,"[{""uom"":""Packet"",""conversion_factor"":1.0},{""uom"":""Carton"",""conversion_factor"":6.0}]",950227298021,,0,3,204.4
NRD-BEEF0270,Sisu Beef Patty 150g 48s,"Beef Patty 150g, pack: 48s. Brand Sisu. Sold per Packet.",Sisu,All Items > Frozen > Beef Patty,Packet,"[{""uom"":""Packet"",""conversion_factor"":1.0},{""uom"":""Carton"",""conversion_factor"":6.0}]",,,0,0,421.4
NRD-BUTT0093,Golden Pantry Butter Unsalted Sheet 250g,"Butter Unsalted Sheet, pack: 250g. Brand Golden Pantry. Sold per Packet.",Golden Pantry,All Items > Frozen > Butter Unsalted,Packet,"[{""uom"":""Packet"",""conversion_factor"":1.0},{""uom"":""Carton"",""conversion_factor"":10.0}]",,,0,3,99.97
NRD-SALM0142B,Nordvik Salmon Fillet Portion 5kg (Bulk),"Salmon Fillet Portion, pack: 5kg. Brand Nordvik. Sold per Kg.",Nordvik,All Items > Frozen > Salmon Fillet,Kg,"[{""uom"":""Kg"",""conversion_factor"":1.0},{""uom"":""Carton"",""conversion_factor"":144.0}]",937358861472,,0,12,16.69
NRD-SALM0449,Sisu Salmon Fillet Portion 5kg,"Salmon Fillet Portion, pack: 5kg. Brand Sisu. Sold per Kg.",Sisu,All Items > Frozen > Salmon Fillet,Kg,"[{""uom"":""Kg"",""conversion_factor"":1.0}]",975385292179,SIS262932,0,0,455.22
NRD-VANI0424,Nordvik Vanilla Ice Cream Tub 1L,"Vanilla Ice Cream Tub, pack: 1L. Brand Nordvik. Sold per Nos.",Nordvik,All Items > Frozen > Vanilla Ice Cream,Nos,"[{""uom"":""Nos"",""conversion_factor"":1.0},{""uom"":""Carton"",""conversion_factor"":6.0}]",922233676893,,0,900,462.99
NRD-SALM0299,Nordvik Salmon Fillet Trim D 1kg,"Salmon Fillet Trim D, pack: 1kg. Brand Nordvik. Sold per Kg.",Nordvik,All Items > Frozen > Salmon Fillet,Kg,"[{""uom"":""Kg"",""conversion_factor"":1.0}]",,,0,12,105.69
NRD-FULL0203,Nordvik Full Cream Milk UHT 1L,"Full Cream Milk UHT, pack: 1L. Brand Nordvik. Sold per Nos.",Nordvik,All Items > Frozen > Full Cream Milk,Nos,"[{""uom"":""Nos"",""conversion_factor"":1.0},{""uom"":""Carton"",""conversion_factor"":6.0}]",997373387667,NOR029877,0,150,233.76
NRD-POTA0103,Nordvik Potato Fries Wedge 2.5kg,"Potato Fries Wedge, pack: 2.5kg. Brand Nordvik. Sold per Packet.",Nordvik,All Items > Frozen > Potato Fries,Packet,"[{""uom"":""Packet"",""conversion_factor"":1.0},{""uom"":""Carton"",""conversion_factor"":6.0}]",,,0,150,400.98
NRD-BEEF0423,Cape Bay Beef Patty 200g 48s,"Beef Patty 200g, pack: 48s. Brand Cape Bay. Sold per Packet.",Cape Bay,All Items > Frozen > Beef Patty,Packet,"[{""uom"":""Packet"",""conversion_factor"":1.0},{""uom"":""Carton"",""conversion_factor"":50.0}]",901811962090,CAP937013,0,3,233.7
NRD-PUFF0426,Golden Pantry Puff Pastry Sheet 2kg,"Puff Pastry Sheet, pack: 2kg. Brand Golden Pantry. Sold per Packet.",Golden Pantry,All Items > Frozen > Puff Pastry,Packet,"[{""uom"":""Packet"",""conversion_factor"":1.0},{""uom"":""Carton"",""conversion_factor"":50.0}]",,,0,900,157.91
NRD-CHIC0020,Sisu Chicken Breast Strips 1kg,"Chicken Breast Strips, pack: 1kg. Brand Sisu. Sold per Kg.",Sisu,All Items > Frozen > Chicken Breast,Kg,"[{""uom"":""Kg"",""conversion_factor"":1.0}]",955330395796,SIS702209,0,150,342.26
NRD-BEEF0057,Golden Pantry Beef Patty 100g 24s,"Beef Patty 100g, pack: 24s. Brand Golden Pantry. Sold per Packet.",Golden Pantry,All Items > Frozen > Beef Patty,Packet,"[{""uom"":""Packet"",""conversion_factor"":1.0},{""uom"":""Carton"",""conversion_factor"":12.0}]",,,0,12,100.5
NRD-CHIC0324-OLD,Fjordal Chicken Breast Whole 2kg,"Chicken Breast Whole, pack: 2kg. Brand Fjordal. Sold per Kg. (superseded)",Fjordal,All Items > Frozen > Chicken Breast,Kg,"[{""uom"":""Kg"",""conversion_factor"":1.0}]",,,1,0,106.56
NRD-BUTT0336,Sisu Butter Unsalted Block 250g,"Butter Unsalted Block, pack: 250g. Brand Sisu. Sold per Packet.",Sisu,All Items > Frozen > Butter Unsalted,Packet,"[{""uom"":""Packet"",""conversion_factor"":1.0},{""uom"":""Carton"",""conversion_factor"":100.0}]",910670265095,SIS662843,0,0,387.94
NRD-MOZZ0109,Cape Bay Mozzarella Block 2kg,"Mozzarella Block, pack: 2kg. Brand Cape Bay. Sold per Kg.",Cape Bay,All Items > Frozen > Mozzarella,Kg,"[{""uom"":""Kg"",""conversion_factor"":1.0}]",,CAP907866,0,900,414.81
NRD-SQUI0089,Cape Bay Squid Ring Breaded 2kg,"Squid Ring Breaded, pack: 2kg. Brand Cape Bay. Sold per Kg.",Cape Bay,All Items > Frozen > Squid Ring,Kg,"[{""uom"":""Kg"",""conversion_factor"":1.0}]",912516277209,,0,0,283.09
NRD-VANI0460,Cape Bay Vanilla Ice Cream Tub 6s,"Vanilla Ice Cream Tub, pack: 6s. Brand Cape Bay. Sold per Nos.",Cape Bay,All Items > Frozen > Vanilla Ice Cream,Nos,"[{""uom"":""Nos"",""conversion_factor"":1.0},{""uom"":""Carton"",""conversion_factor"":100.0}]",,,0,40,3.72
NRD-BEEF0382,Nordvik Beef Patty 200g 48s,"Beef Patty 200g, pack: 48s. Brand Nordvik. Sold per Packet.",Nordvik,All Items > Frozen > Beef Patty,Packet,"[{""uom"":""Packet"",""conversion_factor"":1.0},{""uom"":""Carton"",""conversion_factor"":24.0}]",,NOR497631,0,0,406.53
NRD-FULL0267,Golden Pantry Full Cream Milk UHT 1L,"Full Cream Milk UHT, pack: 1L. Brand Golden Pantry. Sold per Nos.",Golden Pantry,All Items > Frozen > Full Cream Milk,Nos,"[{""uom"":""Nos"",""conversion_factor"":1.0},{""uom"":""Carton"",""conversion_factor"":10.0}]",,GOL883010,0,12,313.52
NRD-VANI0363,Nordvik Vanilla Ice Cream Cone 6s,"Vanilla Ice Cream Cone, pack: 6s. Brand Nordvik. Sold per Nos.",Nordvik,All Items > Frozen > Vanilla Ice Cream,Nos,"[{""uom"":""Nos"",""conversion_factor"":1.0},{""uom"":""Carton"",""conversion_factor"":6.0}]",,,0,40,27.83
NRD-BEEF0118,Fjordal Beef Patty 200g 24s,"Beef Patty 200g, pack: 24s. Brand Fjordal. Sold per Packet.",Fjordal,All Items > Frozen > Beef Patty,Packet,"[{""uom"":""Packet"",""conversion_factor"":1.0},{""uom"":""Carton"",""conversion_factor"":24.0}]",962402993193,,0,3,112.01
NRD-PRAW0435,Golden Pantry Prawn 31/40 2kg,"Prawn 31/40, pack: 2kg. Brand Golden Pantry. Sold per Kg.",Golden Pantry,All Items > Frozen > Prawn,Kg,"[{""uom"":""Kg"",""conversion_factor"":1.0}]",,,0,12,119.17
NRD-BEEF0478,Nordvik Beef Patty 100g 12s,"Beef Patty 100g, pack: 12s. Brand Nordvik. Sold per Packet.",Nordvik,All Items > Frozen > Beef Patty,Packet,"[{""uom"":""Packet"",""conversion_factor"":1.0},{""uom"":""Carton"",""conversion_factor"":50.0}]",901009841092,NOR665971,0,40,243.95
NRD-MOZZ0065,Halberg Mozzarella Shredded 2kg,"Mozzarella Shredded, pack: 2kg. Brand Halberg. Sold per Kg.",Halberg,All Items > Frozen > Mozzarella,Kg,"[{""uom"":""Kg"",""conversion_factor"":1.0}]",942629892622,,0,900,467.43
NRD-BUTT0312,Golden Pantry Butter Unsalted Sheet 500g,"Butter Unsalted Sheet, pack: 500g. Brand Golden Pantry. Sold per Packet.",Golden Pantry,All Items > Frozen > Butter Unsalted,Packet,"[{""uom"":""Packet"",""conversion_factor"":1.0},{""uom"":""Carton"",""conversion_factor"":50.0}]",,GOL469420,0,0,397.83
NRD-CHIC0134,Golden Pantry Chicken Breast Diced 1kg,"Chicken Breast Diced, pack: 1kg. Brand Golden Pantry. Sold per Kg.",Golden Pantry,All Items > Frozen > Chicken Breast,Kg,"[{""uom"":""Kg"",""conversion_factor"":1.0}]",,GOL032455,0,3,433.82
NRD-POTA0443,Nordvik Potato Fries Crinkle 2.5kg,"Potato Fries Crinkle, pack: 2.5kg. Brand Nordvik. Sold per Packet.",Nordvik,All Items > Frozen > Potato Fries,Packet,"[{""uom"":""Packet"",""conversion_factor"":1.0},{""uom"":""Carton"",""conversion_factor"":24.0}]",,,0,12,285.24
NRD-SQUI0112,Nordvik Squid Ring Raw 1kg,"Squid Ring Raw, pack: 1kg. Brand Nordvik. Sold per Kg.",Nordvik,All Items > Frozen > Squid Ring,Kg,"[{""uom"":""Kg"",""conversion_factor"":1.0}]",,,0,0,122.8
NRD-VANI0263,Golden Pantry Vanilla Ice Cream Tub 6s,"Vanilla Ice Cream Tub, pack: 6s. Brand Golden Pantry. Sold per Nos.",Golden Pantry,All Items > Frozen > Vanilla Ice Cream,Nos,"[{""uom"":""Nos"",""conversion_factor"":1.0},{""uom"":""Carton"",""conversion_factor"":24.0}]",,GOL953961,0,3,350.55
NRD-BEEF0335,Cape Bay Beef Patty 100g 48s,"Beef Patty 100g, pack: 48s. Brand Cape Bay. Sold per Packet.",Cape Bay,All Items > Frozen > Beef Patty,Packet,"[{""uom"":""Packet"",""conversion_factor"":1.0},{""uom"":""Carton"",""conversion_factor"":6.0}]",952337670864,CAP909099,0,12,118.75
NRD-FULL0287,Nordvik Full Cream Milk UHT 200ml,"Full Cream Milk UHT, pack: 200ml. Brand Nordvik. Sold per Nos.",Nordvik,All Items > Frozen > Full Cream Milk,Nos,"[{""uom"":""Nos"",""conversion_factor"":1.0},{""uom"":""Carton"",""conversion_factor"":6.0}]",,,0,0,242.33
NRD-POTA0438,Halberg Potato Fries 7mm 2.5kg,"Potato Fries 7mm, pack: 2.5kg. Brand Halberg. Sold per Packet.",Halberg,All Items > Frozen > Potato Fries,Packet,"[{""uom"":""Packet"",""conversion_factor"":1.0},{""uom"":""Carton"",""conversion_factor"":24.0}]",,,0,0,251.76
NRD-SALM0389,Sisu Salmon Fillet Portion 3kg,"Salmon Fillet Portion, pack: 3kg. Brand Sisu. Sold per Kg.",Sisu,All Items > Frozen > Salmon Fillet,Kg,"[{""uom"":""Kg"",""conversion_factor"":1.0}]",954746118373,,0,150,414.53
NRD-VANI0042,Nordvik Vanilla Ice Cream Cone 4L,"Vanilla Ice Cream Cone, pack: 4L. Brand Nordvik. Sold per Nos.",Nordvik,All Items > Frozen > Vanilla Ice Cream,Nos,"[{""uom"":""Nos"",""conversion_factor"":1.0},{""uom"":""Carton"",""conversion_factor"":100.0}]",909831589483,,0,3,349.71
NRD-PRAW0385,Halberg Prawn 21/25 2kg,"Prawn 21/25, pack: 2kg. Brand Halberg. Sold per Kg.",Halberg,All Items > Frozen > Prawn,Kg,"[{""uom"":""Kg"",""conversion_factor"":1.0}]",997841221828,HAL301117,0,0,1.49
NRD-CHIC0406,Fjordal Chicken Breast Whole 5kg,"Chicken Breast Whole, pack: 5kg. Brand Fjordal. Sold per Kg.",Fjordal,All Items > Frozen > Chicken Breast,Kg,"[{""uom"":""Kg"",""conversion_factor"":1.0}]",972604483612,,0,0,380.58
NRD-BUTT0179,Sisu Butter Unsalted Sheet 250g,"Butter Unsalted Sheet, pack: 250g. Brand Sisu. Sold per Packet.",Sisu,All Items > Frozen > Butter Unsalted,Packet,"[{""uom"":""Packet"",""conversion_factor"":1.0},{""uom"":""Carton"",""conversion_factor"":24.0}]",,,0,12,128.97
NRD-PUFF0150,Golden Pantry Puff Pastry Block 5kg,"Puff Pastry Block, pack: 5kg. Brand Golden Pantry. Sold per Packet.",Golden Pantry,All Items > Frozen > Puff Pastry,Packet,"[{""uom"":""Packet"",""conversion_factor"":1.0},{""uom"":""Carton"",""conversion_factor"":24.0}]",,GOL887509,0,0,335.58
NRD-POTA0465,Cape Bay Potato Fries Crinkle 2.5kg,"Potato Fries Crinkle, pack: 2.5kg. Brand Cape Bay. Sold per Packet.",Cape Bay,All Items > Frozen > Potato Fries,Packet,"[{""uom"":""Packet"",""conversion_factor"":1.0},{""uom"":""Carton"",""conversion_factor"":10.0}]",949315380209,,0,150,71.21
NRD-PRAW0226,Cape Bay Prawn PDTO 2kg,"Prawn PDTO, pack: 2kg. Brand Cape Bay. Sold per Kg.",Cape Bay,All Items > Frozen > Prawn,Kg,"[{""uom"":""Kg"",""conversion_factor"":1.0}]",957733816341,,0,0,107.39
NRD-POTA0105,Cape Bay Potato Fries 7mm 2.5kg,"Potato Fries 7mm, pack: 2.5kg. Brand Cape Bay. Sold per Packet.",Cape Bay,All Items > Frozen > Potato Fries,Packet,"[{""uom"":""Packet"",""conversion_factor"":1.0},{""uom"":""Carton"",""conversion_factor"":6.0}]",998188232904,,0,900,424.94
NRD-PUFF0316,Fjordal Puff Pastry Sheet 1kg,"Puff Pastry Sheet, pack: 1kg. Brand Fjordal. Sold per Packet.",Fjordal,All Items > Frozen > Puff Pastry,Packet,"[{""uom"":""Packet"",""conversion_factor"":1.0},{""uom"":""Carton"",""conversion_factor"":100.0}]",,FJO573423,0,150,292.95
NRD-POTA0225,Fjordal Potato Fries 7mm 1kg,"Potato Fries 7mm, pack: 1kg. Brand Fjordal. Sold per Packet.",Fjordal,All Items > Frozen > Potato Fries,Packet,"[{""uom"":""Packet"",""conversion_factor"":1.0},{""uom"":""Carton"",""conversion_factor"":24.0}]",960806598226,,0,3,167.57
NRD-MOZZ0200,Sisu Mozzarella Block 2kg,"Mozzarella Block, pack: 2kg. Brand Sisu. Sold per Kg.",Sisu,All Items > Frozen > Mozzarella,Kg,"[{""uom"":""Kg"",""conversion_factor"":1.0}]",,,0,3,36.44
NRD-SQUI0080,Cape Bay Squid Ring Raw 2kg,"Squid Ring Raw, pack: 2kg. Brand Cape Bay. Sold per Kg.",Cape Bay,All Items > Frozen > Squid Ring,Kg,"[{""uom"":""Kg"",""conversion_factor"":1.0}]",,,0,0,35.54
NRD-MOZZ0458,Sisu Mozzarella Shredded 1kg,"Mozzarella Shredded, pack: 1kg. Brand Sisu. Sold per Kg.",Sisu,All Items > Frozen > Mozzarella,Kg,"[{""uom"":""Kg"",""conversion_factor"":1.0}]",985558702332,SIS737536,0,900,16.63
NRD-CHIC0313,Fjordal Chicken Breast Strips 5kg,"Chicken Breast Strips, pack: 5kg. Brand Fjordal. Sold per Kg.",Fjordal,All Items > Frozen > Chicken Breast,Kg,"[{""uom"":""Kg"",""conversion_factor"":1.0}]",996563401980,FJO322877,0,900,241.95
NRD-PRAW0481,Nordvik Prawn 31/40 2kg,"Prawn 31/40, pack: 2kg. Brand Nordvik. Sold per Kg.",Nordvik,All Items > Frozen > Prawn,Kg,"[{""uom"":""Kg"",""conversion_factor"":1.0}]",953867529806,NOR546726,0,150,378.91
NRD-POTA0272,Sisu Potato Fries Crinkle 2.5kg,"Potato Fries Crinkle, pack: 2.5kg. Brand Sisu. Sold per Packet.",Sisu,All Items > Frozen > Potato Fries,Packet,"[{""uom"":""Packet"",""conversion_factor"":1.0},{""uom"":""Carton"",""conversion_factor"":10.0}]",,SIS852085,0,0,376.14
NRD-BUTT0001,Nordvik Butter Unsalted Block 500g,"Butter Unsalted Block, pack: 500g. Brand Nordvik. Sold per Packet.",Nordvik,All Items > Frozen > Butter Unsalted,Packet,"[{""uom"":""Packet"",""conversion_factor"":1.0},{""uom"":""Carton"",""conversion_factor"":6.0}]",,NOR682056,0,3,200.16
NRD-SALM0294,Halberg Salmon Fillet Side 3kg,"Salmon Fillet Side, pack: 3kg. Brand Halberg. Sold per Kg.",Halberg,All Items > Frozen > Salmon Fillet,Kg,"[{""uom"":""Kg"",""conversion_factor"":1.0}]",957426552240,,0,3,472.94
NRD-POTA0231,Halberg Potato Fries Wedge 2.5kg,"Potato Fries Wedge, pack: 2.5kg. Brand Halberg. Sold per Packet.",Halberg,All Items > Frozen > Potato Fries,Packet,"[{""uom"":""Packet"",""conversion_factor"":1.0},{""uom"":""Carton"",""conversion_factor"":50.0}]",,HAL574473,0,0,193.12
NRD-CHIC0324,Fjordal Chicken Breast Whole 2kg,"Chicken Breast Whole, pack: 2kg. Brand Fjordal. Sold per Kg.",Fjordal,All Items > Frozen > Chicken Breast,Kg,"[{""uom"":""Kg"",""conversion_factor"":1.0}]",,,0,900,106.56
NRD-PRAW0260,Cape Bay Prawn 31/40 1kg,"Prawn 31/40, pack: 1kg. Brand Cape Bay. Sold per Kg.",Cape Bay,All Items > Frozen > Prawn,Kg,"[{""uom"":""Kg"",""conversion_factor"":1.0}]",,,0,900,159.62
NRD-PUFF0125,Golden Pantry Puff Pastry Sheet 1kg,"Puff Pastry Sheet, pack: 1kg. Brand Golden Pantry. Sold per Packet.",Golden Pantry,All Items > Frozen > Puff Pastry,Packet,"[{""uom"":""Packet"",""conversion_factor"":1.0},{""uom"":""Carton"",""conversion_factor"":6.0}]",932760886219,,0,0,83.98
NRD-SQUI0155,Sisu Squid Ring Breaded 1kg,"Squid Ring Breaded, pack: 1kg. Brand Sisu. Sold per Kg.",Sisu,All Items > Frozen > Squid Ring,Kg,"[{""uom"":""Kg"",""conversion_factor"":1.0}]",,,0,0,107.11
NRD-VANI0472,Golden Pantry Vanilla Ice Cream Cone 6s,"Vanilla Ice Cream Cone, pack: 6s. Brand Golden Pantry. Sold per Nos.",Golden Pantry,All Items > Frozen > Vanilla Ice Cream,Nos,"[{""uom"":""Nos"",""conversion_factor"":1.0},{""uom"":""Carton"",""conversion_factor"":24.0}]",,,0,40,103.58
NRD-VANI0383,Sisu Vanilla Ice Cream Tub 4L,"Vanilla Ice Cream Tub, pack: 4L. Brand Sisu. Sold per Nos.",Sisu,All Items > Frozen > Vanilla Ice Cream,Nos,"[{""uom"":""Nos"",""conversion_factor"":1.0},{""uom"":""Carton"",""conversion_factor"":24.0}]",,,0,0,165.96
NRD-SALM0130,Golden Pantry Salmon Fillet Portion 1kg,"Salmon Fillet Portion, pack: 1kg. Brand Golden Pantry. Sold per Kg.",Golden Pantry,All Items > Frozen > Salmon Fillet,Kg,"[{""uom"":""Kg"",""conversion_factor"":1.0}]",907907383216,,0,900,39.3
NRD-BUTT0093-OLD,Golden Pantry Butter Unsalted Sheet 250g,"Butter Unsalted Sheet, pack: 250g. Brand Golden Pantry. Sold per Packet. (superseded)",Golden Pantry,All Items > Frozen > Butter Unsalted,Packet,"[{""uom"":""Packet"",""conversion_factor"":1.0},{""uom"":""Carton"",""conversion_factor"":10.0}]",,,1,0,99.97
NRD-BUTT0059,Sisu Butter Unsalted Block 5kg,"Butter Unsalted Block, pack: 5kg. Brand Sisu. Sold per Packet.",Sisu,All Items > Frozen > Butter Unsalted,Packet,"[{""uom"":""Packet"",""conversion_factor"":1.0},{""uom"":""Carton"",""conversion_factor"":6.0}]",929392919263,,0,40,117.44
NRD-SALM0159,Halberg Salmon Fillet Trim D 5kg,"Salmon Fillet Trim D, pack: 5kg. Brand Halberg. Sold per Kg.",Halberg,All Items > Frozen > Salmon Fillet,Kg,"[{""uom"":""Kg"",""conversion_factor"":1.0}]",907515222423,,0,3,378.34
NRD-SQUI0021,Halberg Squid Ring Breaded 1kg,"Squid Ring Breaded, pack: 1kg. Brand Halberg. Sold per Kg.",Halberg,All Items > Frozen > Squid Ring,Kg,"[{""uom"":""Kg"",""conversion_factor"":1.0}]",939719523467,,0,40,434.38
NRD-WHIP0361,Nordvik Whipping Cream 35% 1L,"Whipping Cream 35%, pack: 1L. Brand Nordvik. Sold per Nos.",Nordvik,All Items > Frozen > Whipping Cream,Nos,"[{""uom"":""Nos"",""conversion_factor"":1.0},{""uom"":""Carton"",""conversion_factor"":12.0}]",969219186110,,0,0,375.16
NRD-SQUI0023,Cape Bay Squid Ring Breaded 1kg,"Squid Ring Breaded, pack: 1kg. Brand Cape Bay. Sold per Kg.",Cape Bay,All Items > Frozen > Squid Ring,Kg,"[{""uom"":""Kg"",""conversion_factor"":1.0}]",965224902300,,0,3,434.33
NRD-PUFF0166,Fjordal Puff Pastry Block 1kg,"Puff Pastry Block, pack: 1kg. Brand Fjordal. Sold per Packet.",Fjordal,All Items > Frozen > Puff Pastry,Packet,"[{""uom"":""Packet"",""conversion_factor"":1.0},{""uom"":""Carton"",""conversion_factor"":100.0}]",900569628489,FJO534068,0,12,186.76
NRD-BUTT0491,Halberg Butter Unsalted Sheet 250g,"Butter Unsalted Sheet, pack: 250g. Brand Halberg. Sold per Packet.",Halberg,All Items > Frozen > Butter Unsalted,Packet,"[{""uom"":""Packet"",""conversion_factor"":1.0},{""uom"":""Carton"",""conversion_factor"":12.0}]",949402419225,,0,3,89.11
NRD-CHIC0486,Fjordal Chicken Breast Strips 1kg,"Chicken Breast Strips, pack: 1kg. Brand Fjordal. Sold per Kg.",Fjordal,All Items > Frozen > Chicken Breast,Kg,"[{""uom"":""Kg"",""conversion_factor"":1.0}]",965691250059,FJO661629,0,12,70.77
NRD-SALM0218,Fjordal Salmon Fillet Portion 1kg,"Salmon Fillet Portion, pack: 1kg. Brand Fjordal. Sold per Kg.",Fjordal,All Items > Frozen > Salmon Fillet,Kg,"[{""uom"":""Kg"",""conversion_factor"":1.0}]",953595859050,,0,0,449.31
NRD-FULL0121,Halberg Full Cream Milk Fresh 200ml,"Full Cream Milk Fresh, pack: 200ml. Brand Halberg. Sold per Nos.",Halberg,All Items > Frozen > Full Cream Milk,Nos,"[{""uom"":""Nos"",""conversion_factor"":1.0},{""uom"":""Carton"",""conversion_factor"":10.0}]",,,0,900,208.27
NRD-BEEF0241,Halberg Beef Patty 100g 12s,"Beef Patty 100g, pack: 12s. Brand Halberg. Sold per Packet.",Halberg,All Items > Frozen > Beef Patty,Packet,"[{""uom"":""Packet"",""conversion_factor"":1.0},{""uom"":""Carton"",""conversion_factor"":6.0}]",,HAL038319,0,3,63.73
NRD-BEEF0373,Cape Bay Beef Patty 100g 24s,"Beef Patty 100g, pack: 24s. Brand Cape Bay. Sold per Packet.",Cape Bay,All Items > Frozen > Beef Patty,Packet,"[{""uom"":""Packet"",""conversion_factor"":1.0},{""uom"":""Carton"",""conversion_factor"":6.0}]",968206591189,CAP199580,0,40,151.67
NRD-SALM0142,Nordvik Salmon Fillet Portion 5kg,"Salmon Fillet Portion, pack: 5kg. Brand Nordvik. Sold per Kg.",Nordvik,All Items > Frozen > Salmon Fillet,Kg,"[{""uom"":""Kg"",""conversion_factor"":1.0}]",937358861472,,0,12,16.69
NRD-PRAW0450,Cape Bay Prawn 31/40 2kg,"Prawn 31/40, pack: 2kg. Brand Cape Bay. Sold per Kg.",Cape Bay,All Items > Frozen > Prawn,Kg,"[{""uom"":""Kg"",""conversion_factor"":1.0}]",929854994956,CAP581149,0,12,16.76
NRD-PUFF0199,Nordvik Puff Pastry Block 1kg,"Puff Pastry Block, pack: 1kg. Brand Nordvik. Sold per Packet.",Nordvik,All Items > Frozen > Puff Pastry,Packet,"[{""uom"":""Packet"",""conversion_factor"":1.0},{""uom"":""Carton"",""conversion_factor"":50.0}]",991207844386,,0,3,160.67
NRD-CHIC0359,Fjordal Chicken Breast Diced 5kg,"Chicken Breast Diced, pack: 5kg. Brand Fjordal. Sold per Kg.",Fjordal,All Items > Frozen > Chicken Breast,Kg,"[{""uom"":""Kg"",""conversion_factor"":1.0}]",987969208115,FJO276737,0,12,156.25
NRD-FULL0104,Halberg Full Cream Milk Fresh 1L,"Full Cream Milk Fresh, pack: 1L. Brand Halberg. Sold per Nos.",Halberg,All Items > Frozen > Full Cream Milk,Nos,"[{""uom"":""Nos"",""conversion_factor"":1.0},{""uom"":""Carton"",""conversion_factor"":100.0}]",906848988479,HAL214325,0,3,422.3
NRD-FULL0264,Cape Bay Full Cream Milk Fresh 200ml,"Full Cream Milk Fresh, pack: 200ml. Brand Cape Bay. Sold per Nos.",Cape Bay,All Items > Frozen > Full Cream Milk,Nos,"[{""uom"":""Nos"",""conversion_factor"":1.0},{""uom"":""Carton"",""conversion_factor"":6.0}]",,,0,3,78.07
NRD-BUTT0320,Sisu Butter Unsalted Block 500g,"Butter Unsalted Block, pack: 500g. Brand Sisu. Sold per Packet.",Sisu,All Items > Frozen > Butter Unsalted,Packet,"[{""uom"":""Packet"",""conversion_factor"":1.0},{""uom"":""Carton"",""conversion_factor"":6.0}]",,,0,3,135.36
NRD-PUFF0078-OLD,Nordvik Puff Pastry Sheet 5kg,"Puff Pastry Sheet, pack: 5kg. Brand Nordvik. Sold per Packet. (superseded)",Nordvik,All Items > Frozen > Puff Pastry,Packet,"[{""uom"":""Packet"",""conversion_factor"":1.0},{""uom"":""Carton"",""conversion_factor"":100.0}]",995909787604,NOR747938,1,0,191.23
NRD-CHIC0034,Halberg Chicken Breast Diced 2kg,"Chicken Breast Diced, pack: 2kg. Brand Halberg. Sold per Kg.",Halberg,All Items > Frozen > Chicken Breast,Kg,"[{""uom"":""Kg"",""conversion_factor"":1.0}]",,,0,150,49.82
NRD-SALM0484,Golden Pantry Salmon Fillet Trim D 3kg,"Salmon Fillet Trim D, pack: 3kg. Brand Golden Pantry. Sold per Kg.",Golden Pantry,All Items > Frozen > Salmon Fillet,Kg,"[{""uom"":""Kg"",""conversion_factor"":1.0}]",929503047758,,0,40,424.91
NRD-BEEF0259-OLD,Fjordal Beef Patty 200g 48s,"Beef Patty 200g, pack: 48s. Brand Fjordal. Sold per Packet. (superseded)",Fjordal,All Items > Frozen > Beef Patty,Packet,"[{""uom"":""Packet"",""conversion_factor"":1.0},{""uom"":""Carton"",""conversion_factor"":50.0}]",,,1,0,68.21
NRD-CHIC0172,Nordvik Chicken Breast Whole 2kg,"Chicken Breast Whole, pack: 2kg. Brand Nordvik. Sold per Kg.",Nordvik,All Items > Frozen > Chicken Breast,Kg,"[{""uom"":""Kg"",""conversion_factor"":1.0}]",,NOR336859,0,0,127.83
NRD-BUTT0321,Halberg Butter Unsalted Sheet 5kg,"Butter Unsalted Sheet, pack: 5kg. Brand Halberg. Sold per Packet.",Halberg,All Items > Frozen > Butter Unsalted,Packet,"[{""uom"":""Packet"",""conversion_factor"":1.0},{""uom"":""Carton"",""conversion_factor"":10.0}]",909712535822,,0,0,12.25
NRD-BUTT0015,Nordvik Butter Unsalted Block 250g,"Butter Unsalted Block, pack: 250g. Brand Nordvik. Sold per Packet.",Nordvik,All Items > Frozen > Butter Unsalted,Packet,"[{""uom"":""Packet"",""conversion_factor"":1.0},{""uom"":""Carton"",""conversion_factor"":100.0}]",945765563535,,0,900,342.23
NRD-SALM0117,Halberg Salmon Fillet Portion 5kg,"Salmon Fillet Portion, pack: 5kg. Brand Halberg. Sold per Kg.",Halberg,All Items > Frozen > Salmon Fillet,Kg,"[{""uom"":""Kg"",""conversion_factor"":1.0}]",937911544334,HAL111330,0,0,333.78
NRD-PRAW0285,Sisu Prawn 16/20 1kg,"Prawn 16/20, pack: 1kg. Brand Sisu. Sold per Kg.",Sisu,All Items > Frozen > Prawn,Kg,"[{""uom"":""Kg"",""conversion_factor"":1.0}]",,SIS628925,0,0,391.95
NRD-BEEF0301,Nordvik Beef Patty 100g 48s,"Beef Patty 100g, pack: 48s. Brand Nordvik. Sold per Packet.",Nordvik,All Items > Frozen > Beef Patty,Packet,"[{""uom"":""Packet"",""conversion_factor"":1.0},{""uom"":""Carton"",""conversion_factor"":50.0}]",924271042782,NOR221047,0,3,122.31
NRD-MOZZ0018,Golden Pantry Mozzarella Shredded 2kg,"Mozzarella Shredded, pack: 2kg. Brand Golden Pantry. Sold per Kg.",Golden Pantry,All Items > Frozen > Mozzarella,Kg,"[{""uom"":""Kg"",""conversion_factor"":1.0}]",,GOL312051,0,3,471.32
NRD-PUFF0305,Cape Bay Puff Pastry Block 2kg,"Puff Pastry Block, pack: 2kg. Brand Cape Bay. Sold per Packet.",Cape Bay,All Items > Frozen > Puff Pastry,Packet,"[{""uom"":""Packet"",""conversion_factor"":1.0},{""uom"":""Carton"",""conversion_factor"":6.0}]",938129512713,,0,12,24.61
NRD-BEEF0317,Golden Pantry Beef Patty 100g 12s,"Beef Patty 100g, pack: 12s. Brand Golden Pantry. Sold per Packet.",Golden Pantry,All Items > Frozen > Beef Patty,Packet,"[{""uom"":""Packet"",""conversion_factor"":1.0},{""uom"":""Carton"",""conversion_factor"":6.0}]",925634386642,,0,12,387.68
NRD-PUFF0138,Halberg Puff Pastry Sheet 2kg,"Puff Pastry Sheet, pack: 2kg. Brand Halberg. Sold per Packet.",Halberg,All Items > Frozen > Puff Pastry,Packet,"[{""uom"":""Packet"",""conversion_factor"":1.0},{""uom"":""Carton"",""conversion_factor"":24.0}]",999877484937,HAL928346,0,3,224.81
NRD-PUFF0459,Halberg Puff Pastry Block 5kg,"Puff Pastry Block, pack: 5kg. Brand Halberg. Sold per Packet.",Halberg,All Items > Frozen > Puff Pastry,Packet,"[{""uom"":""Packet"",""conversion_factor"":1.0},{""uom"":""Carton"",""conversion_factor"":10.0}]",956092248683,,0,3,337.62
NRD-BUTT0271,Golden Pantry Butter Unsalted Block 500g,"Butter Unsalted Block, pack: 500g. Brand Golden Pantry. Sold per Packet.",Golden Pantry,All Items > Frozen > Butter Unsalted,Packet,"[{""uom"":""Packet"",""conversion_factor"":1.0},{""uom"":""Carton"",""conversion_factor"":50.0}]",,GOL870555,0,900,376.96
NRD-BUTT0178,Halberg Butter Unsalted Block 250g,"Butter Unsalted Block, pack: 250g. Brand Halberg. Sold per Packet.",Halberg,All Items > Frozen > Butter Unsalted,Packet,"[{""uom"":""Packet"",""conversion_factor"":1.0},{""uom"":""Carton"",""conversion_factor"":24.0}]",,,0,0,117.29
NRD-SQUI0393,Sisu Squid Ring Raw 1kg,"Squid Ring Raw, pack: 1kg. Brand Sisu. Sold per Kg.",Sisu,All Items > Frozen > Squid Ring,Kg,"[{""uom"":""Kg"",""conversion_factor"":1.0}]",,,0,900,111.29
NRD-BUTT0029,Golden Pantry Butter Unsalted Block 250g,"Butter Unsalted Block, pack: 250g. Brand Golden Pantry. Sold per Packet.",Golden Pantry,All Items > Frozen > Butter Unsalted,Packet,"[{""uom"":""Packet"",""conversion_factor"":1.0},{""uom"":""Carton"",""conversion_factor"":100.0}]",939350546303,GOL823584,0,3,300.92
NRD-FULL0177,Halberg Full Cream Milk UHT 1L,"Full Cream Milk UHT, pack: 1L. Brand Halberg. Sold per Nos.",Halberg,All Items > Frozen > Full Cream Milk,Nos,"[{""uom"":""Nos"",""conversion_factor"":1.0},{""uom"":""Carton"",""conversion_factor"":100.0}]",957040525491,,0,900,281.21
NRD-MOZZ0133,Fjordal Mozzarella Shredded 1kg,"Mozzarella Shredded, pack: 1kg. Brand Fjordal. Sold per Kg.",Fjordal,All Items > Frozen > Mozzarella,Kg,"[{""uom"":""Kg"",""conversion_factor"":1.0}]",,FJO520228,0,900,419.77
NRD-CHIC0365,Sisu Chicken Breast Strips 5kg,"Chicken Breast Strips, pack: 5kg. Brand Sisu. Sold per Kg.",Sisu,All Items > Frozen > Chicken Breast,Kg,"[{""uom"":""Kg"",""conversion_factor"":1.0}]",,SIS978238,0,3,185.51
NRD-POTA0157,Fjordal Potato Fries Crinkle 2.5kg,"Potato Fries Crinkle, pack: 2.5kg. Brand Fjordal. Sold per Packet.",Fjordal,All Items > Frozen > Potato Fries,Packet,"[{""uom"":""Packet"",""conversion_factor"":1.0},{""uom"":""Carton"",""conversion_factor"":24.0}]",968046215692,FJO171622,0,900,296.02
NRD-SALM0398,Sisu Salmon Fillet Trim D 1kg,"Salmon Fillet Trim D, pack: 1kg. Brand Sisu. Sold per Kg.",Sisu,All Items > Frozen > Salmon Fillet,Kg,"[{""uom"":""Kg"",""conversion_factor"":1.0}]",902719415506,,0,0,86.64
NRD-MISC003,MISC CHARGE,,,All Items > Frozen > Misc,Nos,"[{""uom"": ""Nos"", ""conversion_factor"": 1.0}]",,,0,0,0.0
NRD-PUFF0068,Sisu Puff Pastry Block 5kg,"Puff Pastry Block, pack: 5kg. Brand Sisu. Sold per Packet.",Sisu,All Items > Frozen > Puff Pastry,Packet,"[{""uom"":""Packet"",""conversion_factor"":1.0},{""uom"":""Carton"",""conversion_factor"":50.0}]",977904581315,,0,0,130.66
NRD-PUFF0492,Golden Pantry Puff Pastry Block 2kg,"Puff Pastry Block, pack: 2kg. Brand Golden Pantry. Sold per Packet.",Golden Pantry,All Items > Frozen > Puff Pastry,Packet,"[{""uom"":""Packet"",""conversion_factor"":1.0},{""uom"":""Carton"",""conversion_factor"":6.0}]",993232129533,,0,3,434.64
NRD-POTA0146,Golden Pantry Potato Fries Wedge 2.5kg,"Potato Fries Wedge, pack: 2.5kg. Brand Golden Pantry. Sold per Packet.",Golden Pantry,All Items > Frozen > Potato Fries,Packet,"[{""uom"":""Packet"",""conversion_factor"":1.0},{""uom"":""Carton"",""conversion_factor"":6.0}]",973216850633,,0,40,378.63
NRD-SALM0095,Golden Pantry Salmon Fillet Portion 5kg,"Salmon Fillet Portion, pack: 5kg. Brand Golden Pantry. Sold per Kg.",Golden Pantry,All Items > Frozen > Salmon Fillet,Kg,"[{""uom"":""Kg"",""conversion_factor"":1.0}]",,,0,12,16.91
NRD-VANI0378,Fjordal Vanilla Ice Cream Cone 6s,"Vanilla Ice Cream Cone, pack: 6s. Brand Fjordal. Sold per Nos.",Fjordal,All Items > Frozen > Vanilla Ice Cream,Nos,"[{""uom"":""Nos"",""conversion_factor"":1.0},{""uom"":""Carton"",""conversion_factor"":10.0}]",,FJO756544,0,3,123.41
NRD-FULL0024,Sisu Full Cream Milk UHT 200ml,"Full Cream Milk UHT, pack: 200ml. Brand Sisu. Sold per Nos.",Sisu,All Items > Frozen > Full Cream Milk,Nos,"[{""uom"":""Nos"",""conversion_factor"":1.0},{""uom"":""Carton"",""conversion_factor"":12.0}]",,,0,900,357.09
NRD-BEEF0235,Nordvik Beef Patty 150g 12s,"Beef Patty 150g, pack: 12s. Brand Nordvik. Sold per Packet.",Nordvik,All Items > Frozen > Beef Patty,Packet,"[{""uom"":""Packet"",""conversion_factor"":1.0},{""uom"":""Carton"",""conversion_factor"":50.0}]",,NOR918673,0,40,413.68
NRD-BEEF0395,Fjordal Beef Patty 100g 12s,"Beef Patty 100g, pack: 12s. Brand Fjordal. Sold per Packet.",Fjordal,All Items > Frozen > Beef Patty,Packet,"[{""uom"":""Packet"",""conversion_factor"":1.0},{""uom"":""Carton"",""conversion_factor"":24.0}]",,,0,12,323.47
NRD-VANI0332,Cape Bay Vanilla Ice Cream Cone 6s,"Vanilla Ice Cream Cone, pack: 6s. Brand Cape Bay. Sold per Nos.",Cape Bay,All Items > Frozen > Vanilla Ice Cream,Nos,"[{""uom"":""Nos"",""conversion_factor"":1.0},{""uom"":""Carton"",""conversion_factor"":6.0}]",935164655186,CAP655056,0,150,10.78
NRD-SALM0331,Sisu Salmon Fillet Trim D 5kg,"Salmon Fillet Trim D, pack: 5kg. Brand Sisu. Sold per Kg.",Sisu,All Items > Frozen > Salmon Fillet,Kg,"[{""uom"":""Kg"",""conversion_factor"":1.0}]",,,0,150,186.4
NRD-SALM0413,Sisu Salmon Fillet Trim D 3kg,"Salmon Fillet Trim D, pack: 3kg. Brand Sisu. Sold per Kg.",Sisu,All Items > Frozen > Salmon Fillet,Kg,"[{""uom"":""Kg"",""conversion_factor"":1.0}]",954753485179,,0,900,152.74
NRD-CHIC0253-OLD,Nordvik Chicken Breast Diced 5kg,"Chicken Breast Diced, pack: 5kg. Brand Nordvik. Sold per Kg. (superseded)",Nordvik,All Items > Frozen > Chicken Breast,Kg,"[{""uom"":""Kg"",""conversion_factor"":1.0}]",,NOR976911,1,0,408.37
NRD-FULL0174B,Golden Pantry Full Cream Milk UHT 200ml (Bulk),"Full Cream Milk UHT, pack: 200ml. Brand Golden Pantry. Sold per Nos.",Golden Pantry,All Items > Frozen > Full Cream Milk,Nos,"[{""uom"":""Nos"",""conversion_factor"":1.0},{""uom"":""Carton"",""conversion_factor"":144.0}]",973863540740,,0,40,85.42
NRD-BEEF0016,Sisu Beef Patty 100g 12s,"Beef Patty 100g, pack: 12s. Brand Sisu. Sold per Packet.",Sisu,All Items > Frozen > Beef Patty,Packet,"[{""uom"":""Packet"",""conversion_factor"":1.0},{""uom"":""Carton"",""conversion_factor"":100.0}]",,,0,0,237.45
NRD-SQUI0252,Golden Pantry Squid Ring Breaded 1kg,"Squid Ring Breaded, pack: 1kg. Brand Golden Pantry. Sold per Kg.",Golden Pantry,All Items > Frozen > Squid Ring,Kg,"[{""uom"":""Kg"",""conversion_factor"":1.0}]",991005765279,,0,12,158.59
NRD-BEEF0407,Nordvik Beef Patty 150g 48s,"Beef Patty 150g, pack: 48s. Brand Nordvik. Sold per Packet.",Nordvik,All Items > Frozen > Beef Patty,Packet,"[{""uom"":""Packet"",""conversion_factor"":1.0},{""uom"":""Carton"",""conversion_factor"":10.0}]",,,0,0,216.92
NRD-VANI0288,Halberg Vanilla Ice Cream Tub 6s,"Vanilla Ice Cream Tub, pack: 6s. Brand Halberg. Sold per Nos.",Halberg,All Items > Frozen > Vanilla Ice Cream,Nos,"[{""uom"":""Nos"",""conversion_factor"":1.0},{""uom"":""Carton"",""conversion_factor"":6.0}]",943001910903,,0,900,237.59
NRD-PUFF0222,Sisu Puff Pastry Sheet 5kg,"Puff Pastry Sheet, pack: 5kg. Brand Sisu. Sold per Packet.",Sisu,All Items > Frozen > Puff Pastry,Packet,"[{""uom"":""Packet"",""conversion_factor"":1.0},{""uom"":""Carton"",""conversion_factor"":24.0}]",932377580839,SIS925288,0,900,304.63
NRD-PUFF0367,Sisu Puff Pastry Sheet 1kg,"Puff Pastry Sheet, pack: 1kg. Brand Sisu. Sold per Packet.",Sisu,All Items > Frozen > Puff Pastry,Packet,"[{""uom"":""Packet"",""conversion_factor"":1.0},{""uom"":""Carton"",""conversion_factor"":100.0}]",922841072115,,0,3,227.08
NRD-SALM0489,Fjordal Salmon Fillet Side 1kg,"Salmon Fillet Side, pack: 1kg. Brand Fjordal. Sold per Kg.",Fjordal,All Items > Frozen > Salmon Fillet,Kg,"[{""uom"":""Kg"",""conversion_factor"":1.0}]",978604447168,FJO327871,0,40,376.92
NRD-VANI0479,Fjordal Vanilla Ice Cream Tub 6s,"Vanilla Ice Cream Tub, pack: 6s. Brand Fjordal. Sold per Nos.",Fjordal,All Items > Frozen > Vanilla Ice Cream,Nos,"[{""uom"":""Nos"",""conversion_factor"":1.0},{""uom"":""Carton"",""conversion_factor"":100.0}]",942903425360,,0,0,232.23
NRD-CHIC0329,Cape Bay Chicken Breast Strips 5kg,"Chicken Breast Strips, pack: 5kg. Brand Cape Bay. Sold per Kg.",Cape Bay,All Items > Frozen > Chicken Breast,Kg,"[{""uom"":""Kg"",""conversion_factor"":1.0}]",987402017720,,0,150,296.95
NRD-BEEF0255,Sisu Beef Patty 150g 12s,"Beef Patty 150g, pack: 12s. Brand Sisu. Sold per Packet.",Sisu,All Items > Frozen > Beef Patty,Packet,"[{""uom"":""Packet"",""conversion_factor"":1.0},{""uom"":""Carton"",""conversion_factor"":10.0}]",,,0,3,293.04
NRD-PUFF0244,Cape Bay Puff Pastry Sheet 2kg,"Puff Pastry Sheet, pack: 2kg. Brand Cape Bay. Sold per Packet.",Cape Bay,All Items > Frozen > Puff Pastry,Packet,"[{""uom"":""Packet"",""conversion_factor"":1.0},{""uom"":""Carton"",""conversion_factor"":50.0}]",909234314827,CAP184855,0,0,253.08
NRD-SALM0457,Sisu Salmon Fillet Side 5kg,"Salmon Fillet Side, pack: 5kg. Brand Sisu. Sold per Kg.",Sisu,All Items > Frozen > Salmon Fillet,Kg,"[{""uom"":""Kg"",""conversion_factor"":1.0}]",933163628434,,0,0,148.56
NRD-CHIC0184,Halberg Chicken Breast Whole 5kg,"Chicken Breast Whole, pack: 5kg. Brand Halberg. Sold per Kg.",Halberg,All Items > Frozen > Chicken Breast,Kg,"[{""uom"":""Kg"",""conversion_factor"":1.0}]",901561126517,,0,0,457.85
NRD-FULL0280,Fjordal Full Cream Milk UHT 200ml,"Full Cream Milk UHT, pack: 200ml. Brand Fjordal. Sold per Nos.",Fjordal,All Items > Frozen > Full Cream Milk,Nos,"[{""uom"":""Nos"",""conversion_factor"":1.0},{""uom"":""Carton"",""conversion_factor"":24.0}]",940459851552,FJO297786,0,40,374.97
NRD-BEEF0355,Golden Pantry Beef Patty 100g 48s,"Beef Patty 100g, pack: 48s. Brand Golden Pantry. Sold per Packet.",Golden Pantry,All Items > Frozen > Beef Patty,Packet,"[{""uom"":""Packet"",""conversion_factor"":1.0},{""uom"":""Carton"",""conversion_factor"":100.0}]",918357190953,,0,3,286.48
NRD-CHIC0239,Cape Bay Chicken Breast Diced 5kg,"Chicken Breast Diced, pack: 5kg. Brand Cape Bay. Sold per Kg.",Cape Bay,All Items > Frozen > Chicken Breast,Kg,"[{""uom"":""Kg"",""conversion_factor"":1.0}]",962055513578,,0,12,151.99
NRD-PRAW0362,Cape Bay Prawn 21/25 1kg,"Prawn 21/25, pack: 1kg. Brand Cape Bay. Sold per Kg.",Cape Bay,All Items > Frozen > Prawn,Kg,"[{""uom"":""Kg"",""conversion_factor"":1.0}]",903695055528,CAP014241,0,0,229.68
NRD-POTA0156-OLD,Halberg Potato Fries 10mm 1kg,"Potato Fries 10mm, pack: 1kg. Brand Halberg. Sold per Packet. (superseded)",Halberg,All Items > Frozen > Potato Fries,Packet,"[{""uom"":""Packet"",""conversion_factor"":1.0},{""uom"":""Carton"",""conversion_factor"":100.0}]",,HAL442720,1,0,7.8
NRD-BUTT0194,Halberg Butter Unsalted Block 5kg,"Butter Unsalted Block, pack: 5kg. Brand Halberg. Sold per Packet.",Halberg,All Items > Frozen > Butter Unsalted,Packet,"[{""uom"":""Packet"",""conversion_factor"":1.0},{""uom"":""Carton"",""conversion_factor"":24.0}]",,HAL440904,0,0,303.58
NRD-BUTT0088,Nordvik Butter Unsalted Sheet 5kg,"Butter Unsalted Sheet, pack: 5kg. Brand Nordvik. Sold per Packet.",Nordvik,All Items > Frozen > Butter Unsalted,Packet,"[{""uom"":""Packet"",""conversion_factor"":1.0},{""uom"":""Carton"",""conversion_factor"":24.0}]",955024793517,,0,12,157.59
NRD-WHIP0330,Fjordal Whipping Cream 35% 1L,"Whipping Cream 35%, pack: 1L. Brand Fjordal. Sold per Nos.",Fjordal,All Items > Frozen > Whipping Cream,Nos,"[{""uom"":""Nos"",""conversion_factor"":1.0},{""uom"":""Carton"",""conversion_factor"":6.0}]",,FJO159950,0,40,362.8
NRD-VANI0283,Cape Bay Vanilla Ice Cream Tub 4L,"Vanilla Ice Cream Tub, pack: 4L. Brand Cape Bay. Sold per Nos.",Cape Bay,All Items > Frozen > Vanilla Ice Cream,Nos,"[{""uom"":""Nos"",""conversion_factor"":1.0},{""uom"":""Carton"",""conversion_factor"":12.0}]",951217034200,,0,40,343.08
NRD-MOZZ0181,Nordvik Mozzarella Diced 1kg,"Mozzarella Diced, pack: 1kg. Brand Nordvik. Sold per Kg.",Nordvik,All Items > Frozen > Mozzarella,Kg,"[{""uom"":""Kg"",""conversion_factor"":1.0}]",,NOR652602,0,12,361.48
NRD-BEEF0209,Nordvik Beef Patty 200g 12s,"Beef Patty 200g, pack: 12s. Brand Nordvik. Sold per Packet.",Nordvik,All Items > Frozen > Beef Patty,Packet,"[{""uom"":""Packet"",""conversion_factor"":1.0},{""uom"":""Carton"",""conversion_factor"":10.0}]",,,0,12,47.09
NRD-PRAW0141,Halberg Prawn 16/20 1kg,"Prawn 16/20, pack: 1kg. Brand Halberg. Sold per Kg.",Halberg,All Items > Frozen > Prawn,Kg,"[{""uom"":""Kg"",""conversion_factor"":1.0}]",917718918232,,0,0,22.16
NRD-CHIC0372,Golden Pantry Chicken Breast Diced 2kg,"Chicken Breast Diced, pack: 2kg. Brand Golden Pantry. Sold per Kg.",Golden Pantry,All Items > Frozen > Chicken Breast,Kg,"[{""uom"":""Kg"",""conversion_factor"":1.0}]",,,0,0,2.38
NRD-MISC000,OPENING BALANCE,,,All Items > Frozen > Misc,Nos,"[{""uom"": ""Nos"", ""conversion_factor"": 1.0}]",,,0,0,0.0
NRD-SALM0251,Halberg Salmon Fillet Side 5kg,"Salmon Fillet Side, pack: 5kg. Brand Halberg. Sold per Kg.",Halberg,All Items > Frozen > Salmon Fillet,Kg,"[{""uom"":""Kg"",""conversion_factor"":1.0}]",982934241074,,0,40,337.04
NRD-VANI0243,Fjordal Vanilla Ice Cream Tub 1L,"Vanilla Ice Cream Tub, pack: 1L. Brand Fjordal. Sold per Nos.",Fjordal,All Items > Frozen > Vanilla Ice Cream,Nos,"[{""uom"":""Nos"",""conversion_factor"":1.0},{""uom"":""Carton"",""conversion_factor"":6.0}]",983242044087,FJO965242,0,12,361.36
NRD-POTA0377,Cape Bay Potato Fries Wedge 2.5kg,"Potato Fries Wedge, pack: 2.5kg. Brand Cape Bay. Sold per Packet.",Cape Bay,All Items > Frozen > Potato Fries,Packet,"[{""uom"":""Packet"",""conversion_factor"":1.0},{""uom"":""Carton"",""conversion_factor"":24.0}]",,CAP626741,0,900,115.49
NRD-CHIC0289,Golden Pantry Chicken Breast Whole 1kg,"Chicken Breast Whole, pack: 1kg. Brand Golden Pantry. Sold per Kg.",Golden Pantry,All Items > Frozen > Chicken Breast,Kg,"[{""uom"":""Kg"",""conversion_factor"":1.0}]",,GOL327921,0,0,154.25
NRD-POTA0293,Halberg Potato Fries 10mm 2.5kg,"Potato Fries 10mm, pack: 2.5kg. Brand Halberg. Sold per Packet.",Halberg,All Items > Frozen > Potato Fries,Packet,"[{""uom"":""Packet"",""conversion_factor"":1.0},{""uom"":""Carton"",""conversion_factor"":12.0}]",916919249161,,0,150,78.78
NRD-VANI0066,Sisu Vanilla Ice Cream Tub 6s,"Vanilla Ice Cream Tub, pack: 6s. Brand Sisu. Sold per Nos.",Sisu,All Items > Frozen > Vanilla Ice Cream,Nos,"[{""uom"":""Nos"",""conversion_factor"":1.0},{""uom"":""Carton"",""conversion_factor"":12.0}]",,SIS728774,0,0,34.86
NRD-POTA0017,Sisu Potato Fries 10mm 1kg,"Potato Fries 10mm, pack: 1kg. Brand Sisu. Sold per Packet.",Sisu,All Items > Frozen > Potato Fries,Packet,"[{""uom"":""Packet"",""conversion_factor"":1.0},{""uom"":""Carton"",""conversion_factor"":100.0}]",,SIS548419,0,40,145.43
NRD-SALM0482,Sisu Salmon Fillet Side 3kg,"Salmon Fillet Side, pack: 3kg. Brand Sisu. Sold per Kg.",Sisu,All Items > Frozen > Salmon Fillet,Kg,"[{""uom"":""Kg"",""conversion_factor"":1.0}]",969671921759,,0,12,374.6
NRD-FULL0182,Fjordal Full Cream Milk UHT 2L,"Full Cream Milk UHT, pack: 2L. Brand Fjordal. Sold per Nos.",Fjordal,All Items > Frozen > Full Cream Milk,Nos,"[{""uom"":""Nos"",""conversion_factor"":1.0},{""uom"":""Carton"",""conversion_factor"":10.0}]",946730844277,FJO375078,0,900,464.78
NRD-VANI0257,Golden Pantry Vanilla Ice Cream Cone 4L,"Vanilla Ice Cream Cone, pack: 4L. Brand Golden Pantry. Sold per Nos.",Golden Pantry,All Items > Frozen > Vanilla Ice Cream,Nos,"[{""uom"":""Nos"",""conversion_factor"":1.0},{""uom"":""Carton"",""conversion_factor"":12.0}]",993828991825,GOL399142,0,0,299.42
NRD-BEEF0007,Cape Bay Beef Patty 100g 12s,"Beef Patty 100g, pack: 12s. Brand Cape Bay. Sold per Packet.",Cape Bay,All Items > Frozen > Beef Patty,Packet,"[{""uom"":""Packet"",""conversion_factor"":1.0},{""uom"":""Carton"",""conversion_factor"":100.0}]",943828583676,,0,0,143.22
NRD-SALM0079,Golden Pantry Salmon Fillet Side 1kg,"Salmon Fillet Side, pack: 1kg. Brand Golden Pantry. Sold per Kg.",Golden Pantry,All Items > Frozen > Salmon Fillet,Kg,"[{""uom"":""Kg"",""conversion_factor"":1.0}]",,GOL500901,0,900,235.86
NRD-BEEF0259,Fjordal Beef Patty 200g 48s,"Beef Patty 200g, pack: 48s. Brand Fjordal. Sold per Packet.",Fjordal,All Items > Frozen > Beef Patty,Packet,"[{""uom"":""Packet"",""conversion_factor"":1.0},{""uom"":""Carton"",""conversion_factor"":50.0}]",,,0,40,68.21
NRD-PUFF0429,Cape Bay Puff Pastry Sheet 5kg,"Puff Pastry Sheet, pack: 5kg. Brand Cape Bay. Sold per Packet.",Cape Bay,All Items > Frozen > Puff Pastry,Packet,"[{""uom"":""Packet"",""conversion_factor"":1.0},{""uom"":""Carton"",""conversion_factor"":6.0}]",950741596781,CAP485223,0,40,81.0
NRD-PRAW0013-OLD,Fjordal Prawn 21/25 2kg,"Prawn 21/25, pack: 2kg. Brand Fjordal. Sold per Kg. (superseded)",Fjordal,All Items > Frozen > Prawn,Kg,"[{""uom"":""Kg"",""conversion_factor"":1.0}]",989611008406,,1,0,57.29
NRD-WHIP0334B,Sisu Whipping Cream 38% 1L (Bulk),"Whipping Cream 38%, pack: 1L. Brand Sisu. Sold per Nos.",Sisu,All Items > Frozen > Whipping Cream,Nos,"[{""uom"":""Nos"",""conversion_factor"":1.0},{""uom"":""Carton"",""conversion_factor"":144.0}]",,,0,3,109.25
NRD-CHIC0310,Golden Pantry Chicken Breast Strips 1kg,"Chicken Breast Strips, pack: 1kg. Brand Golden Pantry. Sold per Kg.",Golden Pantry,All Items > Frozen > Chicken Breast,Kg,"[{""uom"":""Kg"",""conversion_factor"":1.0}]",,,0,0,88.72
NRD-CHIC0360,Nordvik Chicken Breast Diced 2kg,"Chicken Breast Diced, pack: 2kg. Brand Nordvik. Sold per Kg.",Nordvik,All Items > Frozen > Chicken Breast,Kg,"[{""uom"":""Kg"",""conversion_factor"":1.0}]",981604350130,,0,40,88.79
NRD-CHIC0437,Golden Pantry Chicken Breast Strips 5kg,"Chicken Breast Strips, pack: 5kg. Brand Golden Pantry. Sold per Kg.",Golden Pantry,All Items > Frozen > Chicken Breast,Kg,"[{""uom"":""Kg"",""conversion_factor"":1.0}]",,GOL824260,0,900,386.64
NRD-VANI0213,Nordvik Vanilla Ice Cream Tub 4L,"Vanilla Ice Cream Tub, pack: 4L. Brand Nordvik. Sold per Nos.",Nordvik,All Items > Frozen > Vanilla Ice Cream,Nos,"[{""uom"":""Nos"",""conversion_factor"":1.0},{""uom"":""Carton"",""conversion_factor"":50.0}]",940862507119,NOR323079,0,12,215.11
NRD-BUTT0262,Cape Bay Butter Unsalted Block 250g,"Butter Unsalted Block, pack: 250g. Brand Cape Bay. Sold per Packet.",Cape Bay,All Items > Frozen > Butter Unsalted,Packet,"[{""uom"":""Packet"",""conversion_factor"":1.0},{""uom"":""Carton"",""conversion_factor"":10.0}]",966993451688,CAP761300,0,3,328.66
NRD-BEEF0368,Sisu Beef Patty 200g 48s,"Beef Patty 200g, pack: 48s. Brand Sisu. Sold per Packet.",Sisu,All Items > Frozen > Beef Patty,Packet,"[{""uom"":""Packet"",""conversion_factor"":1.0},{""uom"":""Carton"",""conversion_factor"":100.0}]",,,0,3,432.15
NRD-FULL0456,Cape Bay Full Cream Milk UHT 200ml,"Full Cream Milk UHT, pack: 200ml. Brand Cape Bay. Sold per Nos.",Cape Bay,All Items > Frozen > Full Cream Milk,Nos,"[{""uom"":""Nos"",""conversion_factor"":1.0},{""uom"":""Carton"",""conversion_factor"":24.0}]",,CAP774488,0,3,390.61
NRD-BUTT0183,Nordvik Butter Unsalted Sheet 500g,"Butter Unsalted Sheet, pack: 500g. Brand Nordvik. Sold per Packet.",Nordvik,All Items > Frozen > Butter Unsalted,Packet,"[{""uom"":""Packet"",""conversion_factor"":1.0},{""uom"":""Carton"",""conversion_factor"":12.0}]",,,0,900,188.51
NRD-BEEF0187,Golden Pantry Beef Patty 150g 12s,"Beef Patty 150g, pack: 12s. Brand Golden Pantry. Sold per Packet.",Golden Pantry,All Items > Frozen > Beef Patty,Packet,"[{""uom"":""Packet"",""conversion_factor"":1.0},{""uom"":""Carton"",""conversion_factor"":50.0}]",914820660661,GOL109964,0,150,218.83
NRD-VANI0403,Halberg Vanilla Ice Cream Tub 1L,"Vanilla Ice Cream Tub, pack: 1L. Brand Halberg. Sold per Nos.",Halberg,All Items > Frozen > Vanilla Ice Cream,Nos,"[{""uom"":""Nos"",""conversion_factor"":1.0},{""uom"":""Carton"",""conversion_factor"":10.0}]",951421382258,,0,3,386.48
NRD-FULL0323,Cape Bay Full Cream Milk UHT 1L,"Full Cream Milk UHT, pack: 1L. Brand Cape Bay. Sold per Nos.",Cape Bay,All Items > Frozen > Full Cream Milk,Nos,"[{""uom"":""Nos"",""conversion_factor"":1.0},{""uom"":""Carton"",""conversion_factor"":24.0}]",,,0,0,366.05
NRD-BUTT0090,Fjordal Butter Unsalted Block 500g,"Butter Unsalted Block, pack: 500g. Brand Fjordal. Sold per Packet.",Fjordal,All Items > Frozen > Butter Unsalted,Packet,"[{""uom"":""Packet"",""conversion_factor"":1.0},{""uom"":""Carton"",""conversion_factor"":12.0}]",,,0,0,146.88
NRD-PUFF0085,Nordvik Puff Pastry Sheet 1kg,"Puff Pastry Sheet, pack: 1kg. Brand Nordvik. Sold per Packet.",Nordvik,All Items > Frozen > Puff Pastry,Packet,"[{""uom"":""Packet"",""conversion_factor"":1.0},{""uom"":""Carton"",""conversion_factor"":6.0}]",905107989185,,0,150,418.86
NRD-POTA0192,Sisu Potato Fries Crinkle 1kg,"Potato Fries Crinkle, pack: 1kg. Brand Sisu. Sold per Packet.",Sisu,All Items > Frozen > Potato Fries,Packet,"[{""uom"":""Packet"",""conversion_factor"":1.0},{""uom"":""Carton"",""conversion_factor"":10.0}]",997753742700,SIS526863,0,900,419.17
NRD-VANI0191,Fjordal Vanilla Ice Cream Cone 1L,"Vanilla Ice Cream Cone, pack: 1L. Brand Fjordal. Sold per Nos.",Fjordal,All Items > Frozen > Vanilla Ice Cream,Nos,"[{""uom"":""Nos"",""conversion_factor"":1.0},{""uom"":""Carton"",""conversion_factor"":12.0}]",,,0,900,341.14
NRD-BUTT0108,Golden Pantry Butter Unsalted Block 5kg,"Butter Unsalted Block, pack: 5kg. Brand Golden Pantry. Sold per Packet.",Golden Pantry,All Items > Frozen > Butter Unsalted,Packet,"[{""uom"":""Packet"",""conversion_factor"":1.0},{""uom"":""Carton"",""conversion_factor"":12.0}]",928840075550,,0,0,69.62
NRD-SALM0074,Cape Bay Salmon Fillet Side 5kg,"Salmon Fillet Side, pack: 5kg. Brand Cape Bay. Sold per Kg.",Cape Bay,All Items > Frozen > Salmon Fillet,Kg,"[{""uom"":""Kg"",""conversion_factor"":1.0}]",991504912084,,0,3,98.78
NRD-SALM0414,Nordvik Salmon Fillet Portion 3kg,"Salmon Fillet Portion, pack: 3kg. Brand Nordvik. Sold per Kg.",Nordvik,All Items > Frozen > Salmon Fillet,Kg,"[{""uom"":""Kg"",""conversion_factor"":1.0}]",,NOR340350,0,3,176.79
NRD-MOZZ0357,Nordvik Mozzarella Block 1kg,"Mozzarella Block, pack: 1kg. Brand Nordvik. Sold per Kg.",Nordvik,All Items > Frozen > Mozzarella,Kg,"[{""uom"":""Kg"",""conversion_factor"":1.0}]",914887099891,NOR215085,0,3,276.98
NRD-BEEF0228,Sisu Beef Patty 150g 24s,"Beef Patty 150g, pack: 24s. Brand Sisu. Sold per Packet.",Sisu,All Items > Frozen > Beef Patty,Packet,"[{""uom"":""Packet"",""conversion_factor"":1.0},{""uom"":""Carton"",""conversion_factor"":24.0}]",,,0,150,441.33
NRD-MOZZ0346,Fjordal Mozzarella Diced 1kg,"Mozzarella Diced, pack: 1kg. Brand Fjordal. Sold per Kg.",Fjordal,All Items > Frozen > Mozzarella,Kg,"[{""uom"":""Kg"",""conversion_factor"":1.0}]",975819578266,FJO350109,0,40,176.89
NRD-POTA0474,Sisu Potato Fries 7mm 2.5kg,"Potato Fries 7mm, pack: 2.5kg. Brand Sisu. Sold per Packet.",Sisu,All Items > Frozen > Potato Fries,Packet,"[{""uom"":""Packet"",""conversion_factor"":1.0},{""uom"":""Carton"",""conversion_factor"":12.0}]",,SIS341553,0,900,126.26
NRD-PRAW0025,Cape Bay Prawn 16/20 1kg,"Prawn 16/20, pack: 1kg. Brand Cape Bay. Sold per Kg.",Cape Bay,All Items > Frozen > Prawn,Kg,"[{""uom"":""Kg"",""conversion_factor"":1.0}]",902958717603,,0,0,49.18
NRD-BUTT0047,Nordvik Butter Unsalted Sheet 250g,"Butter Unsalted Sheet, pack: 250g. Brand Nordvik. Sold per Packet.",Nordvik,All Items > Frozen > Butter Unsalted,Packet,"[{""uom"":""Packet"",""conversion_factor"":1.0},{""uom"":""Carton"",""conversion_factor"":6.0}]",,NOR862453,0,0,1.71
NRD-PRAW0308,Halberg Prawn 21/25 1kg,"Prawn 21/25, pack: 1kg. Brand Halberg. Sold per Kg.",Halberg,All Items > Frozen > Prawn,Kg,"[{""uom"":""Kg"",""conversion_factor"":1.0}]",950507832316,,0,40,135.44
NRD-VANI0012,Halberg Vanilla Ice Cream Cone 1L,"Vanilla Ice Cream Cone, pack: 1L. Brand Halberg. Sold per Nos.",Halberg,All Items > Frozen > Vanilla Ice Cream,Nos,"[{""uom"":""Nos"",""conversion_factor"":1.0},{""uom"":""Carton"",""conversion_factor"":24.0}]",967839223444,HAL604468,0,0,110.45
NRD-FULL0417,Sisu Full Cream Milk Fresh 1L,"Full Cream Milk Fresh, pack: 1L. Brand Sisu. Sold per Nos.",Sisu,All Items > Frozen > Full Cream Milk,Nos,"[{""uom"":""Nos"",""conversion_factor"":1.0},{""uom"":""Carton"",""conversion_factor"":6.0}]",950933986928,SIS144993,0,900,112.85
NRD-SALM0154,Cape Bay Salmon Fillet Trim D 5kg,"Salmon Fillet Trim D, pack: 5kg. Brand Cape Bay. Sold per Kg.",Cape Bay,All Items > Frozen > Salmon Fillet,Kg,"[{""uom"":""Kg"",""conversion_factor"":1.0}]",967521831617,CAP066326,0,0,377.76
NRD-VANI0327-OLD,Fjordal Vanilla Ice Cream Tub 4L,"Vanilla Ice Cream Tub, pack: 4L. Brand Fjordal. Sold per Nos. (superseded)",Fjordal,All Items > Frozen > Vanilla Ice Cream,Nos,"[{""uom"":""Nos"",""conversion_factor"":1.0},{""uom"":""Carton"",""conversion_factor"":100.0}]",,,1,0,228.07
NRD-VANI0045,Halberg Vanilla Ice Cream Tub 4L,"Vanilla Ice Cream Tub, pack: 4L. Brand Halberg. Sold per Nos.",Halberg,All Items > Frozen > Vanilla Ice Cream,Nos,"[{""uom"":""Nos"",""conversion_factor"":1.0},{""uom"":""Carton"",""conversion_factor"":100.0}]",965490127955,,0,0,16.12
NRD-BEEF0467,Fjordal Beef Patty 150g 12s,"Beef Patty 150g, pack: 12s. Brand Fjordal. Sold per Packet.",Fjordal,All Items > Frozen > Beef Patty,Packet,"[{""uom"":""Packet"",""conversion_factor"":1.0},{""uom"":""Carton"",""conversion_factor"":12.0}]",,,0,40,8.01
NRD-SQUI0149,Golden Pantry Squid Ring Raw 2kg,"Squid Ring Raw, pack: 2kg. Brand Golden Pantry. Sold per Kg.",Golden Pantry,All Items > Frozen > Squid Ring,Kg,"[{""uom"":""Kg"",""conversion_factor"":1.0}]",,,0,40,210.92
NRD-BEEF0279,Halberg Beef Patty 200g 24s,"Beef Patty 200g, pack: 24s. Brand Halberg. Sold per Packet.",Halberg,All Items > Frozen > Beef Patty,Packet,"[{""uom"":""Packet"",""conversion_factor"":1.0},{""uom"":""Carton"",""conversion_factor"":100.0}]",940019287107,HAL287583,0,150,355.97
NRD-POTA0234,Golden Pantry Potato Fries Wedge 1kg,"Potato Fries Wedge, pack: 1kg. Brand Golden Pantry. Sold per Packet.",Golden Pantry,All Items > Frozen > Potato Fries,Packet,"[{""uom"":""Packet"",""conversion_factor"":1.0},{""uom"":""Carton"",""conversion_factor"":6.0}]",,GOL680384,0,3,310.33
NRD-MOZZ0483,Nordvik Mozzarella Diced 2kg,"Mozzarella Diced, pack: 2kg. Brand Nordvik. Sold per Kg.",Nordvik,All Items > Frozen > Mozzarella,Kg,"[{""uom"":""Kg"",""conversion_factor"":1.0}]",973031783870,NOR917608,0,3,55.26
NRD-CHIC0248,Sisu Chicken Breast Whole 5kg,"Chicken Breast Whole, pack: 5kg. Brand Sisu. Sold per Kg.",Sisu,All Items > Frozen > Chicken Breast,Kg,"[{""uom"":""Kg"",""conversion_factor"":1.0}]",,,0,900,359.39
NRD-SALM0319,Cape Bay Salmon Fillet Side 3kg,"Salmon Fillet Side, pack: 3kg. Brand Cape Bay. Sold per Kg.",Cape Bay,All Items > Frozen > Salmon Fillet,Kg,"[{""uom"":""Kg"",""conversion_factor"":1.0}]",908910541605,,0,150,370.25
NRD-POTA0039,Nordvik Potato Fries Crinkle 1kg,"Potato Fries Crinkle, pack: 1kg. Brand Nordvik. Sold per Packet.",Nordvik,All Items > Frozen > Potato Fries,Packet,"[{""uom"":""Packet"",""conversion_factor"":1.0},{""uom"":""Carton"",""conversion_factor"":24.0}]",,,0,12,407.54
NRD-MISC001,DELIVERY FEE,,,All Items > Frozen > Misc,Nos,"[{""uom"": ""Nos"", ""conversion_factor"": 1.0}]",,,0,0,0.0
NRD-PUFF0340,Halberg Puff Pastry Sheet 5kg,"Puff Pastry Sheet, pack: 5kg. Brand Halberg. Sold per Packet.",Halberg,All Items > Frozen > Puff Pastry,Packet,"[{""uom"":""Packet"",""conversion_factor"":1.0},{""uom"":""Carton"",""conversion_factor"":24.0}]",,,0,3,243.78
NRD-SALM0064,Sisu Salmon Fillet Portion 1kg,"Salmon Fillet Portion, pack: 1kg. Brand Sisu. Sold per Kg.",Sisu,All Items > Frozen > Salmon Fillet,Kg,"[{""uom"":""Kg"",""conversion_factor"":1.0}]",995067535618,,0,900,426.31
NRD-PRAW0210,Halberg Prawn 31/40 2kg,"Prawn 31/40, pack: 2kg. Brand Halberg. Sold per Kg.",Halberg,All Items > Frozen > Prawn,Kg,"[{""uom"":""Kg"",""conversion_factor"":1.0}]",,HAL382232,0,0,303.35
NRD-PUFF0453,Cape Bay Puff Pastry Sheet 1kg,"Puff Pastry Sheet, pack: 1kg. Brand Cape Bay. Sold per Packet.",Cape Bay,All Items > Frozen > Puff Pastry,Packet,"[{""uom"":""Packet"",""conversion_factor"":1.0},{""uom"":""Carton"",""conversion_factor"":10.0}]",,CAP470445,0,12,334.41
NRD-BEEF0091,Sisu Beef Patty 200g 12s,"Beef Patty 200g, pack: 12s. Brand Sisu. Sold per Packet.",Sisu,All Items > Frozen > Beef Patty,Packet,"[{""uom"":""Packet"",""conversion_factor"":1.0},{""uom"":""Carton"",""conversion_factor"":100.0}]",978719739868,,0,900,304.2
NRD-CHIC0300,Sisu Chicken Breast Whole 2kg,"Chicken Breast Whole, pack: 2kg. Brand Sisu. Sold per Kg.",Sisu,All Items > Frozen > Chicken Breast,Kg,"[{""uom"":""Kg"",""conversion_factor"":1.0}]",956911617464,SIS282759,0,12,74.61
NRD-PRAW0247,Nordvik Prawn PDTO 1kg,"Prawn PDTO, pack: 1kg. Brand Nordvik. Sold per Kg.",Nordvik,All Items > Frozen > Prawn,Kg,"[{""uom"":""Kg"",""conversion_factor"":1.0}]",941424768713,NOR255814,0,12,45.15
NRD-CHIC0168,Nordvik Chicken Breast Whole 1kg,"Chicken Breast Whole, pack: 1kg. Brand Nordvik. Sold per Kg.",Nordvik,All Items > Frozen > Chicken Breast,Kg,"[{""uom"":""Kg"",""conversion_factor"":1.0}]",,,0,150,301.89
NRD-SALM0207,Sisu Salmon Fillet Side 1kg,"Salmon Fillet Side, pack: 1kg. Brand Sisu. Sold per Kg.",Sisu,All Items > Frozen > Salmon Fillet,Kg,"[{""uom"":""Kg"",""conversion_factor"":1.0}]",,,0,900,33.04
NRD-BUTT0421,Sisu Butter Unsalted Sheet 500g,"Butter Unsalted Sheet, pack: 500g. Brand Sisu. Sold per Packet.",Sisu,All Items > Frozen > Butter Unsalted,Packet,"[{""uom"":""Packet"",""conversion_factor"":1.0},{""uom"":""Carton"",""conversion_factor"":100.0}]",,,0,12,435.28
NRD-PRAW0040,Nordvik Prawn 21/25 2kg,"Prawn 21/25, pack: 2kg. Brand Nordvik. Sold per Kg.",Nordvik,All Items > Frozen > Prawn,Kg,"[{""uom"":""Kg"",""conversion_factor"":1.0}]",933821253006,NOR764729,0,900,79.67
NRD-MOZZ0487,Nordvik Mozzarella Shredded 2kg,"Mozzarella Shredded, pack: 2kg. Brand Nordvik. Sold per Kg.",Nordvik,All Items > Frozen > Mozzarella,Kg,"[{""uom"":""Kg"",""conversion_factor"":1.0}]",,,0,150,77.34
NRD-POTA0433,Sisu Potato Fries 7mm 1kg,"Potato Fries 7mm, pack: 1kg. Brand Sisu. Sold per Packet.",Sisu,All Items > Frozen > Potato Fries,Packet,"[{""uom"":""Packet"",""conversion_factor"":1.0},{""uom"":""Carton"",""conversion_factor"":50.0}]",,,0,12,328.77
NRD-CHIC0096,Golden Pantry Chicken Breast Diced 10kg,"Chicken Breast Diced, pack: 10kg. Brand Golden Pantry. Sold per Kg.",Golden Pantry,All Items > Frozen > Chicken Breast,Kg,"[{""uom"":""Kg"",""conversion_factor"":1.0}]",917122827200,GOL171769,0,0,252.91
NRD-CHIC0486-OLD,Fjordal Chicken Breast Strips 1kg,"Chicken Breast Strips, pack: 1kg. Brand Fjordal. Sold per Kg. (superseded)",Fjordal,All Items > Frozen > Chicken Breast,Kg,"[{""uom"":""Kg"",""conversion_factor"":1.0}]",965691250059,FJO661629,1,0,70.77
NRD-BUTT0491-OLD,Halberg Butter Unsalted Sheet 250g,"Butter Unsalted Sheet, pack: 250g. Brand Halberg. Sold per Packet. (superseded)",Halberg,All Items > Frozen > Butter Unsalted,Packet,"[{""uom"":""Packet"",""conversion_factor"":1.0},{""uom"":""Carton"",""conversion_factor"":12.0}]",949402419225,,1,0,89.11
NRD-PUFF0444,Fjordal Puff Pastry Sheet 5kg,"Puff Pastry Sheet, pack: 5kg. Brand Fjordal. Sold per Packet.",Fjordal,All Items > Frozen > Puff Pastry,Packet,"[{""uom"":""Packet"",""conversion_factor"":1.0},{""uom"":""Carton"",""conversion_factor"":12.0}]",,FJO810016,0,12,340.73
NRD-MOZZ0136,Halberg Mozzarella Diced 1kg,"Mozzarella Diced, pack: 1kg. Brand Halberg. Sold per Kg.",Halberg,All Items > Frozen > Mozzarella,Kg,"[{""uom"":""Kg"",""conversion_factor"":1.0}]",,,0,0,328.92
NRD-PRAW0206,Fjordal Prawn 16/20 1kg,"Prawn 16/20, pack: 1kg. Brand Fjordal. Sold per Kg.",Fjordal,All Items > Frozen > Prawn,Kg,"[{""uom"":""Kg"",""conversion_factor"":1.0}]",912124841808,FJO192159,0,0,120.03
NRD-SQUI0229,Cape Bay Squid Ring Raw 1kg,"Squid Ring Raw, pack: 1kg. Brand Cape Bay. Sold per Kg.",Cape Bay,All Items > Frozen > Squid Ring,Kg,"[{""uom"":""Kg"",""conversion_factor"":1.0}]",975842128451,CAP784593,0,0,205.28
NRD-BUTT0302,Halberg Butter Unsalted Sheet 500g,"Butter Unsalted Sheet, pack: 500g. Brand Halberg. Sold per Packet.",Halberg,All Items > Frozen > Butter Unsalted,Packet,"[{""uom"":""Packet"",""conversion_factor"":1.0},{""uom"":""Carton"",""conversion_factor"":24.0}]",970078381558,,0,0,321.09
NRD-BUTT0211,Halberg Butter Unsalted Block 500g,"Butter Unsalted Block, pack: 500g. Brand Halberg. Sold per Packet.",Halberg,All Items > Frozen > Butter Unsalted,Packet,"[{""uom"":""Packet"",""conversion_factor"":1.0},{""uom"":""Carton"",""conversion_factor"":24.0}]",961401150876,,0,12,75.39
NRD-PRAW0341,Fjordal Prawn PDTO 2kg,"Prawn PDTO, pack: 2kg. Brand Fjordal. Sold per Kg.",Fjordal,All Items > Frozen > Prawn,Kg,"[{""uom"":""Kg"",""conversion_factor"":1.0}]",,FJO480540,0,12,447.47
NRD-CHIC0380,Golden Pantry Chicken Breast Whole 2kg,"Chicken Breast Whole, pack: 2kg. Brand Golden Pantry. Sold per Kg.",Golden Pantry,All Items > Frozen > Chicken Breast,Kg,"[{""uom"":""Kg"",""conversion_factor"":1.0}]",990642483040,GOL502351,0,3,129.09
NRD-POTA0431,Halberg Potato Fries Crinkle 2.5kg,"Potato Fries Crinkle, pack: 2.5kg. Brand Halberg. Sold per Packet.",Halberg,All Items > Frozen > Potato Fries,Packet,"[{""uom"":""Packet"",""conversion_factor"":1.0},{""uom"":""Carton"",""conversion_factor"":10.0}]",,,0,12,81.02
NRD-VANI0119,Nordvik Vanilla Ice Cream Cone 1L,"Vanilla Ice Cream Cone, pack: 1L. Brand Nordvik. Sold per Nos.",Nordvik,All Items > Frozen > Vanilla Ice Cream,Nos,"[{""uom"":""Nos"",""conversion_factor"":1.0},{""uom"":""Carton"",""conversion_factor"":100.0}]",,,0,12,353.58
NRD-PRAW0224,Fjordal Prawn 31/40 2kg,"Prawn 31/40, pack: 2kg. Brand Fjordal. Sold per Kg.",Fjordal,All Items > Frozen > Prawn,Kg,"[{""uom"":""Kg"",""conversion_factor"":1.0}]",911994839232,FJO970958,0,40,60.41
NRD-CHIC0036,Halberg Chicken Breast Whole 10kg,"Chicken Breast Whole, pack: 10kg. Brand Halberg. Sold per Kg.",Halberg,All Items > Frozen > Chicken Breast,Kg,"[{""uom"":""Kg"",""conversion_factor"":1.0}]",980720418681,,0,150,370.58
NRD-PRAW0055,Cape Bay Prawn 16/20 2kg,"Prawn 16/20, pack: 2kg. Brand Cape Bay. Sold per Kg.",Cape Bay,All Items > Frozen > Prawn,Kg,"[{""uom"":""Kg"",""conversion_factor"":1.0}]",900841477355,CAP480192,0,900,19.12
NRD-SALM0076,Fjordal Salmon Fillet Trim D 5kg,"Salmon Fillet Trim D, pack: 5kg. Brand Fjordal. Sold per Kg.",Fjordal,All Items > Frozen > Salmon Fillet,Kg,"[{""uom"":""Kg"",""conversion_factor"":1.0}]",916076193401,,0,0,325.92
NRD-SQUI0106,Halberg Squid Ring Raw 1kg,"Squid Ring Raw, pack: 1kg. Brand Halberg. Sold per Kg.",Halberg,All Items > Frozen > Squid Ring,Kg,"[{""uom"":""Kg"",""conversion_factor"":1.0}]",,,0,0,432.66
NRD-MOZZ0122,Golden Pantry Mozzarella Block 1kg,"Mozzarella Block, pack: 1kg. Brand Golden Pantry. Sold per Kg.",Golden Pantry,All Items > Frozen > Mozzarella,Kg,"[{""uom"":""Kg"",""conversion_factor"":1.0}]",978238047728,GOL598890,0,3,317.94
NRD-PRAW0461,Fjordal Prawn PDTO 1kg,"Prawn PDTO, pack: 1kg. Brand Fjordal. Sold per Kg.",Fjordal,All Items > Frozen > Prawn,Kg,"[{""uom"":""Kg"",""conversion_factor"":1.0}]",,FJO464362,0,12,19.33
NRD-VANI0060,Sisu Vanilla Ice Cream Cone 4L,"Vanilla Ice Cream Cone, pack: 4L. Brand Sisu. Sold per Nos.",Sisu,All Items > Frozen > Vanilla Ice Cream,Nos,"[{""uom"":""Nos"",""conversion_factor"":1.0},{""uom"":""Carton"",""conversion_factor"":10.0}]",908239366765,SIS039336,0,0,378.33
NRD-FULL0028,Sisu Full Cream Milk UHT 1L,"Full Cream Milk UHT, pack: 1L. Brand Sisu. Sold per Nos.",Sisu,All Items > Frozen > Full Cream Milk,Nos,"[{""uom"":""Nos"",""conversion_factor"":1.0},{""uom"":""Carton"",""conversion_factor"":6.0}]",,,0,0,90.52
NRD-CHIC0204,Sisu Chicken Breast Whole 10kg,"Chicken Breast Whole, pack: 10kg. Brand Sisu. Sold per Kg.",Sisu,All Items > Frozen > Chicken Breast,Kg,"[{""uom"":""Kg"",""conversion_factor"":1.0}]",,SIS134227,0,0,109.27
NRD-VANI0132,Sisu Vanilla Ice Cream Tub 1L,"Vanilla Ice Cream Tub, pack: 1L. Brand Sisu. Sold per Nos.",Sisu,All Items > Frozen > Vanilla Ice Cream,Nos,"[{""uom"":""Nos"",""conversion_factor"":1.0},{""uom"":""Carton"",""conversion_factor"":50.0}]",943801910230,SIS754986,0,0,301.54
NRD-SALM0124,Cape Bay Salmon Fillet Portion 3kg,"Salmon Fillet Portion, pack: 3kg. Brand Cape Bay. Sold per Kg.",Cape Bay,All Items > Frozen > Salmon Fillet,Kg,"[{""uom"":""Kg"",""conversion_factor"":1.0}]",903688474173,,0,3,138.85
NRD-MOZZ0035,Cape Bay Mozzarella Diced 2kg,"Mozzarella Diced, pack: 2kg. Brand Cape Bay. Sold per Kg.",Cape Bay,All Items > Frozen > Mozzarella,Kg,"[{""uom"":""Kg"",""conversion_factor"":1.0}]",,,0,12,422.91
NRD-CHIC0274,Fjordal Chicken Breast Strips 10kg,"Chicken Breast Strips, pack: 10kg. Brand Fjordal. Sold per Kg.",Fjordal,All Items > Frozen > Chicken Breast,Kg,"[{""uom"":""Kg"",""conversion_factor"":1.0}]",959720548214,,0,150,266.81
NRD-PRAW0455,Golden Pantry Prawn PDTO 1kg,"Prawn PDTO, pack: 1kg. Brand Golden Pantry. Sold per Kg.",Golden Pantry,All Items > Frozen > Prawn,Kg,"[{""uom"":""Kg"",""conversion_factor"":1.0}]",,,0,12,73.29
NRD-SALM0386,Nordvik Salmon Fillet Side 3kg,"Salmon Fillet Side, pack: 3kg. Brand Nordvik. Sold per Kg.",Nordvik,All Items > Frozen > Salmon Fillet,Kg,"[{""uom"":""Kg"",""conversion_factor"":1.0}]",,NOR076593,0,150,167.44
NRD-CHIC0375,Cape Bay Chicken Breast Whole 2kg,"Chicken Breast Whole, pack: 2kg. Brand Cape Bay. Sold per Kg.",Cape Bay,All Items > Frozen > Chicken Breast,Kg,"[{""uom"":""Kg"",""conversion_factor"":1.0}]",934588477237,CAP697954,0,150,88.59
NRD-CHIC0468,Nordvik Chicken Breast Whole 5kg,"Chicken Breast Whole, pack: 5kg. Brand Nordvik. Sold per Kg.",Nordvik,All Items > Frozen > Chicken Breast,Kg,"[{""uom"":""Kg"",""conversion_factor"":1.0}]",987120847718,,0,150,289.87
NRD-CHIC0167B,Halberg Chicken Breast Strips 5kg (Bulk),"Chicken Breast Strips, pack: 5kg. Brand Halberg. Sold per Kg.",Halberg,All Items > Frozen > Chicken Breast,Kg,"[{""uom"":""Kg"",""conversion_factor"":1.0},{""uom"":""Carton"",""conversion_factor"":144.0}]",942632630187,,0,40,139.38
NRD-SALM0441,Cape Bay Salmon Fillet Side 1kg,"Salmon Fillet Side, pack: 1kg. Brand Cape Bay. Sold per Kg.",Cape Bay,All Items > Frozen > Salmon Fillet,Kg,"[{""uom"":""Kg"",""conversion_factor"":1.0}]",933326764283,CAP849287,0,3,445.55
NRD-CHIC0240,Golden Pantry Chicken Breast Strips 2kg,"Chicken Breast Strips, pack: 2kg. Brand Golden Pantry. Sold per Kg.",Golden Pantry,All Items > Frozen > Chicken Breast,Kg,"[{""uom"":""Kg"",""conversion_factor"":1.0}]",923653940195,,0,3,90.87
NRD-PUFF0063,Halberg Puff Pastry Sheet 1kg,"Puff Pastry Sheet, pack: 1kg. Brand Halberg. Sold per Packet.",Halberg,All Items > Frozen > Puff Pastry,Packet,"[{""uom"":""Packet"",""conversion_factor"":1.0},{""uom"":""Carton"",""conversion_factor"":10.0}]",935101764059,HAL916107,0,0,127.07
NRD-CHIC0186,Halberg Chicken Breast Diced 5kg,"Chicken Breast Diced, pack: 5kg. Brand Halberg. Sold per Kg.",Halberg,All Items > Frozen > Chicken Breast,Kg,"[{""uom"":""Kg"",""conversion_factor"":1.0}]",,,0,0,380.58
NRD-BEEF0476,Fjordal Beef Patty 150g 24s,"Beef Patty 150g, pack: 24s. Brand Fjordal. Sold per Packet.",Fjordal,All Items > Frozen > Beef Patty,Packet,"[{""uom"":""Packet"",""conversion_factor"":1.0},{""uom"":""Carton"",""conversion_factor"":12.0}]",985066848042,,0,150,135.4
NRD-SALM0350,Nordvik Salmon Fillet Side 1kg,"Salmon Fillet Side, pack: 1kg. Brand Nordvik. Sold per Kg.",Nordvik,All Items > Frozen > Salmon Fillet,Kg,"[{""uom"":""Kg"",""conversion_factor"":1.0}]",,,0,150,113.81
NRD-PUFF0078,Nordvik Puff Pastry Sheet 5kg,"Puff Pastry Sheet, pack: 5kg. Brand Nordvik. Sold per Packet.",Nordvik,All Items > Frozen > Puff Pastry,Packet,"[{""uom"":""Packet"",""conversion_factor"":1.0},{""uom"":""Carton"",""conversion_factor"":100.0}]",995909787604,NOR747938,0,3,191.23
NRD-BEEF0046,Golden Pantry Beef Patty 200g 12s,"Beef Patty 200g, pack: 12s. Brand Golden Pantry. Sold per Packet.",Golden Pantry,All Items > Frozen > Beef Patty,Packet,"[{""uom"":""Packet"",""conversion_factor"":1.0},{""uom"":""Carton"",""conversion_factor"":50.0}]",909223703882,,0,12,414.89
NRD-FULL0339,Fjordal Full Cream Milk UHT 1L,"Full Cream Milk UHT, pack: 1L. Brand Fjordal. Sold per Nos.",Fjordal,All Items > Frozen > Full Cream Milk,Nos,"[{""uom"":""Nos"",""conversion_factor"":1.0},{""uom"":""Carton"",""conversion_factor"":24.0}]",980029054052,,0,0,112.77
NRD-POTA0344,Cape Bay Potato Fries Wedge 1kg,"Potato Fries Wedge, pack: 1kg. Brand Cape Bay. Sold per Packet.",Cape Bay,All Items > Frozen > Potato Fries,Packet,"[{""uom"":""Packet"",""conversion_factor"":1.0},{""uom"":""Carton"",""conversion_factor"":6.0}]",,,0,3,452.24
NRD-VANI0419,Cape Bay Vanilla Ice Cream Cone 1L,"Vanilla Ice Cream Cone, pack: 1L. Brand Cape Bay. Sold per Nos.",Cape Bay,All Items > Frozen > Vanilla Ice Cream,Nos,"[{""uom"":""Nos"",""conversion_factor"":1.0},{""uom"":""Carton"",""conversion_factor"":10.0}]",937293735347,,0,40,188.98
NRD-MOZZ0400-OLD,Cape Bay Mozzarella Shredded 1kg,"Mozzarella Shredded, pack: 1kg. Brand Cape Bay. Sold per Kg. (superseded)",Cape Bay,All Items > Frozen > Mozzarella,Kg,"[{""uom"":""Kg"",""conversion_factor"":1.0}]",912058100698,CAP406948,1,0,264.7
NRD-POTA0477,Fjordal Potato Fries Wedge 1kg,"Potato Fries Wedge, pack: 1kg. Brand Fjordal. Sold per Packet.",Fjordal,All Items > Frozen > Potato Fries,Packet,"[{""uom"":""Packet"",""conversion_factor"":1.0},{""uom"":""Carton"",""conversion_factor"":12.0}]",,,0,40,166.4
NRD-MOZZ0031,Golden Pantry Mozzarella Block 2kg,"Mozzarella Block, pack: 2kg. Brand Golden Pantry. Sold per Kg.",Golden Pantry,All Items > Frozen > Mozzarella,Kg,"[{""uom"":""Kg"",""conversion_factor"":1.0}]",903993133140,GOL872637,0,900,432.49
NRD-CHIC0167,Halberg Chicken Breast Strips 5kg,"Chicken Breast Strips, pack: 5kg. Brand Halberg. Sold per Kg.",Halberg,All Items > Frozen > Chicken Breast,Kg,"[{""uom"":""Kg"",""conversion_factor"":1.0}]",942632630187,,0,40,139.38
NRD-POTA0173,Sisu Potato Fries Wedge 1kg,"Potato Fries Wedge, pack: 1kg. Brand Sisu. Sold per Packet.",Sisu,All Items > Frozen > Potato Fries,Packet,"[{""uom"":""Packet"",""conversion_factor"":1.0},{""uom"":""Carton"",""conversion_factor"":24.0}]",,SIS797988,0,150,179.97
NRD-WHIP0069,Sisu Whipping Cream 35% 1L,"Whipping Cream 35%, pack: 1L. Brand Sisu. Sold per Nos.",Sisu,All Items > Frozen > Whipping Cream,Nos,"[{""uom"":""Nos"",""conversion_factor"":1.0},{""uom"":""Carton"",""conversion_factor"":50.0}]",997313688589,,0,3,313.54
NRD-BEEF0261,Golden Pantry Beef Patty 200g 24s,"Beef Patty 200g, pack: 24s. Brand Golden Pantry. Sold per Packet.",Golden Pantry,All Items > Frozen > Beef Patty,Packet,"[{""uom"":""Packet"",""conversion_factor"":1.0},{""uom"":""Carton"",""conversion_factor"":6.0}]",,,0,150,324.35
NRD-BEEF0430,Nordvik Beef Patty 200g 24s,"Beef Patty 200g, pack: 24s. Brand Nordvik. Sold per Packet.",Nordvik,All Items > Frozen > Beef Patty,Packet,"[{""uom"":""Packet"",""conversion_factor"":1.0},{""uom"":""Carton"",""conversion_factor"":6.0}]",913217184003,,0,900,294.04
NRD-MOZZ0356,Golden Pantry Mozzarella Diced 1kg,"Mozzarella Diced, pack: 1kg. Brand Golden Pantry. Sold per Kg.",Golden Pantry,All Items > Frozen > Mozzarella,Kg,"[{""uom"":""Kg"",""conversion_factor"":1.0}]",931193941531,,0,12,463.02
NRD-CHIC0043,Nordvik Chicken Breast Diced 1kg,"Chicken Breast Diced, pack: 1kg. Brand Nordvik. Sold per Kg.",Nordvik,All Items > Frozen > Chicken Breast,Kg,"[{""uom"":""Kg"",""conversion_factor"":1.0}]",962111202290,NOR935212,0,150,169.23
NRD-VANI0327,Fjordal Vanilla Ice Cream Tub 4L,"Vanilla Ice Cream Tub, pack: 4L. Brand Fjordal. Sold per Nos.",Fjordal,All Items > Frozen > Vanilla Ice Cream,Nos,"[{""uom"":""Nos"",""conversion_factor"":1.0},{""uom"":""Carton"",""conversion_factor"":100.0}]",,,0,3,228.07
NRD-PRAW0198,Nordvik Prawn 16/20 1kg,"Prawn 16/20, pack: 1kg. Brand Nordvik. Sold per Kg.",Nordvik,All Items > Frozen > Prawn,Kg,"[{""uom"":""Kg"",""conversion_factor"":1.0}]",,,0,0,14.79
NRD-CHIC0412,Nordvik Chicken Breast Strips 5kg,"Chicken Breast Strips, pack: 5kg. Brand Nordvik. Sold per Kg.",Nordvik,All Items > Frozen > Chicken Breast,Kg,"[{""uom"":""Kg"",""conversion_factor"":1.0}]",,,0,900,263.86
NRD-PRAW0048,Golden Pantry Prawn 31/40 1kg,"Prawn 31/40, pack: 1kg. Brand Golden Pantry. Sold per Kg.",Golden Pantry,All Items > Frozen > Prawn,Kg,"[{""uom"":""Kg"",""conversion_factor"":1.0}]",909118819344,,0,40,25.12
NRD-BEEF0333,Halberg Beef Patty 150g 24s,"Beef Patty 150g, pack: 24s. Brand Halberg. Sold per Packet.",Halberg,All Items > Frozen > Beef Patty,Packet,"[{""uom"":""Packet"",""conversion_factor"":1.0},{""uom"":""Carton"",""conversion_factor"":10.0}]",960546957173,HAL804906,0,3,148.34
NRD-POTA0061,Halberg Potato Fries 7mm 1kg,"Potato Fries 7mm, pack: 1kg. Brand Halberg. Sold per Packet.",Halberg,All Items > Frozen > Potato Fries,Packet,"[{""uom"":""Packet"",""conversion_factor"":1.0},{""uom"":""Carton"",""conversion_factor"":100.0}]",931121212334,,0,900,15.07
NRD-WHIP0334,Sisu Whipping Cream 38% 1L,"Whipping Cream 38%, pack: 1L. Brand Sisu. Sold per Nos.",Sisu,All Items > Frozen > Whipping Cream,Nos,"[{""uom"":""Nos"",""conversion_factor"":1.0},{""uom"":""Carton"",""conversion_factor"":6.0}]",,,0,3,109.25
NRD-FULL0420,Sisu Full Cream Milk UHT 2L,"Full Cream Milk UHT, pack: 2L. Brand Sisu. Sold per Nos.",Sisu,All Items > Frozen > Full Cream Milk,Nos,"[{""uom"":""Nos"",""conversion_factor"":1.0},{""uom"":""Carton"",""conversion_factor"":24.0}]",,,0,0,209.45
NRD-SALM0277,Halberg Salmon Fillet Trim D 3kg,"Salmon Fillet Trim D, pack: 3kg. Brand Halberg. Sold per Kg.",Halberg,All Items > Frozen > Salmon Fillet,Kg,"[{""uom"":""Kg"",""conversion_factor"":1.0}]",,HAL075043,0,40,345.15
NRD-CHIC0180,Halberg Chicken Breast Diced 10kg,"Chicken Breast Diced, pack: 10kg. Brand Halberg. Sold per Kg.",Halberg,All Items > Frozen > Chicken Breast,Kg,"[{""uom"":""Kg"",""conversion_factor"":1.0}]",,,0,3,460.57
NRD-CHIC0073,Nordvik Chicken Breast Strips 2kg,"Chicken Breast Strips, pack: 2kg. Brand Nordvik. Sold per Kg.",Nordvik,All Items > Frozen > Chicken Breast,Kg,"[{""uom"":""Kg"",""conversion_factor"":1.0}]",917569409957,NOR747605,0,12,4.55
NRD-PRAW0160,Halberg Prawn 31/40 1kg,"Prawn 31/40, pack: 1kg. Brand Halberg. Sold per Kg.",Halberg,All Items > Frozen > Prawn,Kg,"[{""uom"":""Kg"",""conversion_factor"":1.0}]",,,0,900,264.86
NRD-CHIC0197,Nordvik Chicken Breast Strips 10kg,"Chicken Breast Strips, pack: 10kg. Brand Nordvik. Sold per Kg.",Nordvik,All Items > Frozen > Chicken Breast,Kg,"[{""uom"":""Kg"",""conversion_factor"":1.0}]",916136961449,,0,900,75.59
NRD-WHIP0246,Halberg Whipping Cream 38% 1L,"Whipping Cream 38%, pack: 1L. Brand Halberg. Sold per Nos.",Halberg,All Items > Frozen > Whipping Cream,Nos,"[{""uom"":""Nos"",""conversion_factor"":1.0},{""uom"":""Carton"",""conversion_factor"":100.0}]",,,0,0,361.99
NRD-SALM0298,Golden Pantry Salmon Fillet Side 3kg,"Salmon Fillet Side, pack: 3kg. Brand Golden Pantry. Sold per Kg.",Golden Pantry,All Items > Frozen > Salmon Fillet,Kg,"[{""uom"":""Kg"",""conversion_factor"":1.0}]",944096358903,GOL581922,0,12,458.57
NRD-SALM0004,Nordvik Salmon Fillet Trim D 3kg,"Salmon Fillet Trim D, pack: 3kg. Brand Nordvik. Sold per Kg.",Nordvik,All Items > Frozen > Salmon Fillet,Kg,"[{""uom"":""Kg"",""conversion_factor"":1.0}]",934010462509,,0,150,257.77
NRD-MOZZ0176,Sisu Mozzarella Block 1kg,"Mozzarella Block, pack: 1kg. Brand Sisu. Sold per Kg.",Sisu,All Items > Frozen > Mozzarella,Kg,"[{""uom"":""Kg"",""conversion_factor"":1.0}]",,,0,3,342.77
NRD-MOZZ0116,Fjordal Mozzarella Diced 2kg,"Mozzarella Diced, pack: 2kg. Brand Fjordal. Sold per Kg.",Fjordal,All Items > Frozen > Mozzarella,Kg,"[{""uom"":""Kg"",""conversion_factor"":1.0}]",974176545466,,0,40,52.15
NRD-MOZZ0221,Cape Bay Mozzarella Block 1kg,"Mozzarella Block, pack: 1kg. Brand Cape Bay. Sold per Kg.",Cape Bay,All Items > Frozen > Mozzarella,Kg,"[{""uom"":""Kg"",""conversion_factor"":1.0}]",969790046241,CAP711639,0,3,428.97
NRD-BEEF0081,Golden Pantry Beef Patty 200g 48s,"Beef Patty 200g, pack: 48s. Brand Golden Pantry. Sold per Packet.",Golden Pantry,All Items > Frozen > Beef Patty,Packet,"[{""uom"":""Packet"",""conversion_factor"":1.0},{""uom"":""Carton"",""conversion_factor"":12.0}]",947654009280,GOL181926,0,0,398.77
NRD-POTA0250,Golden Pantry Potato Fries 10mm 2.5kg,"Potato Fries 10mm, pack: 2.5kg. Brand Golden Pantry. Sold per Packet.",Golden Pantry,All Items > Frozen > Potato Fries,Packet,"[{""uom"":""Packet"",""conversion_factor"":1.0},{""uom"":""Carton"",""conversion_factor"":100.0}]",904203028614,,0,3,27.29
NRD-FULL0174,Golden Pantry Full Cream Milk UHT 200ml,"Full Cream Milk UHT, pack: 200ml. Brand Golden Pantry. Sold per Nos.",Golden Pantry,All Items > Frozen > Full Cream Milk,Nos,"[{""uom"":""Nos"",""conversion_factor"":1.0},{""uom"":""Carton"",""conversion_factor"":50.0}]",973863540740,,0,40,85.42
NRD-BEEF0214,Fjordal Beef Patty 100g 24s,"Beef Patty 100g, pack: 24s. Brand Fjordal. Sold per Packet.",Fjordal,All Items > Frozen > Beef Patty,Packet,"[{""uom"":""Packet"",""conversion_factor"":1.0},{""uom"":""Carton"",""conversion_factor"":12.0}]",942247550350,FJO977878,0,0,273.63
NRD-BEEF0102,Sisu Beef Patty 100g 24s,"Beef Patty 100g, pack: 24s. Brand Sisu. Sold per Packet.",Sisu,All Items > Frozen > Beef Patty,Packet,"[{""uom"":""Packet"",""conversion_factor"":1.0},{""uom"":""Carton"",""conversion_factor"":10.0}]",,SIS329117,0,3,394.14
NRD-SQUI0306,Nordvik Squid Ring Breaded 1kg,"Squid Ring Breaded, pack: 1kg. Brand Nordvik. Sold per Kg.",Nordvik,All Items > Frozen > Squid Ring,Kg,"[{""uom"":""Kg"",""conversion_factor"":1.0}]",968397316788,,0,900,95.99
NRD-BUTT0227,Cape Bay Butter Unsalted Sheet 500g,"Butter Unsalted Sheet, pack: 500g. Brand Cape Bay. Sold per Packet.",Cape Bay,All Items > Frozen > Butter Unsalted,Packet,"[{""uom"":""Packet"",""conversion_factor"":1.0},{""uom"":""Carton"",""conversion_factor"":100.0}]",954645422005,,0,150,215.75
NRD-MOZZ0152,Cape Bay Mozzarella Shredded 2kg,"Mozzarella Shredded, pack: 2kg. Brand Cape Bay. Sold per Kg.",Cape Bay,All Items > Frozen > Mozzarella,Kg,"[{""uom"":""Kg"",""conversion_factor"":1.0}]",,CAP108567,0,900,265.18
NRD-PUFF0244B,Cape Bay Puff Pastry Sheet 2kg (Bulk),"Puff Pastry Sheet, pack: 2kg. Brand Cape Bay. Sold per Packet.",Cape Bay,All Items > Frozen > Puff Pastry,Packet,"[{""uom"":""Packet"",""conversion_factor"":1.0},{""uom"":""Carton"",""conversion_factor"":144.0}]",909234314827,CAP184855,0,0,253.08
NRD-CHIC0311,Sisu Chicken Breast Strips 10kg,"Chicken Breast Strips, pack: 10kg. Brand Sisu. Sold per Kg.",Sisu,All Items > Frozen > Chicken Breast,Kg,"[{""uom"":""Kg"",""conversion_factor"":1.0}]",933531437778,SIS085196,0,900,441.16
NRD-CHIC0220,Fjordal Chicken Breast Diced 10kg,"Chicken Breast Diced, pack: 10kg. Brand Fjordal. Sold per Kg.",Fjordal,All Items > Frozen > Chicken Breast,Kg,"[{""uom"":""Kg"",""conversion_factor"":1.0}]",,,0,900,301.17
NRD-SALM0027,Nordvik Salmon Fillet Portion 1kg,"Salmon Fillet Portion, pack: 1kg. Brand Nordvik. Sold per Kg.",Nordvik,All Items > Frozen > Salmon Fillet,Kg,"[{""uom"":""Kg"",""conversion_factor"":1.0}]",965442099906,,0,0,20.13
NRD-BEEF0232,Cape Bay Beef Patty 150g 24s,"Beef Patty 150g, pack: 24s. Brand Cape Bay. Sold per Packet.",Cape Bay,All Items > Frozen > Beef Patty,Packet,"[{""uom"":""Packet"",""conversion_factor"":1.0},{""uom"":""Carton"",""conversion_factor"":50.0}]",,,0,0,266.48
NRD-BEEF0445,Cape Bay Beef Patty 150g 48s,"Beef Patty 150g, pack: 48s. Brand Cape Bay. Sold per Packet.",Cape Bay,All Items > Frozen > Beef Patty,Packet,"[{""uom"":""Packet"",""conversion_factor"":1.0},{""uom"":""Carton"",""conversion_factor"":24.0}]",943558928271,CAP472812,0,0,86.96
NRD-POTA0418,Golden Pantry Potato Fries 7mm 2.5kg,"Potato Fries 7mm, pack: 2.5kg. Brand Golden Pantry. Sold per Packet.",Golden Pantry,All Items > Frozen > Potato Fries,Packet,"[{""uom"":""Packet"",""conversion_factor"":1.0},{""uom"":""Carton"",""conversion_factor"":6.0}]",936762949882,GOL064058,0,150,69.8
NRD-VANI0137,Halberg Vanilla Ice Cream Cone 6s,"Vanilla Ice Cream Cone, pack: 6s. Brand Halberg. Sold per Nos.",Halberg,All Items > Frozen > Vanilla Ice Cream,Nos,"[{""uom"":""Nos"",""conversion_factor"":1.0},{""uom"":""Carton"",""conversion_factor"":10.0}]",943085784892,,0,0,34.59
NRD-FULL0070,Halberg Full Cream Milk UHT 200ml,"Full Cream Milk UHT, pack: 200ml. Brand Halberg. Sold per Nos.",Halberg,All Items > Frozen > Full Cream Milk,Nos,"[{""uom"":""Nos"",""conversion_factor"":1.0},{""uom"":""Carton"",""conversion_factor"":12.0}]",,,0,0,287.99
NRD-SQUI0077,Fjordal Squid Ring Raw 2kg,"Squid Ring Raw, pack: 2kg. Brand Fjordal. Sold per Kg.",Fjordal,All Items > Frozen > Squid Ring,Kg,"[{""uom"":""Kg"",""conversion_factor"":1.0}]",,,0,0,166.31
NRD-SQUI0030,Halberg Squid Ring Raw 2kg,"Squid Ring Raw, pack: 2kg. Brand Halberg. Sold per Kg.",Halberg,All Items > Frozen > Squid Ring,Kg,"[{""uom"":""Kg"",""conversion_factor"":1.0}]",,,0,3,295.85
NRD-BEEF0351,Fjordal Beef Patty 200g 12s,"Beef Patty 200g, pack: 12s. Brand Fjordal. Sold per Packet.",Fjordal,All Items > Frozen > Beef Patty,Packet,"[{""uom"":""Packet"",""conversion_factor"":1.0},{""uom"":""Carton"",""conversion_factor"":50.0}]",984936114672,,0,0,203.61
NRD-BEEF0006,Halberg Beef Patty 100g 48s,"Beef Patty 100g, pack: 48s. Brand Halberg. Sold per Packet.",Halberg,All Items > Frozen > Beef Patty,Packet,"[{""uom"":""Packet"",""conversion_factor"":1.0},{""uom"":""Carton"",""conversion_factor"":10.0}]",,HAL612565,0,150,68.82
NRD-WHIP0111,Golden Pantry Whipping Cream 35% 1L,"Whipping Cream 35%, pack: 1L. Brand Golden Pantry. Sold per Nos.",Golden Pantry,All Items > Frozen > Whipping Cream,Nos,"[{""uom"":""Nos"",""conversion_factor"":1.0},{""uom"":""Carton"",""conversion_factor"":24.0}]",927719823747,,0,3,226.98
NRD-PUFF0258,Nordvik Puff Pastry Block 2kg,"Puff Pastry Block, pack: 2kg. Brand Nordvik. Sold per Packet.",Nordvik,All Items > Frozen > Puff Pastry,Packet,"[{""uom"":""Packet"",""conversion_factor"":1.0},{""uom"":""Carton"",""conversion_factor"":6.0}]",,,0,0,419.27
NRD-CHIC0428,Cape Bay Chicken Breast Diced 1kg,"Chicken Breast Diced, pack: 1kg. Brand Cape Bay. Sold per Kg.",Cape Bay,All Items > Frozen > Chicken Breast,Kg,"[{""uom"":""Kg"",""conversion_factor"":1.0}]",,CAP683100,0,150,248.37
NRD-BUTT0092,Golden Pantry Butter Unsalted Sheet 5kg,"Butter Unsalted Sheet, pack: 5kg. Brand Golden Pantry. Sold per Packet.",Golden Pantry,All Items > Frozen > Butter Unsalted,Packet,"[{""uom"":""Packet"",""conversion_factor"":1.0},{""uom"":""Carton"",""conversion_factor"":24.0}]",991224329396,,0,12,15.57
NRD-PRAW0062,Sisu Prawn 31/40 2kg,"Prawn 31/40, pack: 2kg. Brand Sisu. Sold per Kg.",Sisu,All Items > Frozen > Prawn,Kg,"[{""uom"":""Kg"",""conversion_factor"":1.0}]",982940830607,SIS930447,0,40,118.13
NRD-MOZZ0175,Sisu Mozzarella Diced 2kg,"Mozzarella Diced, pack: 2kg. Brand Sisu. Sold per Kg.",Sisu,All Items > Frozen > Mozzarella,Kg,"[{""uom"":""Kg"",""conversion_factor"":1.0}]",,SIS059841,0,0,256.83
NRD-MOZZ0286,Halberg Mozzarella Diced 2kg,"Mozzarella Diced, pack: 2kg. Brand Halberg. Sold per Kg.",Halberg,All Items > Frozen > Mozzarella,Kg,"[{""uom"":""Kg"",""conversion_factor"":1.0}]",,HAL881142,0,40,197.01
NRD-VANI0135,Sisu Vanilla Ice Cream Cone 1L,"Vanilla Ice Cream Cone, pack: 1L. Brand Sisu. Sold per Nos.",Sisu,All Items > Frozen > Vanilla Ice Cream,Nos,"[{""uom"":""Nos"",""conversion_factor"":1.0},{""uom"":""Carton"",""conversion_factor"":100.0}]",918046517472,SIS491515,0,0,11.11
NRD-PRAW0009,Sisu Prawn 21/25 2kg,"Prawn 21/25, pack: 2kg. Brand Sisu. Sold per Kg.",Sisu,All Items > Frozen > Prawn,Kg,"[{""uom"":""Kg"",""conversion_factor"":1.0}]",,,0,3,295.47
NRD-PRAW0409,Nordvik Prawn 21/25 1kg,"Prawn 21/25, pack: 1kg. Brand Nordvik. Sold per Kg.",Nordvik,All Items > Frozen > Prawn,Kg,"[{""uom"":""Kg"",""conversion_factor"":1.0}]",968743420579,,0,40,478.52
NRD-BEEF0161,Halberg Beef Patty 200g 48s,"Beef Patty 200g, pack: 48s. Brand Halberg. Sold per Packet.",Halberg,All Items > Frozen > Beef Patty,Packet,"[{""uom"":""Packet"",""conversion_factor"":1.0},{""uom"":""Carton"",""conversion_factor"":100.0}]",,,0,40,320.95
NRD-CHIC0049,Halberg Chicken Breast Whole 2kg,"Chicken Breast Whole, pack: 2kg. Brand Halberg. Sold per Kg.",Halberg,All Items > Frozen > Chicken Breast,Kg,"[{""uom"":""Kg"",""conversion_factor"":1.0}]",959515228493,HAL341536,0,0,394.74
NRD-CHIC0370,Cape Bay Chicken Breast Strips 10kg,"Chicken Breast Strips, pack: 10kg. Brand Cape Bay. Sold per Kg.",Cape Bay,All Items > Frozen > Chicken Breast,Kg,"[{""uom"":""Kg"",""conversion_factor"":1.0}]",917121591653,,0,40,435.18
NRD-CHIC0392,Halberg Chicken Breast Diced 1kg,"Chicken Breast Diced, pack: 1kg. Brand Halberg. Sold per Kg.",Halberg,All Items > Frozen > Chicken Breast,Kg,"[{""uom"":""Kg"",""conversion_factor"":1.0}]",953193198727,,0,0,241.89
NRD-SALM0216,Fjordal Salmon Fillet Trim D 1kg,"Salmon Fillet Trim D, pack: 1kg. Brand Fjordal. Sold per Kg.",Fjordal,All Items > Frozen > Salmon Fillet,Kg,"[{""uom"":""Kg"",""conversion_factor"":1.0}]",,FJO459923,0,900,197.11
NRD-FULL0292,Golden Pantry Full Cream Milk UHT 2L,"Full Cream Milk UHT, pack: 2L. Brand Golden Pantry. Sold per Nos.",Golden Pantry,All Items > Frozen > Full Cream Milk,Nos,"[{""uom"":""Nos"",""conversion_factor"":1.0},{""uom"":""Carton"",""conversion_factor"":6.0}]",941365884170,GOL525945,0,0,197.19
NRD-POTA0391,Golden Pantry Potato Fries 7mm 1kg,"Potato Fries 7mm, pack: 1kg. Brand Golden Pantry. Sold per Packet.",Golden Pantry,All Items > Frozen > Potato Fries,Packet,"[{""uom"":""Packet"",""conversion_factor"":1.0},{""uom"":""Carton"",""conversion_factor"":6.0}]",911352393229,,0,40,330.78
NRD-MOZZ0143,Fjordal Mozzarella Shredded 2kg,"Mozzarella Shredded, pack: 2kg. Brand Fjordal. Sold per Kg.",Fjordal,All Items > Frozen > Mozzarella,Kg,"[{""uom"":""Kg"",""conversion_factor"":1.0}]",938001687659,FJO488534,0,150,282.82
NRD-CHIC0452,Fjordal Chicken Breast Whole 1kg,"Chicken Breast Whole, pack: 1kg. Brand Fjordal. Sold per Kg.",Fjordal,All Items > Frozen > Chicken Breast,Kg,"[{""uom"":""Kg"",""conversion_factor"":1.0}]",,FJO253664,0,900,110.38
NRD-SALM0193,Cape Bay Salmon Fillet Portion 1kg,"Salmon Fillet Portion, pack: 1kg. Brand Cape Bay. Sold per Kg.",Cape Bay,All Items > Frozen > Salmon Fillet,Kg,"[{""uom"":""Kg"",""conversion_factor"":1.0}]",993227740433,CAP197806,0,0,260.39
NRD-CHIC0358,Halberg Chicken Breast Whole 1kg,"Chicken Breast Whole, pack: 1kg. Brand Halberg. Sold per Kg.",Halberg,All Items > Frozen > Chicken Breast,Kg,"[{""uom"":""Kg"",""conversion_factor"":1.0}]",,HAL381812,0,12,279.06
NRD-CHIC0471,Nordvik Chicken Breast Strips 1kg,"Chicken Breast Strips, pack: 1kg. Brand Nordvik. Sold per Kg.",Nordvik,All Items > Frozen > Chicken Breast,Kg,"[{""uom"":""Kg"",""conversion_factor"":1.0}]",939157827720,NOR418495,0,900,113.35
NRD-SALM0405B,Halberg Salmon Fillet Portion 1kg (Bulk),"Salmon Fillet Portion, pack: 1kg. Brand Halberg. Sold per Kg.",Halberg,All Items > Frozen > Salmon Fillet,Kg,"[{""uom"":""Kg"",""conversion_factor"":1.0},{""uom"":""Carton"",""conversion_factor"":144.0}]",987685627194,,0,12,343.95
NRD-PUFF0002,Nordvik Puff Pastry Sheet 2kg,"Puff Pastry Sheet, pack: 2kg. Brand Nordvik. Sold per Packet.",Nordvik,All Items > Frozen > Puff Pastry,Packet,"[{""uom"":""Packet"",""conversion_factor"":1.0},{""uom"":""Carton"",""conversion_factor"":100.0}]",923572573088,NOR408064,0,150,312.73
NRD-SQUI0454,Fjordal Squid Ring Breaded 2kg,"Squid Ring Breaded, pack: 2kg. Brand Fjordal. Sold per Kg.",Fjordal,All Items > Frozen > Squid Ring,Kg,"[{""uom"":""Kg"",""conversion_factor"":1.0}]",,,0,3,191.17
NRD-PUFF0353,Sisu Puff Pastry Sheet 2kg,"Puff Pastry Sheet, pack: 2kg. Brand Sisu. Sold per Packet.",Sisu,All Items > Frozen > Puff Pastry,Packet,"[{""uom"":""Packet"",""conversion_factor"":1.0},{""uom"":""Carton"",""conversion_factor"":12.0}]",909672668433,SIS458412,0,40,31.38
NRD-POTA0163,Nordvik Potato Fries 7mm 2.5kg,"Potato Fries 7mm, pack: 2.5kg. Brand Nordvik. Sold per Packet.",Nordvik,All Items > Frozen > Potato Fries,Packet,"[{""uom"":""Packet"",""conversion_factor"":1.0},{""uom"":""Carton"",""conversion_factor"":50.0}]",,,0,0,4.08
NRD-CHIC0466,Sisu Chicken Breast Diced 10kg,"Chicken Breast Diced, pack: 10kg. Brand Sisu. Sold per Kg.",Sisu,All Items > Frozen > Chicken Breast,Kg,"[{""uom"":""Kg"",""conversion_factor"":1.0}]",970149362938,,0,0,454.77
NRD-SALM0050,Cape Bay Salmon Fillet Trim D 3kg,"Salmon Fillet Trim D, pack: 3kg. Brand Cape Bay. Sold per Kg.",Cape Bay,All Items > Frozen > Salmon Fillet,Kg,"[{""uom"":""Kg"",""conversion_factor"":1.0}]",,CAP504191,0,12,54.08
NRD-WHIP0011,Cape Bay Whipping Cream 38% 1L,"Whipping Cream 38%, pack: 1L. Brand Cape Bay. Sold per Nos.",Cape Bay,All Items > Frozen > Whipping Cream,Nos,"[{""uom"":""Nos"",""conversion_factor"":1.0},{""uom"":""Carton"",""conversion_factor"":10.0}]",,,0,900,457.18
NRD-POTA0295,Nordvik Potato Fries 10mm 2.5kg,"Potato Fries 10mm, pack: 2.5kg. Brand Nordvik. Sold per Packet.",Nordvik,All Items > Frozen > Potato Fries,Packet,"[{""uom"":""Packet"",""conversion_factor"":1.0},{""uom"":""Carton"",""conversion_factor"":50.0}]",,,0,40,322.45
NRD-SALM0084,Golden Pantry Salmon Fillet Portion 3kg,"Salmon Fillet Portion, pack: 3kg. Brand Golden Pantry. Sold per Kg.",Golden Pantry,All Items > Frozen > Salmon Fillet,Kg,"[{""uom"":""Kg"",""conversion_factor"":1.0}]",,GOL533231,0,12,205.99
NRD-FULL0348,Nordvik Full Cream Milk Fresh 200ml,"Full Cream Milk Fresh, pack: 200ml. Brand Nordvik. Sold per Nos.",Nordvik,All Items > Frozen > Full Cream Milk,Nos,"[{""uom"":""Nos"",""conversion_factor"":1.0},{""uom"":""Carton"",""conversion_factor"":100.0}]",910453272922,NOR158805,0,150,273.02
NRD-PRAW0387,Sisu Prawn PDTO 1kg,"Prawn PDTO, pack: 1kg. Brand Sisu. Sold per Kg.",Sisu,All Items > Frozen > Prawn,Kg,"[{""uom"":""Kg"",""conversion_factor"":1.0}]",973900076347,SIS324112,0,0,404.82
NRD-BUTT0032,Sisu Butter Unsalted Sheet 5kg,"Butter Unsalted Sheet, pack: 5kg. Brand Sisu. Sold per Packet.",Sisu,All Items > Frozen > Butter Unsalted,Packet,"[{""uom"":""Packet"",""conversion_factor"":1.0},{""uom"":""Carton"",""conversion_factor"":12.0}]",,SIS239061,0,12,475.43
NRD-PRAW0055-OLD,Cape Bay Prawn 16/20 2kg,"Prawn 16/20, pack: 2kg. Brand Cape Bay. Sold per Kg. (superseded)",Cape Bay,All Items > Frozen > Prawn,Kg,"[{""uom"":""Kg"",""conversion_factor"":1.0}]",900841477355,CAP480192,1,0,19.12
NRD-PRAW0140,Cape Bay Prawn 21/25 2kg,"Prawn 21/25, pack: 2kg. Brand Cape Bay. Sold per Kg.",Cape Bay,All Items > Frozen > Prawn,Kg,"[{""uom"":""Kg"",""conversion_factor"":1.0}]",949932661192,,0,12,406.35
NRD-CHIC0195,Cape Bay Chicken Breast Strips 2kg,"Chicken Breast Strips, pack: 2kg. Brand Cape Bay. Sold per Kg.",Cape Bay,All Items > Frozen > Chicken Breast,Kg,"[{""uom"":""Kg"",""conversion_factor"":1.0}]",910970257786,,0,3,228.62
NRD-BEEF0369,Cape Bay Beef Patty 150g 12s,"Beef Patty 150g, pack: 12s. Brand Cape Bay. Sold per Packet.",Cape Bay,All Items > Frozen > Beef Patty,Packet,"[{""uom"":""Packet"",""conversion_factor"":1.0},{""uom"":""Carton"",""conversion_factor"":100.0}]",988737649836,CAP542142,0,3,204.65
NRD-PUFF0126,Cape Bay Puff Pastry Block 1kg,"Puff Pastry Block, pack: 1kg. Brand Cape Bay. Sold per Packet.",Cape Bay,All Items > Frozen > Puff Pastry,Packet,"[{""uom"":""Packet"",""conversion_factor"":1.0},{""uom"":""Carton"",""conversion_factor"":12.0}]",,,0,0,257.09
NRD-FULL0338,Fjordal Full Cream Milk Fresh 2L,"Full Cream Milk Fresh, pack: 2L. Brand Fjordal. Sold per Nos.",Fjordal,All Items > Frozen > Full Cream Milk,Nos,"[{""uom"":""Nos"",""conversion_factor"":1.0},{""uom"":""Carton"",""conversion_factor"":50.0}]",,,0,900,57.24
NRD-SQUI0021B,Halberg Squid Ring Breaded 1kg (Bulk),"Squid Ring Breaded, pack: 1kg. Brand Halberg. Sold per Kg.",Halberg,All Items > Frozen > Squid Ring,Kg,"[{""uom"":""Kg"",""conversion_factor"":1.0},{""uom"":""Carton"",""conversion_factor"":144.0}]",939719523467,,0,40,434.38
NRD-POTA0208,Nordvik Potato Fries 10mm 1kg,"Potato Fries 10mm, pack: 1kg. Brand Nordvik. Sold per Packet.",Nordvik,All Items > Frozen > Potato Fries,Packet,"[{""uom"":""Packet"",""conversion_factor"":1.0},{""uom"":""Carton"",""conversion_factor"":10.0}]",966655906167,,0,900,213.05
NRD-CHIC0101,Sisu Chicken Breast Diced 5kg,"Chicken Breast Diced, pack: 5kg. Brand Sisu. Sold per Kg.",Sisu,All Items > Frozen > Chicken Breast,Kg,"[{""uom"":""Kg"",""conversion_factor"":1.0}]",922570529265,,0,150,111.27
NRD-POTA0188,Golden Pantry Potato Fries 10mm 1kg,"Potato Fries 10mm, pack: 1kg. Brand Golden Pantry. Sold per Packet.",Golden Pantry,All Items > Frozen > Potato Fries,Packet,"[{""uom"":""Packet"",""conversion_factor"":1.0},{""uom"":""Carton"",""conversion_factor"":50.0}]",990948050966,GOL481117,0,0,478.62
NRD-FULL0432,Cape Bay Full Cream Milk UHT 2L,"Full Cream Milk UHT, pack: 2L. Brand Cape Bay. Sold per Nos.",Cape Bay,All Items > Frozen > Full Cream Milk,Nos,"[{""uom"":""Nos"",""conversion_factor"":1.0},{""uom"":""Carton"",""conversion_factor"":12.0}]",,,0,40,1.44
NRD-BUTT0436,Fjordal Butter Unsalted Block 5kg,"Butter Unsalted Block, pack: 5kg. Brand Fjordal. Sold per Packet.",Fjordal,All Items > Frozen > Butter Unsalted,Packet,"[{""uom"":""Packet"",""conversion_factor"":1.0},{""uom"":""Carton"",""conversion_factor"":12.0}]",,,0,0,436.57
NRD-FULL0041,Halberg Full Cream Milk Fresh 2L,"Full Cream Milk Fresh, pack: 2L. Brand Halberg. Sold per Nos.",Halberg,All Items > Frozen > Full Cream Milk,Nos,"[{""uom"":""Nos"",""conversion_factor"":1.0},{""uom"":""Carton"",""conversion_factor"":10.0}]",,,0,0,394.41
NRD-CHIC0269,Nordvik Chicken Breast Diced 10kg,"Chicken Breast Diced, pack: 10kg. Brand Nordvik. Sold per Kg.",Nordvik,All Items > Frozen > Chicken Breast,Kg,"[{""uom"":""Kg"",""conversion_factor"":1.0}]",,,0,900,56.05
NRD-PRAW0376,Sisu Prawn 16/20 2kg,"Prawn 16/20, pack: 2kg. Brand Sisu. Sold per Kg.",Sisu,All Items > Frozen > Prawn,Kg,"[{""uom"":""Kg"",""conversion_factor"":1.0}]",939251063751,,0,0,217.55
NRD-CHIC0087,Sisu Chicken Breast Whole 1kg,"Chicken Breast Whole, pack: 1kg. Brand Sisu. Sold per Kg.",Sisu,All Items > Frozen > Chicken Breast,Kg,"[{""uom"":""Kg"",""conversion_factor"":1.0}]",976773905957,,0,3,459.03
NRD-PRAW0384,Golden Pantry Prawn 16/20 1kg,"Prawn 16/20, pack: 1kg. Brand Golden Pantry. Sold per Kg.",Golden Pantry,All Items > Frozen > Prawn,Kg,"[{""uom"":""Kg"",""conversion_factor"":1.0}]",956898708292,GOL148483,0,3,163.51
NRD-MOZZ0446,Halberg Mozzarella Shredded 1kg,"Mozzarella Shredded, pack: 1kg. Brand Halberg. Sold per Kg.",Halberg,All Items > Frozen > Mozzarella,Kg,"[{""uom"":""Kg"",""conversion_factor"":1.0}]",,,0,0,86.82
NRD-POTA0401,Sisu Potato Fries 10mm 2.5kg,"Potato Fries 10mm, pack: 2.5kg. Brand Sisu. Sold per Packet.",Sisu,All Items > Frozen > Potato Fries,Packet,"[{""uom"":""Packet"",""conversion_factor"":1.0},{""uom"":""Carton"",""conversion_factor"":24.0}]",,SIS827089,0,12,189.79
NRD-PRAW0099,Sisu Prawn 21/25 1kg,"Prawn 21/25, pack: 1kg. Brand Sisu. Sold per Kg.",Sisu,All Items > Frozen > Prawn,Kg,"[{""uom"":""Kg"",""conversion_factor"":1.0}]",920018244467,SIS355258,0,150,304.07
NRD-MOZZ0113,Sisu Mozzarella Diced 1kg,"Mozzarella Diced, pack: 1kg. Brand Sisu. Sold per Kg.",Sisu,All Items > Frozen > Mozzarella,Kg,"[{""uom"":""Kg"",""conversion_factor"":1.0}]",,,0,3,175.36
NRD-FULL0290,Fjordal Full Cream Milk Fresh 1L,"Full Cream Milk Fresh, pack: 1L. Brand Fjordal. Sold per Nos.",Fjordal,All Items > Frozen > Full Cream Milk,Nos,"[{""uom"":""Nos"",""conversion_factor"":1.0},{""uom"":""Carton"",""conversion_factor"":10.0}]",989224842216,FJO490142,0,150,345.12
NRD-PUFF0314,Fjordal Puff Pastry Block 2kg,"Puff Pastry Block, pack: 2kg. Brand Fjordal. Sold per Packet.",Fjordal,All Items > Frozen > Puff Pastry,Packet,"[{""uom"":""Packet"",""conversion_factor"":1.0},{""uom"":""Carton"",""conversion_factor"":100.0}]",,,0,0,237.67
NRD-MOZZ0315,Halberg Mozzarella Block 1kg,"Mozzarella Block, pack: 1kg. Brand Halberg. Sold per Kg.",Halberg,All Items > Frozen > Mozzarella,Kg,"[{""uom"":""Kg"",""conversion_factor"":1.0}]",,,0,900,324.91
NRD-POTA0325,Nordvik Potato Fries Wedge 1kg,"Potato Fries Wedge, pack: 1kg. Brand Nordvik. Sold per Packet.",Nordvik,All Items > Frozen > Potato Fries,Packet,"[{""uom"":""Packet"",""conversion_factor"":1.0},{""uom"":""Carton"",""conversion_factor"":12.0}]",985567258103,NOR871763,0,3,393.94
NRD-PRAW0013,Fjordal Prawn 21/25 2kg,"Prawn 21/25, pack: 2kg. Brand Fjordal. Sold per Kg.",Fjordal,All Items > Frozen > Prawn,Kg,"[{""uom"":""Kg"",""conversion_factor"":1.0}]",989611008406,,0,12,57.29
NRD-BUTT0273,Cape Bay Butter Unsalted Block 5kg,"Butter Unsalted Block, pack: 5kg. Brand Cape Bay. Sold per Packet.",Cape Bay,All Items > Frozen > Butter Unsalted,Packet,"[{""uom"":""Packet"",""conversion_factor"":1.0},{""uom"":""Carton"",""conversion_factor"":24.0}]",,,0,3,34.11
NRD-PRAW0352,Nordvik Prawn PDTO 2kg,"Prawn PDTO, pack: 2kg. Brand Nordvik. Sold per Kg.",Nordvik,All Items > Frozen > Prawn,Kg,"[{""uom"":""Kg"",""conversion_factor"":1.0}]",,NOR855599,0,12,198.57
NRD-BEEF0425,Cape Bay Beef Patty 200g 12s,"Beef Patty 200g, pack: 12s. Brand Cape Bay. Sold per Packet.",Cape Bay,All Items > Frozen > Beef Patty,Packet,"[{""uom"":""Packet"",""conversion_factor"":1.0},{""uom"":""Carton"",""conversion_factor"":24.0}]",,CAP636520,0,12,387.55
NRD-BEEF0278,Sisu Beef Patty 200g 24s,"Beef Patty 200g, pack: 24s. Brand Sisu. Sold per Packet.",Sisu,All Items > Frozen > Beef Patty,Packet,"[{""uom"":""Packet"",""conversion_factor"":1.0},{""uom"":""Carton"",""conversion_factor"":24.0}]",,,0,900,261.79
NRD-FULL0447,Cape Bay Full Cream Milk Fresh 2L,"Full Cream Milk Fresh, pack: 2L. Brand Cape Bay. Sold per Nos.",Cape Bay,All Items > Frozen > Full Cream Milk,Nos,"[{""uom"":""Nos"",""conversion_factor"":1.0},{""uom"":""Carton"",""conversion_factor"":50.0}]",,,0,150,290.53
NRD-PRAW0337,Golden Pantry Prawn PDTO 2kg,"Prawn PDTO, pack: 2kg. Brand Golden Pantry. Sold per Kg.",Golden Pantry,All Items > Frozen > Prawn,Kg,"[{""uom"":""Kg"",""conversion_factor"":1.0}]",910410392181,,0,40,57.25
NRD-MISC006,DELIVERY FEE,,,All Items > Frozen > Misc,Nos,"[{""uom"": ""Nos"", ""conversion_factor"": 1.0}]",,,0,0,0.0
NRD-POTA0463,Halberg Potato Fries Crinkle 1kg,"Potato Fries Crinkle, pack: 1kg. Brand Halberg. Sold per Packet.",Halberg,All Items > Frozen > Potato Fries,Packet,"[{""uom"":""Packet"",""conversion_factor"":1.0},{""uom"":""Carton"",""conversion_factor"":100.0}]",984140226070,,0,3,317.53
NRD-SQUI0282,Nordvik Squid Ring Raw 2kg,"Squid Ring Raw, pack: 2kg. Brand Nordvik. Sold per Kg.",Nordvik,All Items > Frozen > Squid Ring,Kg,"[{""uom"":""Kg"",""conversion_factor"":1.0}]",988755055059,,0,0,435.38
NRD-PRAW0067,Nordvik Prawn 16/20 2kg,"Prawn 16/20, pack: 2kg. Brand Nordvik. Sold per Kg.",Nordvik,All Items > Frozen > Prawn,Kg,"[{""uom"":""Kg"",""conversion_factor"":1.0}]",926366357745,,0,900,209.22
NRD-BUTT0402,Nordvik Butter Unsalted Block 5kg,"Butter Unsalted Block, pack: 5kg. Brand Nordvik. Sold per Packet.",Nordvik,All Items > Frozen > Butter Unsalted,Packet,"[{""uom"":""Packet"",""conversion_factor"":1.0},{""uom"":""Carton"",""conversion_factor"":50.0}]",,,0,40,435.48
NRD-SQUI0071,Sisu Squid Ring Breaded 2kg,"Squid Ring Breaded, pack: 2kg. Brand Sisu. Sold per Kg.",Sisu,All Items > Frozen > Squid Ring,Kg,"[{""uom"":""Kg"",""conversion_factor"":1.0}]",,,0,900,421.9
NRD-BUTT0422,Fjordal Butter Unsalted Sheet 500g,"Butter Unsalted Sheet, pack: 500g. Brand Fjordal. Sold per Packet.",Fjordal,All Items > Frozen > Butter Unsalted,Packet,"[{""uom"":""Packet"",""conversion_factor"":1.0},{""uom"":""Carton"",""conversion_factor"":6.0}]",,FJO922019,0,900,295.01
NRD-POTA0371,Fjordal Potato Fries 10mm 1kg,"Potato Fries 10mm, pack: 1kg. Brand Fjordal. Sold per Packet.",Fjordal,All Items > Frozen > Potato Fries,Packet,"[{""uom"":""Packet"",""conversion_factor"":1.0},{""uom"":""Carton"",""conversion_factor"":50.0}]",,,0,40,185.6
NRD-PRAW0342,Nordvik Prawn 31/40 1kg,"Prawn 31/40, pack: 1kg. Brand Nordvik. Sold per Kg.",Nordvik,All Items > Frozen > Prawn,Kg,"[{""uom"":""Kg"",""conversion_factor"":1.0}]",,NOR452883,0,0,186.79
NRD-POTA0156,Halberg Potato Fries 10mm 1kg,"Potato Fries 10mm, pack: 1kg. Brand Halberg. Sold per Packet.",Halberg,All Items > Frozen > Potato Fries,Packet,"[{""uom"":""Packet"",""conversion_factor"":1.0},{""uom"":""Carton"",""conversion_factor"":100.0}]",,HAL442720,0,0,7.8
NRD-VANI0390,Fjordal Vanilla Ice Cream Cone 4L,"Vanilla Ice Cream Cone, pack: 4L. Brand Fjordal. Sold per Nos.",Fjordal,All Items > Frozen > Vanilla Ice Cream,Nos,"[{""uom"":""Nos"",""conversion_factor"":1.0},{""uom"":""Carton"",""conversion_factor"":24.0}]",960915589115,,0,150,479.22
NRD-POTA0151,Fjordal Potato Fries 10mm 2.5kg,"Potato Fries 10mm, pack: 2.5kg. Brand Fjordal. Sold per Packet.",Fjordal,All Items > Frozen > Potato Fries,Packet,"[{""uom"":""Packet"",""conversion_factor"":1.0},{""uom"":""Carton"",""conversion_factor"":10.0}]",944216161037,,0,150,61.13
NRD-CHIC0374,Cape Bay Chicken Breast Whole 5kg,"Chicken Breast Whole, pack: 5kg. Brand Cape Bay. Sold per Kg.",Cape Bay,All Items > Frozen > Chicken Breast,Kg,"[{""uom"":""Kg"",""conversion_factor"":1.0}]",941280608237,,0,0,16.5
NRD-MOZZ0451,Fjordal Mozzarella Block 2kg,"Mozzarella Block, pack: 2kg. Brand Fjordal. Sold per Kg.",Fjordal,All Items > Frozen > Mozzarella,Kg,"[{""uom"":""Kg"",""conversion_factor"":1.0}]",,,0,12,104.45
NRD-SALM0331B,Sisu Salmon Fillet Trim D 5kg (Bulk),"Salmon Fillet Trim D, pack: 5kg. Brand Sisu. Sold per Kg.",Sisu,All Items > Frozen > Salmon Fillet,Kg,"[{""uom"":""Kg"",""conversion_factor"":1.0},{""uom"":""Carton"",""conversion_factor"":144.0}]",,,0,150,186.4
NRD-MOZZ0400,Cape Bay Mozzarella Shredded 1kg,"Mozzarella Shredded, pack: 1kg. Brand Cape Bay. Sold per Kg.",Cape Bay,All Items > Frozen > Mozzarella,Kg,"[{""uom"":""Kg"",""conversion_factor"":1.0}]",912058100698,CAP406948,0,150,264.7
NRD-CHIC0490,Fjordal Chicken Breast Diced 2kg,"Chicken Breast Diced, pack: 2kg. Brand Fjordal. Sold per Kg.",Fjordal,All Items > Frozen > Chicken Breast,Kg,"[{""uom"":""Kg"",""conversion_factor"":1.0}]",941290762605,,0,40,211.56
NRD-CHIC0212,Cape Bay Chicken Breast Strips 1kg,"Chicken Breast Strips, pack: 1kg. Brand Cape Bay. Sold per Kg.",Cape Bay,All Items > Frozen > Chicken Breast,Kg,"[{""uom"":""Kg"",""conversion_factor"":1.0}]",966384119010,,0,40,280.22
NRD-PUFF0044,Sisu Puff Pastry Block 1kg,"Puff Pastry Block, pack: 1kg. Brand Sisu. Sold per Packet.",Sisu,All Items > Frozen > Puff Pastry,Packet,"[{""uom"":""Packet"",""conversion_factor"":1.0},{""uom"":""Carton"",""conversion_factor"":50.0}]",967709448345,,0,3,417.48
NRD-BUTT0347,Cape Bay Butter Unsalted Block 500g,"Butter Unsalted Block, pack: 500g. Brand Cape Bay. Sold per Packet.",Cape Bay,All Items > Frozen > Butter Unsalted,Packet,"[{""uom"":""Packet"",""conversion_factor"":1.0},{""uom"":""Carton"",""conversion_factor"":6.0}]",,,0,40,384.11
NRD-MOZZ0189,Fjordal Mozzarella Block 1kg,"Mozzarella Block, pack: 1kg. Brand Fjordal. Sold per Kg.",Fjordal,All Items > Frozen > Mozzarella,Kg,"[{""uom"":""Kg"",""conversion_factor"":1.0}]",,FJO668836,0,150,395.24
NRD-BEEF0354,Fjordal Beef Patty 150g 48s,"Beef Patty 150g, pack: 48s. Brand Fjordal. Sold per Packet.",Fjordal,All Items > Frozen > Beef Patty,Packet,"[{""uom"":""Packet"",""conversion_factor"":1.0},{""uom"":""Carton"",""conversion_factor"":10.0}]",979996305975,,0,0,449.71
NRD-POTA0326,Cape Bay Potato Fries Crinkle 1kg,"Potato Fries Crinkle, pack: 1kg. Brand Cape Bay. Sold per Packet.",Cape Bay,All Items > Frozen > Potato Fries,Packet,"[{""uom"":""Packet"",""conversion_factor"":1.0},{""uom"":""Carton"",""conversion_factor"":6.0}]",,CAP446150,0,0,68.09
NRD-VANI0427,Golden Pantry Vanilla Ice Cream Tub 4L,"Vanilla Ice Cream Tub, pack: 4L. Brand Golden Pantry. Sold per Nos.",Golden Pantry,All Items > Frozen > Vanilla Ice Cream,Nos,"[{""uom"":""Nos"",""conversion_factor"":1.0},{""uom"":""Carton"",""conversion_factor"":6.0}]",,,0,900,273.83
NRD-CHIC0268,Sisu Chicken Breast Diced 2kg,"Chicken Breast Diced, pack: 2kg. Brand Sisu. Sold per Kg.",Sisu,All Items > Frozen > Chicken Breast,Kg,"[{""uom"":""Kg"",""conversion_factor"":1.0}]",,SIS809057,0,150,191.8
NRD-PRAW0275,Fjordal Prawn 16/20 2kg,"Prawn 16/20, pack: 2kg. Brand Fjordal. Sold per Kg.",Fjordal,All Items > Frozen > Prawn,Kg,"[{""uom"":""Kg"",""conversion_factor"":1.0}]",948121329245,FJO235460,0,0,231.7
NRD-BUTT0052,Cape Bay Butter Unsalted Sheet 250g,"Butter Unsalted Sheet, pack: 250g. Brand Cape Bay. Sold per Packet.",Cape Bay,All Items > Frozen > Butter Unsalted,Packet,"[{""uom"":""Packet"",""conversion_factor"":1.0},{""uom"":""Carton"",""conversion_factor"":10.0}]",993488215538,CAP926876,0,0,466.48
NRD-CHIC0115,Fjordal Chicken Breast Diced 1kg,"Chicken Breast Diced, pack: 1kg. Brand Fjordal. Sold per Kg.",Fjordal,All Items > Frozen > Chicken Breast,Kg,"[{""uom"":""Kg"",""conversion_factor"":1.0}]",,,0,0,432.55
NRD-FULL0147,Halberg Full Cream Milk UHT 2L,"Full Cream Milk UHT, pack: 2L. Brand Halberg. Sold per Nos.",Halberg,All Items > Frozen > Full Cream Milk,Nos,"[{""uom"":""Nos"",""conversion_factor"":1.0},{""uom"":""Carton"",""conversion_factor"":6.0}]",946857310744,HAL041417,0,12,454.07
NRD-SQUI0397,Nordvik Squid Ring Breaded 2kg,"Squid Ring Breaded, pack: 2kg. Brand Nordvik. Sold per Kg.",Nordvik,All Items > Frozen > Squid Ring,Kg,"[{""uom"":""Kg"",""conversion_factor"":1.0}]",,NOR052838,0,900,155.62
NRD-WHIP0442,Golden Pantry Whipping Cream 38% 1L,"Whipping Cream 38%, pack: 1L. Brand Golden Pantry. Sold per Nos.",Golden Pantry,All Items > Frozen > Whipping Cream,Nos,"[{""uom"":""Nos"",""conversion_factor"":1.0},{""uom"":""Carton"",""conversion_factor"":50.0}]",,,0,0,395.94
NRD-FULL0236,Golden Pantry Full Cream Milk Fresh 1L,"Full Cream Milk Fresh, pack: 1L. Brand Golden Pantry. Sold per Nos.",Golden Pantry,All Items > Frozen > Full Cream Milk,Nos,"[{""uom"":""Nos"",""conversion_factor"":1.0},{""uom"":""Carton"",""conversion_factor"":24.0}]",964291823662,,0,3,332.77
NRD-CHIC0464,Golden Pantry Chicken Breast Strips 10kg,"Chicken Breast Strips, pack: 10kg. Brand Golden Pantry. Sold per Kg.",Golden Pantry,All Items > Frozen > Chicken Breast,Kg,"[{""uom"":""Kg"",""conversion_factor"":1.0}]",936165059553,,0,3,406.84
NRD-MISC002,MISC CHARGE,,,All Items > Frozen > Misc,Nos,"[{""uom"": ""Nos"", ""conversion_factor"": 1.0}]",,,0,0,0.0
NRD-POTA0164,Cape Bay Potato Fries 10mm 2.5kg,"Potato Fries 10mm, pack: 2.5kg. Brand Cape Bay. Sold per Packet.",Cape Bay,All Items > Frozen > Potato Fries,Packet,"[{""uom"":""Packet"",""conversion_factor"":1.0},{""uom"":""Carton"",""conversion_factor"":24.0}]",,,0,3,12.74
NRD-VANI0148,Nordvik Vanilla Ice Cream Tub 6s,"Vanilla Ice Cream Tub, pack: 6s. Brand Nordvik. Sold per Nos.",Nordvik,All Items > Frozen > Vanilla Ice Cream,Nos,"[{""uom"":""Nos"",""conversion_factor"":1.0},{""uom"":""Carton"",""conversion_factor"":10.0}]",922889156225,,0,3,416.61
NRD-FULL0010,Nordvik Full Cream Milk Fresh 2L,"Full Cream Milk Fresh, pack: 2L. Brand Nordvik. Sold per Nos.",Nordvik,All Items > Frozen > Full Cream Milk,Nos,"[{""uom"":""Nos"",""conversion_factor"":1.0},{""uom"":""Carton"",""conversion_factor"":12.0}]",996295959265,NOR766779,0,12,322.91
NRD-BEEF0214B,Fjordal Beef Patty 100g 24s (Bulk),"Beef Patty 100g, pack: 24s. Brand Fjordal. Sold per Packet.",Fjordal,All Items > Frozen > Beef Patty,Packet,"[{""uom"":""Packet"",""conversion_factor"":1.0},{""uom"":""Carton"",""conversion_factor"":144.0}]",942247550350,FJO977878,0,0,273.63
NRD-PUFF0056,Golden Pantry Puff Pastry Block 1kg,"Puff Pastry Block, pack: 1kg. Brand Golden Pantry. Sold per Packet.",Golden Pantry,All Items > Frozen > Puff Pastry,Packet,"[{""uom"":""Packet"",""conversion_factor"":1.0},{""uom"":""Carton"",""conversion_factor"":10.0}]",,GOL344982,0,40,268.25
NRD-PUFF0254,Fjordal Puff Pastry Block 5kg,"Puff Pastry Block, pack: 5kg. Brand Fjordal. Sold per Packet.",Fjordal,All Items > Frozen > Puff Pastry,Packet,"[{""uom"":""Packet"",""conversion_factor"":1.0},{""uom"":""Carton"",""conversion_factor"":100.0}]",932098620909,,0,3,359.17
NRD-POTA0309,Cape Bay Potato Fries 10mm 1kg,"Potato Fries 10mm, pack: 1kg. Brand Cape Bay. Sold per Packet.",Cape Bay,All Items > Frozen > Potato Fries,Packet,"[{""uom"":""Packet"",""conversion_factor"":1.0},{""uom"":""Carton"",""conversion_factor"":12.0}]",,,0,40,457.59
NRD-POTA0388,Cape Bay Potato Fries 7mm 1kg,"Potato Fries 7mm, pack: 1kg. Brand Cape Bay. Sold per Packet.",Cape Bay,All Items > Frozen > Potato Fries,Packet,"[{""uom"":""Packet"",""conversion_factor"":1.0},{""uom"":""Carton"",""conversion_factor"":10.0}]",,,0,40,52.93
NRD-PRAW0237,Halberg Prawn PDTO 2kg,"Prawn PDTO, pack: 2kg. Brand Halberg. Sold per Kg.",Halberg,All Items > Frozen > Prawn,Kg,"[{""uom"":""Kg"",""conversion_factor"":1.0}]",,HAL896284,0,150,1.52
NRD-CHIC0217,Fjordal Chicken Breast Whole 10kg,"Chicken Breast Whole, pack: 10kg. Brand Fjordal. Sold per Kg.",Fjordal,All Items > Frozen > Chicken Breast,Kg,"[{""uom"":""Kg"",""conversion_factor"":1.0}]",932029220069,FJO882958,0,40,223.79
NRD-SALM0276,Golden Pantry Salmon Fillet Trim D 5kg,"Salmon Fillet Trim D, pack: 5kg. Brand Golden Pantry. Sold per Kg.",Golden Pantry,All Items > Frozen > Salmon Fillet,Kg,"[{""uom"":""Kg"",""conversion_factor"":1.0}]",,,0,3,387.39
NRD-SALM0094,Fjordal Salmon Fillet Side 3kg,"Salmon Fillet Side, pack: 3kg. Brand Fjordal. Sold per Kg.",Fjordal,All Items > Frozen > Salmon Fillet,Kg,"[{""uom"":""Kg"",""conversion_factor"":1.0}]",900816443200,,0,150,206.71
NRD-BUTT0196,Fjordal Butter Unsalted Sheet 5kg,"Butter Unsalted Sheet, pack: 5kg. Brand Fjordal. Sold per Packet.",Fjordal,All Items > Frozen > Butter Unsalted,Packet,"[{""uom"":""Packet"",""conversion_factor"":1.0},{""uom"":""Carton"",""conversion_factor"":24.0}]",962072756176,,0,900,98.68
NRD-BEEF0131,Halberg Beef Patty 100g 24s,"Beef Patty 100g, pack: 24s. Brand Halberg. Sold per Packet.",Halberg,All Items > Frozen > Beef Patty,Packet,"[{""uom"":""Packet"",""conversion_factor"":1.0},{""uom"":""Carton"",""conversion_factor"":100.0}]",914474754407,HAL088702,0,0,101.85
NRD-PRAW0129,Halberg Prawn 16/20 2kg,"Prawn 16/20, pack: 2kg. Brand Halberg. Sold per Kg.",Halberg,All Items > Frozen > Prawn,Kg,"[{""uom"":""Kg"",""conversion_factor"":1.0}]",,HAL315627,0,900,206.52
NRD-BUTT0037,Fjordal Butter Unsalted Sheet 250g,"Butter Unsalted Sheet, pack: 250g. Brand Fjordal. Sold per Packet.",Fjordal,All Items > Frozen > Butter Unsalted,Packet,"[{""uom"":""Packet"",""conversion_factor"":1.0},{""uom"":""Carton"",""conversion_factor"":50.0}]",,,0,900,17.06
NRD-MOZZ0110,Cape Bay Mozzarella Diced 1kg,"Mozzarella Diced, pack: 1kg. Brand Cape Bay. Sold per Kg.",Cape Bay,All Items > Frozen > Mozzarella,Kg,"[{""uom"":""Kg"",""conversion_factor"":1.0}]",,,0,12,424.43
NRD-SALM0473,Golden Pantry Salmon Fillet Trim D 1kg,"Salmon Fillet Trim D, pack: 1kg. Brand Golden Pantry. Sold per Kg.",Golden Pantry,All Items > Frozen > Salmon Fillet,Kg,"[{""uom"":""Kg"",""conversion_factor"":1.0}]",982184090270,GOL121048,0,3,391.06
NRD-MISC004,OPENING BALANCE,,,All Items > Frozen > Misc,Nos,"[{""uom"": ""Nos"", ""conversion_factor"": 1.0}]",,,0,0,0.0
NRD-BEEF0019,Halberg Beef Patty 150g 12s,"Beef Patty 150g, pack: 12s. Brand Halberg. Sold per Packet.",Halberg,All Items > Frozen > Beef Patty,Packet,"[{""uom"":""Packet"",""conversion_factor"":1.0},{""uom"":""Carton"",""conversion_factor"":50.0}]",995942818563,HAL179395,0,900,439.14
NRD-CHIC0058,Sisu Chicken Breast Diced 1kg,"Chicken Breast Diced, pack: 1kg. Brand Sisu. Sold per Kg.",Sisu,All Items > Frozen > Chicken Breast,Kg,"[{""uom"":""Kg"",""conversion_factor"":1.0}]",,SIS818300,0,0,358.89
NRD-SALM0440,Fjordal Salmon Fillet Portion 3kg,"Salmon Fillet Portion, pack: 3kg. Brand Fjordal. Sold per Kg.",Fjordal,All Items > Frozen > Salmon Fillet,Kg,"[{""uom"":""Kg"",""conversion_factor"":1.0}]",,,0,40,255.09
NRD-VANI0480,Golden Pantry Vanilla Ice Cream Tub 1L,"Vanilla Ice Cream Tub, pack: 1L. Brand Golden Pantry. Sold per Nos.",Golden Pantry,All Items > Frozen > Vanilla Ice Cream,Nos,"[{""uom"":""Nos"",""conversion_factor"":1.0},{""uom"":""Carton"",""conversion_factor"":10.0}]",919010582925,GOL620483,0,0,69.81
NRD-SALM0405,Halberg Salmon Fillet Portion 1kg,"Salmon Fillet Portion, pack: 1kg. Brand Halberg. Sold per Kg.",Halberg,All Items > Frozen > Salmon Fillet,Kg,"[{""uom"":""Kg"",""conversion_factor"":1.0}]",987685627194,,0,12,343.95
NRD-CHIC0026,Cape Bay Chicken Breast Diced 2kg,"Chicken Breast Diced, pack: 2kg. Brand Cape Bay. Sold per Kg.",Cape Bay,All Items > Frozen > Chicken Breast,Kg,"[{""uom"":""Kg"",""conversion_factor"":1.0}]",,CAP866670,0,150,218.78
NRD-MOZZ0415,Golden Pantry Mozzarella Shredded 1kg,"Mozzarella Shredded, pack: 1kg. Brand Golden Pantry. Sold per Kg.",Golden Pantry,All Items > Frozen > Mozzarella,Kg,"[{""uom"":""Kg"",""conversion_factor"":1.0}]",,,0,150,418.11
NRD-WHIP0005,Cape Bay Whipping Cream 35% 1L,"Whipping Cream 35%, pack: 1L. Brand Cape Bay. Sold per Nos.",Cape Bay,All Items > Frozen > Whipping Cream,Nos,"[{""uom"":""Nos"",""conversion_factor"":1.0},{""uom"":""Carton"",""conversion_factor"":10.0}]",,,0,40,388.43
NRD-SALM0223,Fjordal Salmon Fillet Portion 5kg,"Salmon Fillet Portion, pack: 5kg. Brand Fjordal. Sold per Kg.",Fjordal,All Items > Frozen > Salmon Fillet,Kg,"[{""uom"":""Kg"",""conversion_factor"":1.0}]",931423096238,FJO978582,0,0,295.94
NRD-PRAW0475,Golden Pantry Prawn 21/25 2kg,"Prawn 21/25, pack: 2kg. Brand Golden Pantry. Sold per Kg.",Golden Pantry,All Items > Frozen > Prawn,Kg,"[{""uom"":""Kg"",""conversion_factor"":1.0}]",909045054552,GOL063983,0,0,194.12
NRD-WHIP0083,Halberg Whipping Cream 35% 1L,"Whipping Cream 35%, pack: 1L. Brand Halberg. Sold per Nos.",Halberg,All Items > Frozen > Whipping Cream,Nos,"[{""uom"":""Nos"",""conversion_factor"":1.0},{""uom"":""Carton"",""conversion_factor"":12.0}]",,HAL066889,0,150,2.65
NRD-FULL0307,Cape Bay Full Cream Milk Fresh 1L,"Full Cream Milk Fresh, pack: 1L. Brand Cape Bay. Sold per Nos.",Cape Bay,All Items > Frozen > Full Cream Milk,Nos,"[{""uom"":""Nos"",""conversion_factor"":1.0},{""uom"":""Carton"",""conversion_factor"":6.0}]",918979221698,,0,150,99.27
NRD-POTA0366,Halberg Potato Fries Wedge 1kg,"Potato Fries Wedge, pack: 1kg. Brand Halberg. Sold per Packet.",Halberg,All Items > Frozen > Potato Fries,Packet,"[{""uom"":""Packet"",""conversion_factor"":1.0},{""uom"":""Carton"",""conversion_factor"":50.0}]",960548547273,,0,150,198.71
NRD-CHIC0107,Fjordal Chicken Breast Strips 2kg,"Chicken Breast Strips, pack: 2kg. Brand Fjordal. Sold per Kg.",Fjordal,All Items > Frozen > Chicken Breast,Kg,"[{""uom"":""Kg"",""conversion_factor"":1.0}]",,FJO621277,0,150,460.97
NRD-SALM0322,Fjordal Salmon Fillet Trim D 3kg,"Salmon Fillet Trim D, pack: 3kg. Brand Fjordal. Sold per Kg.",Fjordal,All Items > Frozen > Salmon Fillet,Kg,"[{""uom"":""Kg"",""conversion_factor"":1.0}]",,,0,150,365.92
NRD-POTA0394,Fjordal Potato Fries Crinkle 1kg,"Potato Fries Crinkle, pack: 1kg. Brand Fjordal. Sold per Packet.",Fjordal,All Items > Frozen > Potato Fries,Packet,"[{""uom"":""Packet"",""conversion_factor"":1.0},{""uom"":""Carton"",""conversion_factor"":50.0}]",964883765910,,0,3,102.05
NRD-PRAW0318,Fjordal Prawn 21/25 1kg,"Prawn 21/25, pack: 1kg. Brand Fjordal. Sold per Kg.",Fjordal,All Items > Frozen > Prawn,Kg,"[{""uom"":""Kg"",""conversion_factor"":1.0}]",,,0,0,413.14
NRD-SQUI0249,Golden Pantry Squid Ring Raw 1kg,"Squid Ring Raw, pack: 1kg. Brand Golden Pantry. Sold per Kg.",Golden Pantry,All Items > Frozen > Squid Ring,Kg,"[{""uom"":""Kg"",""conversion_factor"":1.0}]",,GOL080970,0,150,125.62
NRD-CHIC0379,Golden Pantry Chicken Breast Whole 5kg,"Chicken Breast Whole, pack: 5kg. Brand Golden Pantry. Sold per Kg.",Golden Pantry,All Items > Frozen > Chicken Breast,Kg,"[{""uom"":""Kg"",""conversion_factor"":1.0}]",925965544031,,0,3,368.06
NRD-FULL0416,Fjordal Full Cream Milk Fresh 200ml,"Full Cream Milk Fresh, pack: 200ml. Brand Fjordal. Sold per Nos.",Fjordal,All Items > Frozen > Full Cream Milk,Nos,"[{""uom"":""Nos"",""conversion_factor"":1.0},{""uom"":""Carton"",""conversion_factor"":24.0}]",,,0,12,473.05
NRD-SQUI0381,Sisu Squid Ring Raw 2kg,"Squid Ring Raw, pack: 2kg. Brand Sisu. Sold per Kg.",Sisu,All Items > Frozen > Squid Ring,Kg,"[{""uom"":""Kg"",""conversion_factor"":1.0}]",,,0,3,103.86
NRD-CHIC0253,Nordvik Chicken Breast Diced 5kg,"Chicken Breast Diced, pack: 5kg. Brand Nordvik. Sold per Kg.",Nordvik,All Items > Frozen > Chicken Breast,Kg,"[{""uom"":""Kg"",""conversion_factor"":1.0}]",,NOR976911,0,3,408.37
NRD-WHIP0230,Nordvik Whipping Cream 38% 1L,"Whipping Cream 38%, pack: 1L. Brand Nordvik. Sold per Nos.",Nordvik,All Items > Frozen > Whipping Cream,Nos,"[{""uom"":""Nos"",""conversion_factor"":1.0},{""uom"":""Carton"",""conversion_factor"":10.0}]",,,0,12,340.85
NRD-SALM0349,Cape Bay Salmon Fillet Trim D 1kg,"Salmon Fillet Trim D, pack: 1kg. Brand Cape Bay. Sold per Kg.",Cape Bay,All Items > Frozen > Salmon Fillet,Kg,"[{""uom"":""Kg"",""conversion_factor"":1.0}]",956273313615,,0,0,460.11
NRD-BEEF0165,Fjordal Beef Patty 100g 48s,"Beef Patty 100g, pack: 48s. Brand Fjordal. Sold per Packet.",Fjordal,All Items > Frozen > Beef Patty,Packet,"[{""uom"":""Packet"",""conversion_factor"":1.0},{""uom"":""Carton"",""conversion_factor"":50.0}]",938084468460,FJO630866,0,12,426.05
NRD-PUFF0297,Sisu Puff Pastry Block 2kg,"Puff Pastry Block, pack: 2kg. Brand Sisu. Sold per Packet.",Sisu,All Items > Frozen > Puff Pastry,Packet,"[{""uom"":""Packet"",""conversion_factor"":1.0},{""uom"":""Carton"",""conversion_factor"":10.0}]",,,0,0,6.21
NRD-PUFF0098,Cape Bay Puff Pastry Block 5kg,"Puff Pastry Block, pack: 5kg. Brand Cape Bay. Sold per Packet.",Cape Bay,All Items > Frozen > Puff Pastry,Packet,"[{""uom"":""Packet"",""conversion_factor"":1.0},{""uom"":""Carton"",""conversion_factor"":10.0}]",,CAP465830,0,0,313.14
NRD-PRAW0245,Golden Pantry Prawn 21/25 1kg,"Prawn 21/25, pack: 1kg. Brand Golden Pantry. Sold per Kg.",Golden Pantry,All Items > Frozen > Prawn,Kg,"[{""uom"":""Kg"",""conversion_factor"":1.0}]",,,0,0,136.85
NRD-CHIC0411,Halberg Chicken Breast Strips 10kg,"Chicken Breast Strips, pack: 10kg. Brand Halberg. Sold per Kg.",Halberg,All Items > Frozen > Chicken Breast,Kg,"[{""uom"":""Kg"",""conversion_factor"":1.0}]",989193967802,,0,0,224.45
NRD-PRAW0266,Halberg Prawn PDTO 1kg,"Prawn PDTO, pack: 1kg. Brand Halberg. Sold per Kg.",Halberg,All Items > Frozen > Prawn,Kg,"[{""uom"":""Kg"",""conversion_factor"":1.0}]",944780549643,,0,150,302.77
NRD-FULL0410,Golden Pantry Full Cream Milk Fresh 200ml,"Full Cream Milk Fresh, pack: 200ml. Brand Golden Pantry. Sold per Nos.",Golden Pantry,All Items > Frozen > Full Cream Milk,Nos,"[{""uom"":""Nos"",""conversion_factor"":1.0},{""uom"":""Carton"",""conversion_factor"":12.0}]",,,0,12,40.92
NRD-POTA0485,Nordvik Potato Fries 7mm 1kg,"Potato Fries 7mm, pack: 1kg. Brand Nordvik. Sold per Packet.",Nordvik,All Items > Frozen > Potato Fries,Packet,"[{""uom"":""Packet"",""conversion_factor"":1.0},{""uom"":""Carton"",""conversion_factor"":12.0}]",944325165337,NOR604753,0,150,267.77
NRD-CHIC0144,Golden Pantry Chicken Breast Diced 5kg,"Chicken Breast Diced, pack: 5kg. Brand Golden Pantry. Sold per Kg.",Golden Pantry,All Items > Frozen > Chicken Breast,Kg,"[{""uom"":""Kg"",""conversion_factor"":1.0}]",942735949711,,0,900,397.69
NRD-MOZZ0170,Golden Pantry Mozzarella Diced 2kg,"Mozzarella Diced, pack: 2kg. Brand Golden Pantry. Sold per Kg.",Golden Pantry,All Items > Frozen > Mozzarella,Kg,"[{""uom"":""Kg"",""conversion_factor"":1.0}]",918450972028,GOL015876,0,0,70.05
NRD-PRAW0097,Fjordal Prawn 31/40 1kg,"Prawn 31/40, pack: 1kg. Brand Fjordal. Sold per Kg.",Fjordal,All Items > Frozen > Prawn,Kg,"[{""uom"":""Kg"",""conversion_factor"":1.0}]",933770509692,,0,0,154.13
NRD-SQUI0434,Fjordal Squid Ring Breaded 1kg,"Squid Ring Breaded, pack: 1kg. Brand Fjordal. Sold per Kg.",Fjordal,All Items > Frozen > Squid Ring,Kg,"[{""uom"":""Kg"",""conversion_factor"":1.0}]",985518860190,,0,900,134.54
NRD-PRAW0051,Sisu Prawn 31/40 1kg,"Prawn 31/40, pack: 1kg. Brand Sisu. Sold per Kg.",Sisu,All Items > Frozen > Prawn,Kg,"[{""uom"":""Kg"",""conversion_factor"":1.0}]",,SIS193763,0,3,181.65
NRD-SALM0064B,Sisu Salmon Fillet Portion 1kg (Bulk),"Salmon Fillet Portion, pack: 1kg. Brand Sisu. Sold per Kg.",Sisu,All Items > Frozen > Salmon Fillet,Kg,"[{""uom"":""Kg"",""conversion_factor"":1.0},{""uom"":""Carton"",""conversion_factor"":144.0}]",995067535618,,0,900,426.31
NRD-VANI0202,Sisu Vanilla Ice Cream Cone 6s,"Vanilla Ice Cream Cone, pack: 6s. Brand Sisu. Sold per Nos.",Sisu,All Items > Frozen > Vanilla Ice Cream,Nos,"[{""uom"":""Nos"",""conversion_factor"":1.0},{""uom"":""Carton"",""conversion_factor"":10.0}]",,SIS326372,0,0,213.5
NRD-FULL0082,Golden Pantry Full Cream Milk Fresh 2L,"Full Cream Milk Fresh, pack: 2L. Brand Golden Pantry. Sold per Nos.",Golden Pantry,All Items > Frozen > Full Cream Milk,Nos,"[{""uom"":""Nos"",""conversion_factor"":1.0},{""uom"":""Carton"",""conversion_factor"":6.0}]",,,0,0,185.55
NRD-PUFF0281,Halberg Puff Pastry Block 1kg,"Puff Pastry Block, pack: 1kg. Brand Halberg. Sold per Packet.",Halberg,All Items > Frozen > Puff Pastry,Packet,"[{""uom"":""Packet"",""conversion_factor"":1.0},{""uom"":""Carton"",""conversion_factor"":50.0}]",,,0,150,213.73
NRD-PRAW0053,Golden Pantry Prawn 16/20 2kg,"Prawn 16/20, pack: 2kg. Brand Golden Pantry. Sold per Kg.",Golden Pantry,All Items > Frozen > Prawn,Kg,"[{""uom"":""Kg"",""conversion_factor"":1.0}]",965657626624,,0,40,412.79
NRD-POTA0128,Sisu Potato Fries Wedge 2.5kg,"Potato Fries Wedge, pack: 2.5kg. Brand Sisu. Sold per Packet.",Sisu,All Items > Frozen > Potato Fries,Packet,"[{""uom"":""Packet"",""conversion_factor"":1.0},{""uom"":""Carton"",""conversion_factor"":100.0}]",914015692542,SIS273636,0,0,225.54
NRD-SALM0448,Fjordal Salmon Fillet Side 5kg,"Salmon Fillet Side, pack: 5kg. Brand Fjordal. Sold per Kg.",Fjordal,All Items > Frozen > Salmon Fillet,Kg,"[{""uom"":""Kg"",""conversion_factor"":1.0}]",,,0,0,426.33
NRD-SALM0201,Halberg Salmon Fillet Side 1kg,"Salmon Fillet Side, pack: 1kg. Brand Halberg. Sold per Kg.",Halberg,All Items > Frozen > Salmon Fillet,Kg,"[{""uom"":""Kg"",""conversion_factor"":1.0}]",,,0,150,26.6
NRD-VANI0242,Cape Bay Vanilla Ice Cream Tub 1L,"Vanilla Ice Cream Tub, pack: 1L. Brand Cape Bay. Sold per Nos.",Cape Bay,All Items > Frozen > Vanilla Ice Cream,Nos,"[{""uom"":""Nos"",""conversion_factor"":1.0},{""uom"":""Carton"",""conversion_factor"":6.0}]",995297993128,,0,12,143.05
NRD-VANI0345,Golden Pantry Vanilla Ice Cream Cone 1L,"Vanilla Ice Cream Cone, pack: 1L. Brand Golden Pantry. Sold per Nos.",Golden Pantry,All Items > Frozen > Vanilla Ice Cream,Nos,"[{""uom"":""Nos"",""conversion_factor"":1.0},{""uom"":""Carton"",""conversion_factor"":100.0}]",961180387324,GOL029709,0,0,210.08
NRD-PRAW0291,Sisu Prawn PDTO 2kg,"Prawn PDTO, pack: 2kg. Brand Sisu. Sold per Kg.",Sisu,All Items > Frozen > Prawn,Kg,"[{""uom"":""Kg"",""conversion_factor"":1.0}]",,,0,150,426.28
NRD-MOZZ0364,Nordvik Mozzarella Shredded 1kg,"Mozzarella Shredded, pack: 1kg. Brand Nordvik. Sold per Kg.",Nordvik,All Items > Frozen > Mozzarella,Kg,"[{""uom"":""Kg"",""conversion_factor"":1.0}]",,NOR518454,0,900,61.37
NRD-SALM0470,Halberg Salmon Fillet Portion 3kg,"Salmon Fillet Portion, pack: 3kg. Brand Halberg. Sold per Kg.",Halberg,All Items > Frozen > Salmon Fillet,Kg,"[{""uom"":""Kg"",""conversion_factor"":1.0}]",966175147714,,0,0,103.7
NRD-SALM0404,Halberg Salmon Fillet Trim D 1kg,"Salmon Fillet Trim D, pack: 1kg. Brand Halberg. Sold per Kg.",Halberg,All Items > Frozen > Salmon Fillet,Kg,"[{""uom"":""Kg"",""conversion_factor"":1.0}]",938274301176,HAL141075,0,0,80.21
NRD-BUTT0399,Cape Bay Butter Unsalted Sheet 5kg,"Butter Unsalted Sheet, pack: 5kg. Brand Cape Bay. Sold per Packet.",Cape Bay,All Items > Frozen > Butter Unsalted,Packet,"[{""uom"":""Packet"",""conversion_factor"":1.0},{""uom"":""Carton"",""conversion_factor"":50.0}]",925942348053,,0,150,51.92
NRD-POTA0238,Fjordal Potato Fries 7mm 2.5kg,"Potato Fries 7mm, pack: 2.5kg. Brand Fjordal. Sold per Packet.",Fjordal,All Items > Frozen > Potato Fries,Packet,"[{""uom"":""Packet"",""conversion_factor"":1.0},{""uom"":""Carton"",""conversion_factor"":100.0}]",,,0,900,15.13
NRD-MOZZ0205,Sisu Mozzarella Shredded 2kg,"Mozzarella Shredded, pack: 2kg. Brand Sisu. Sold per Kg.",Sisu,All Items > Frozen > Mozzarella,Kg,"[{""uom"":""Kg"",""conversion_factor"":1.0}]",982585916350,,0,150,168.64
NRD-SALM0033,Nordvik Salmon Fillet Trim D 5kg,"Salmon Fillet Trim D, pack: 5kg. Brand Nordvik. Sold per Kg.",Nordvik,All Items > Frozen > Salmon Fillet,Kg,"[{""uom"":""Kg"",""conversion_factor"":1.0}]",,,0,150,10.93
NRD-MOZZ0054,Halberg Mozzarella Block 2kg,"Mozzarella Block, pack: 2kg. Brand Halberg. Sold per Kg.",Halberg,All Items > Frozen > Mozzarella,Kg,"[{""uom"":""Kg"",""conversion_factor"":1.0}]",965675921628,,0,900,225.28
NRD-CHIC0215,Golden Pantry Chicken Breast Whole 10kg,"Chicken Breast Whole, pack: 10kg. Brand Golden Pantry. Sold per Kg.",Golden Pantry,All Items > Frozen > Chicken Breast,Kg,"[{""uom"":""Kg"",""conversion_factor"":1.0}]",,,0,3,365.71
NRD-CHIC0396,Halberg Chicken Breast Strips 2kg,"Chicken Breast Strips, pack: 2kg. Brand Halberg. Sold per Kg.",Halberg,All Items > Frozen > Chicken Breast,Kg,"[{""uom"":""Kg"",""conversion_factor"":1.0}]",992384568405,HAL908066,0,900,2.33
NRD-BEEF0265,Golden Pantry Beef Patty 150g 48s,"Beef Patty 150g, pack: 48s. Brand Golden Pantry. Sold per Packet.",Golden Pantry,All Items > Frozen > Beef Patty,Packet,"[{""uom"":""Packet"",""conversion_factor"":1.0},{""uom"":""Carton"",""conversion_factor"":6.0}]",,GOL138087,0,12,416.48
NRD-CHIC0162,Nordvik Chicken Breast Whole 10kg,"Chicken Breast Whole, pack: 10kg. Brand Nordvik. Sold per Kg.",Nordvik,All Items > Frozen > Chicken Breast,Kg,"[{""uom"":""Kg"",""conversion_factor"":1.0}]",902480568416,NOR751132,0,0,331.14
NRD-BEEF0014,Halberg Beef Patty 150g 48s,"Beef Patty 150g, pack: 48s. Brand Halberg. Sold per Packet.",Halberg,All Items > Frozen > Beef Patty,Packet,"[{""uom"":""Packet"",""conversion_factor"":1.0},{""uom"":""Carton"",""conversion_factor"":6.0}]",,HAL733491,0,0,457.36
NRD-SALM0123,Cape Bay Salmon Fillet Portion 5kg,"Salmon Fillet Portion, pack: 5kg. Brand Cape Bay. Sold per Kg.",Cape Bay,All Items > Frozen > Salmon Fillet,Kg,"[{""uom"":""Kg"",""conversion_factor"":1.0}]",,,0,12,356.11
NRD-SQUI0304,Halberg Squid Ring Breaded 2kg,"Squid Ring Breaded, pack: 2kg. Brand Halberg. Sold per Kg.",Halberg,All Items > Frozen > Squid Ring,Kg,"[{""uom"":""Kg"",""conversion_factor"":1.0}]",938287623581,,0,0,191.74
NRD-PUFF0296,Nordvik Puff Pastry Block 5kg,"Puff Pastry Block, pack: 5kg. Brand Nordvik. Sold per Packet.",Nordvik,All Items > Frozen > Puff Pastry,Packet,"[{""uom"":""Packet"",""conversion_factor"":1.0},{""uom"":""Carton"",""conversion_factor"":24.0}]",925953763715,,0,12,133.43
NRD-PUFF0408,Golden Pantry Puff Pastry Sheet 5kg,"Puff Pastry Sheet, pack: 5kg. Brand Golden Pantry. Sold per Packet.",Golden Pantry,All Items > Frozen > Puff Pastry,Packet,"[{""uom"":""Packet"",""conversion_factor"":1.0},{""uom"":""Carton"",""conversion_factor"":50.0}]",,GOL613727,0,12,470.16
NRD-BEEF0343,Nordvik Beef Patty 100g 24s,"Beef Patty 100g, pack: 24s. Brand Nordvik. Sold per Packet.",Nordvik,All Items > Frozen > Beef Patty,Packet,"[{""uom"":""Packet"",""conversion_factor"":1.0},{""uom"":""Carton"",""conversion_factor"":24.0}]",912485579250,NOR448675,0,3,414.27
NRD-SALM0100,Nordvik Salmon Fillet Side 5kg,"Salmon Fillet Side, pack: 5kg. Brand Nordvik. Sold per Kg.",Nordvik,All Items > Frozen > Salmon Fillet,Kg,"[{""uom"":""Kg"",""conversion_factor"":1.0}]",918452657287,,0,3,288.37
NRD-POTA0158,Golden Pantry Potato Fries Crinkle 2.5kg,"Potato Fries Crinkle, pack: 2.5kg. Brand Golden Pantry. Sold per Packet.",Golden Pantry,All Items > Frozen > Potato Fries,Packet,"[{""uom"":""Packet"",""conversion_factor"":1.0},{""uom"":""Carton"",""conversion_factor"":12.0}]",,GOL944715,0,900,27.01
NRD-CHIC0219,Cape Bay Chicken Breast Whole 1kg,"Chicken Breast Whole, pack: 1kg. Brand Cape Bay. Sold per Kg.",Cape Bay,All Items > Frozen > Chicken Breast,Kg,"[{""uom"":""Kg"",""conversion_factor"":1.0}]",909774303392,,0,12,314.24
NRD-BEEF0185,Halberg Beef Patty 200g 12s,"Beef Patty 200g, pack: 12s. Brand Halberg. Sold per Packet.",Halberg,All Items > Frozen > Beef Patty,Packet,"[{""uom"":""Packet"",""conversion_factor"":1.0},{""uom"":""Carton"",""conversion_factor"":10.0}]",,,0,12,94.03
NRD-SALM0114,Golden Pantry Salmon Fillet Side 5kg,"Salmon Fillet Side, pack: 5kg. Brand Golden Pantry. Sold per Kg.",Golden Pantry,All Items > Frozen > Salmon Fillet,Kg,"[{""uom"":""Kg"",""conversion_factor"":1.0}]",988659434945,GOL745439,0,40,175.26
NRD-VANI0190,Cape Bay Vanilla Ice Cream Cone 4L,"Vanilla Ice Cream Cone, pack: 4L. Brand Cape Bay. Sold per Nos.",Cape Bay,All Items > Frozen > Vanilla Ice Cream,Nos,"[{""uom"":""Nos"",""conversion_factor"":1.0},{""uom"":""Carton"",""conversion_factor"":12.0}]",936662304663,,0,3,101.16
NRD-CHIC0153,Cape Bay Chicken Breast Whole 10kg,"Chicken Breast Whole, pack: 10kg. Brand Cape Bay. Sold per Kg.",Cape Bay,All Items > Frozen > Chicken Breast,Kg,"[{""uom"":""Kg"",""conversion_factor"":1.0}]",964352308397,,0,12,113.43
NRD-BEEF0284,Golden Pantry Beef Patty 150g 24s,"Beef Patty 150g, pack: 24s. Brand Golden Pantry. Sold per Packet.",Golden Pantry,All Items > Frozen > Beef Patty,Packet,"[{""uom"":""Packet"",""conversion_factor"":1.0},{""uom"":""Carton"",""conversion_factor"":50.0}]",932540510214,,0,0,335.09
NRD-BEEF0072,Sisu Beef Patty 100g 48s,"Beef Patty 100g, pack: 48s. Brand Sisu. Sold per Packet.",Sisu,All Items > Frozen > Beef Patty,Packet,"[{""uom"":""Packet"",""conversion_factor"":1.0},{""uom"":""Carton"",""conversion_factor"":6.0}]",,,0,0,59.9
NRD-PUFF0297-OLD,Sisu Puff Pastry Block 2kg,"Puff Pastry Block, pack: 2kg. Brand Sisu. Sold per Packet. (superseded)",Sisu,All Items > Frozen > Puff Pastry,Packet,"[{""uom"":""Packet"",""conversion_factor"":1.0},{""uom"":""Carton"",""conversion_factor"":10.0}]",,,1,0,6.21
NRD-FULL0462,Nordvik Full Cream Milk UHT 2L,"Full Cream Milk UHT, pack: 2L. Brand Nordvik. Sold per Nos.",Nordvik,All Items > Frozen > Full Cream Milk,Nos,"[{""uom"":""Nos"",""conversion_factor"":1.0},{""uom"":""Carton"",""conversion_factor"":24.0}]",,,0,150,117.83
NRD-SQUI0488,Golden Pantry Squid Ring Breaded 2kg,"Squid Ring Breaded, pack: 2kg. Brand Golden Pantry. Sold per Kg.",Golden Pantry,All Items > Frozen > Squid Ring,Kg,"[{""uom"":""Kg"",""conversion_factor"":1.0}]",912709169623,GOL415700,0,0,421.02
NRD-BEEF0439,Cape Bay Beef Patty 200g 24s,"Beef Patty 200g, pack: 24s. Brand Cape Bay. Sold per Packet.",Cape Bay,All Items > Frozen > Beef Patty,Packet,"[{""uom"":""Packet"",""conversion_factor"":1.0},{""uom"":""Carton"",""conversion_factor"":6.0}]",,,0,0,462.68
NRD-PRAW0256,Cape Bay Prawn PDTO 1kg,"Prawn PDTO, pack: 1kg. Brand Cape Bay. Sold per Kg.",Cape Bay,All Items > Frozen > Prawn,Kg,"[{""uom"":""Kg"",""conversion_factor"":1.0}]",,CAP671827,0,12,159.38
NRD-MISC005,SAMPLE - DO NOT SELL,,,All Items > Frozen > Misc,Nos,"[{""uom"": ""Nos"", ""conversion_factor"": 1.0}]",,,0,0,0.0
NRD-PUFF0171,Fjordal Puff Pastry Sheet 2kg,"Puff Pastry Sheet, pack: 2kg. Brand Fjordal. Sold per Packet.",Fjordal,All Items > Frozen > Puff Pastry,Packet,"[{""uom"":""Packet"",""conversion_factor"":1.0},{""uom"":""Carton"",""conversion_factor"":50.0}]",914859448467,,0,0,10.81
NRD-BUTT0003,Fjordal Butter Unsalted Block 250g,"Butter Unsalted Block, pack: 250g. Brand Fjordal. Sold per Packet.",Fjordal,All Items > Frozen > Butter Unsalted,Packet,"[{""uom"":""Packet"",""conversion_factor"":1.0},{""uom"":""Carton"",""conversion_factor"":10.0}]",981617865971,,0,0,206.5
NRD-FULL0127,Sisu Full Cream Milk Fresh 200ml,"Full Cream Milk Fresh, pack: 200ml. Brand Sisu. Sold per Nos.",Sisu,All Items > Frozen > Full Cream Milk,Nos,"[{""uom"":""Nos"",""conversion_factor"":1.0},{""uom"":""Carton"",""conversion_factor"":100.0}]",953440220349,SIS157233,0,900,413.57
NRD-WHIP0328,Fjordal Whipping Cream 38% 1L,"Whipping Cream 38%, pack: 1L. Brand Fjordal. Sold per Nos.",Fjordal,All Items > Frozen > Whipping Cream,Nos,"[{""uom"":""Nos"",""conversion_factor"":1.0},{""uom"":""Carton"",""conversion_factor"":6.0}]",967665022153,,0,0,303.27
NRD-CHIC0169,Halberg Chicken Breast Strips 1kg,"Chicken Breast Strips, pack: 1kg. Brand Halberg. Sold per Kg.",Halberg,All Items > Frozen > Chicken Breast,Kg,"[{""uom"":""Kg"",""conversion_factor"":1.0}]",920313316364,HAL528147,0,12,99.41
NRD-CHIC0233,Cape Bay Chicken Breast Diced 10kg,"Chicken Breast Diced, pack: 10kg. Brand Cape Bay. Sold per Kg.",Cape Bay,All Items > Frozen > Chicken Breast,Kg,"[{""uom"":""Kg"",""conversion_factor"":1.0}]",,,0,900,389.44
NRD-VANI0075,Halberg Vanilla Ice Cream Cone 4L,"Vanilla Ice Cream Cone, pack: 4L. Brand Halberg. Sold per Nos.",Halberg,All Items > Frozen > Vanilla Ice Cream,Nos,"[{""uom"":""Nos"",""conversion_factor"":1.0},{""uom"":""Carton"",""conversion_factor"":100.0}]",,,0,150,338.11
NRD-SQUI0022,Fjordal Squid Ring Raw 1kg,"Squid Ring Raw, pack: 1kg. Brand Fjordal. Sold per Kg.",Fjordal,All Items > Frozen > Squid Ring,Kg,"[{""uom"":""Kg"",""conversion_factor"":1.0}]",934583227535,FJO303942,0,150,177.52
NRD-FULL0038,Sisu Full Cream Milk Fresh 2L,"Full Cream Milk Fresh, pack: 2L. Brand Sisu. Sold per Nos.",Sisu,All Items > Frozen > Full Cream Milk,Nos,"[{""uom"":""Nos"",""conversion_factor"":1.0},{""uom"":""Carton"",""conversion_factor"":24.0}]",950033018285,,0,0,89.98
NRD-POTA0086,Fjordal Potato Fries Wedge 2.5kg,"Potato Fries Wedge, pack: 2.5kg. Brand Fjordal. Sold per Packet.",Fjordal,All Items > Frozen > Potato Fries,Packet,"[{""uom"":""Packet"",""conversion_factor"":1.0},{""uom"":""Carton"",""conversion_factor"":12.0}]",919089539087,,0,12,358.99
NRD-PUFF0303,Halberg Puff Pastry Block 2kg,"Puff Pastry Block, pack: 2kg. Brand Halberg. Sold per Packet.",Halberg,All Items > Frozen > Puff Pastry,Packet,"[{""uom"":""Packet"",""conversion_factor"":1.0},{""uom"":""Carton"",""conversion_factor"":6.0}]",,,0,12,65.56
NRD-MOZZ0145,Nordvik Mozzarella Block 2kg,"Mozzarella Block, pack: 2kg. Brand Nordvik. Sold per Kg.",Nordvik,All Items > Frozen > Mozzarella,Kg,"[{""uom"":""Kg"",""conversion_factor"":1.0}]",,,0,12,348.74
NRD-CHIC0008,Sisu Chicken Breast Strips 2kg,"Chicken Breast Strips, pack: 2kg. Brand Sisu. Sold per Kg.",Sisu,All Items > Frozen > Chicken Breast,Kg,"[{""uom"":""Kg"",""conversion_factor"":1.0}]",,,0,150,161.18
NRD-BEEF0469,Nordvik Beef Patty 150g 24s,"Beef Patty 150g, pack: 24s. Brand Nordvik. Sold per Packet.",Nordvik,All Items > Frozen > Beef Patty,Packet,"[{""uom"":""Packet"",""conversion_factor"":1.0},{""uom"":""Carton"",""conversion_factor"":100.0}]",,NOR287692,0,900,127.16
NRD-BEEF0351-OLD,Fjordal Beef Patty 200g 12s,"Beef Patty 200g, pack: 12s. Brand Fjordal. Sold per Packet. (superseded)",Fjordal,All Items > Frozen > Beef Patty,Packet,"[{""uom"":""Packet"",""conversion_factor"":1.0},{""uom"":""Carton"",""conversion_factor"":50.0}]",984936114672,,1,0,203.61
