item_code,item_name,description,brand,item_group,stock_uom,uom_conversions,barcode,manufacturer_part_no,disabled,available_qty,list_price
ACM-BALL0511,"Hitex Ball Valve 1"" PVC","Ball Valve 1"", material: PVC. Brand Hitex. Sold per Nos.",Hitex,All Items > Hardware > Ball Valve,Nos,"[{""uom"":""Nos"",""conversion_factor"":1.0},{""uom"":""Carton"",""conversion_factor"":24.0}]",,,0,150,33.04
ACM-HEXB1049,Kanto Hex Bolt M8x75 Stainless 304,"Hex Bolt M8x75, finish: Stainless 304. Brand Kanto. Sold per Pcs.",Kanto,All Items > Hardware > Hex Bolt,Pcs,"[{""uom"":""Pcs"",""conversion_factor"":1.0},{""uom"":""Carton"",""conversion_factor"":24.0}]",,,0,150,30.87
ACM-HEXB0883,Hitex Hex Bolt M12x60 Stainless 304,"Hex Bolt M12x60, finish: Stainless 304. Brand Hitex. Sold per Pcs.",Hitex,All Items > Hardware > Hex Bolt,Pcs,"[{""uom"":""Pcs"",""conversion_factor"":1.0},{""uom"":""Carton"",""conversion_factor"":100.0}]",,HIT700034,0,0,310.72
ACM-PVCP1029,Tolsen PVC Pipe 32mm Class C,"PVC Pipe 32mm, grade: Class C. Brand Tolsen. Sold per Length.",Tolsen,All Items > Hardware > PVC Pipe,Length,"[{""uom"":""Length"",""conversion_factor"":1.0}]",,TOL704045,0,0,306.35
ACM-ANGL0886-OLD,"Kanto Angle Grinder Disc 7"" Grinding","Angle Grinder Disc 7"", grade: Grinding. Brand Kanto. Sold per Packet. (superseded)",Kanto,All Items > Hardware > Angle Grinder Disc,Packet,"[{""uom"":""Packet"",""conversion_factor"":1.0},{""uom"":""Carton"",""conversion_factor"":10.0}]",,,1,0,369.24
ACM-SELF0149,"Bosco Self Drilling Screw #8 x 3/4"" Stainless 410","Self Drilling Screw #8 x 3/4"", finish: Stainless 410. Brand Bosco. Sold per Packet.",Bosco,All Items > Hardware > Self Drilling Screw,Packet,"[{""uom"":""Packet"",""conversion_factor"":1.0},{""uom"":""Carton"",""conversion_factor"":6.0}]",,,0,0,464.41
ACM-SAFE0582,Hitex Safety Helmet White Standard,"Safety Helmet White, grade: Standard. Brand Hitex. Sold per Nos.",Hitex,All Items > Hardware > Safety Helmet,Nos,"[{""uom"":""Nos"",""conversion_factor"":1.0},{""uom"":""Carton"",""conversion_factor"":12.0}]",,,0,12,27.19
ACM-HEXB0936,Tolsen Hex Bolt M8x75 Stainless 304,"Hex Bolt M8x75, finish: Stainless 304. Brand Tolsen. Sold per Pcs.",Tolsen,All Items > Hardware > Hex Bolt,Pcs,"[{""uom"":""Pcs"",""conversion_factor"":1.0},{""uom"":""Carton"",""conversion_factor"":6.0}]",903801726452,,0,3,149.99
ACM-PVCP0949,Remax PVC Pipe 25mm Class C,"PVC Pipe 25mm, grade: Class C. Brand Remax. Sold per Length.",Remax,All Items > Hardware > PVC Pipe,Length,"[{""uom"":""Length"",""conversion_factor"":1.0}]",943325325172,,0,150,128.85
ACM-HEXB0987,Kanto Hex Bolt M8x50 Stainless 304,"Hex Bolt M8x50, finish: Stainless 304. Brand Kanto. Sold per Pcs.",Kanto,All Items > Hardware > Hex Bolt,Pcs,"[{""uom"":""Pcs"",""conversion_factor"":1.0},{""uom"":""Carton"",""conversion_factor"":12.0}]",955787382703,KAN200314,0,40,62.53
ACM-SAFE0135,Remax Safety Helmet Red Ratchet,"Safety Helmet Red, grade: Ratchet. Brand Remax. Sold per Nos.",Remax,All Items > Hardware > Safety Helmet,Nos,"[{""uom"":""Nos"",""conversion_factor"":1.0},{""uom"":""Carton"",""conversion_factor"":24.0}]",,REM929378,0,900,250.4
ACM-HEXB0972,Remax Hex Bolt M10x50 Stainless 304,"Hex Bolt M10x50, finish: Stainless 304. Brand Remax. Sold per Pcs.",Remax,All Items > Hardware > Hex Bolt,Pcs,"[{""uom"":""Pcs"",""conversion_factor"":1.0},{""uom"":""Carton"",""conversion_factor"":100.0}]",915515975338,REM459439,0,900,101.87
ACM-HOSE0191-OLD,Stallion Hose Clip 25-38mm SS304,"Hose Clip 25-38mm, material: SS304. Brand Stallion. Sold per Pcs. (superseded)",Stallion,All Items > Hardware > Hose Clip,Pcs,"[{""uom"":""Pcs"",""conversion_factor"":1.0},{""uom"":""Carton"",""conversion_factor"":12.0}]",940262960432,,1,0,164.2
ACM-WALL0580,Tolsen Wall Plug 6mm Blue,"Wall Plug 6mm, colour: Blue. Brand Tolsen. Sold per Packet.",Tolsen,All Items > Hardware > Wall Plug,Packet,"[{""uom"":""Packet"",""conversion_factor"":1.0},{""uom"":""Carton"",""conversion_factor"":24.0}]",925465601048,TOL679087,0,900,338.75
ACM-HEXB0365,Stallion Hex Bolt M10x50 Stainless 304,"Hex Bolt M10x50, finish: Stainless 304. Brand Stallion. Sold per Pcs.",Stallion,All Items > Hardware > Hex Bolt,Pcs,"[{""uom"":""Pcs"",""conversion_factor"":1.0},{""uom"":""Carton"",""conversion_factor"":24.0}]",,,0,40,118.72
ACM-PVCP0297,Remax PVC Pipe 20mm Class D,"PVC Pipe 20mm, grade: Class D. Brand Remax. Sold per Length.",Remax,All Items > Hardware > PVC Pipe,Length,"[{""uom"":""Length"",""conversion_factor"":1.0}]",918726908845,REM750476,0,3,277.97
ACM-NITR0589,Tolsen Nitrile Glove XL Black,"Nitrile Glove XL, colour: Black. Brand Tolsen. Sold per Box.",Tolsen,All Items > Hardware > Nitrile Glove,Box,"[{""uom"":""Box"",""conversion_factor"":1.0}]",960342624096,,0,900,57.56
ACM-PVCP1055,Vermont PVC Pipe 50mm Class D,"PVC Pipe 50mm, grade: Class D. Brand Vermont. Sold per Length.",Vermont,All Items > Hardware > PVC Pipe,Length,"[{""uom"":""Length"",""conversion_factor"":1.0}]",920260342855,,0,3,319.11
ACM-HEXB0077,Remax Hex Bolt M10x50 Zinc Plated,"Hex Bolt M10x50, finish: Zinc Plated. Brand Remax. Sold per Pcs.",Remax,All Items > Hardware > Hex Bolt,Pcs,"[{""uom"":""Pcs"",""conversion_factor"":1.0},{""uom"":""Carton"",""conversion_factor"":10.0}]",,REM882791,0,150,251.84
ACM-HEXB0176,Tolsen Hex Bolt M12x60 Stainless 316,"Hex Bolt M12x60, finish: Stainless 316. Brand Tolsen. Sold per Pcs.",Tolsen,All Items > Hardware > Hex Bolt,Pcs,"[{""uom"":""Pcs"",""conversion_factor"":1.0},{""uom"":""Carton"",""conversion_factor"":24.0}]",934301243101,,0,150,447.63
ACM-HEXB0965,Bosco Hex Bolt M8x50 HDG,"Hex Bolt M8x50, finish: HDG. Brand Bosco. Sold per Pcs.",Bosco,All Items > Hardware > Hex Bolt,Pcs,"[{""uom"":""Pcs"",""conversion_factor"":1.0},{""uom"":""Carton"",""conversion_factor"":100.0}]",,,0,900,288.55
ACM-ANGL0454,"Tolsen Angle Grinder Disc 5"" Grinding","Angle Grinder Disc 5"", grade: Grinding. Brand Tolsen. Sold per Packet.",Tolsen,All Items > Hardware > Angle Grinder Disc,Packet,"[{""uom"":""Packet"",""conversion_factor"":1.0},{""uom"":""Carton"",""conversion_factor"":24.0}]",932604880019,,0,900,459.16
ACM-NITR0092,Hitex Nitrile Glove XL Black,"Nitrile Glove XL, colour: Black. Brand Hitex. Sold per Box.",Hitex,All Items > Hardware > Nitrile Glove,Box,"[{""uom"":""Box"",""conversion_factor"":1.0}]",,,0,3,423.42
ACM-GIWI0644,Hitex GI Wire #18 Soft,"GI Wire #18, grade: Soft. Brand Hitex. Sold per Kg.",Hitex,All Items > Hardware > GI Wire,Kg,"[{""uom"":""Kg"",""conversion_factor"":1.0}]",988235363069,,0,3,157.22
ACM-NITR0344,Stallion Nitrile Glove S Blue,"Nitrile Glove S, colour: Blue. Brand Stallion. Sold per Box.",Stallion,All Items > Hardware > Nitrile Glove,Box,"[{""uom"":""Box"",""conversion_factor"":1.0}]",995768056874,,0,12,89.33
ACM-GIWI0419,Kanto GI Wire #20 Hard Drawn,"GI Wire #20, grade: Hard Drawn. Brand Kanto. Sold per Kg.",Kanto,All Items > Hardware > GI Wire,Kg,"[{""uom"":""Kg"",""conversion_factor"":1.0}]",,KAN389741,0,900,107.26
ACM-NITR0935,Vermont Nitrile Glove M Blue,"Nitrile Glove M, colour: Blue. Brand Vermont. Sold per Box.",Vermont,All Items > Hardware > Nitrile Glove,Box,"[{""uom"":""Box"",""conversion_factor"":1.0}]",,,0,0,155.37
ACM-ANGL0085,"Tolsen Angle Grinder Disc 7"" Grinding","Angle Grinder Disc 7"", grade: Grinding. Brand Tolsen. Sold per Packet.",Tolsen,All Items > Hardware > Angle Grinder Disc,Packet,"[{""uom"":""Packet"",""conversion_factor"":1.0},{""uom"":""Carton"",""conversion_factor"":24.0}]",995687814211,,0,150,145.09
ACM-PVCP0643B,Stallion PVC Pipe 25mm Class E (Bulk),"PVC Pipe 25mm, grade: Class E. Brand Stallion. Sold per Length.",Stallion,All Items > Hardware > PVC Pipe,Length,"[{""uom"":""Length"",""conversion_factor"":1.0},{""uom"":""Carton"",""conversion_factor"":144.0}]",901474316933,STA848947,0,0,394.28
ACM-CABL0248,Stallion Cable Tie 370mm White,"Cable Tie 370mm, colour: White. Brand Stallion. Sold per Packet.",Stallion,All Items > Hardware > Cable Tie,Packet,"[{""uom"":""Packet"",""conversion_factor"":1.0},{""uom"":""Carton"",""conversion_factor"":6.0}]",,STA712207,0,0,356.21
ACM-CABL0775,Stallion Cable Tie 100mm White,"Cable Tie 100mm, colour: White. Brand Stallion. Sold per Packet.",Stallion,All Items > Hardware > Cable Tie,Packet,"[{""uom"":""Packet"",""conversion_factor"":1.0},{""uom"":""Carton"",""conversion_factor"":50.0}]",936140043156,,0,12,310.3
ACM-HEXB0608,Bosco Hex Bolt M8x75 Stainless 304,"Hex Bolt M8x75, finish: Stainless 304. Brand Bosco. Sold per Pcs.",Bosco,All Items > Hardware > Hex Bolt,Pcs,"[{""uom"":""Pcs"",""conversion_factor"":1.0},{""uom"":""Carton"",""conversion_factor"":50.0}]",,,0,150,369.25
ACM-CABL0555,Kanto Cable Tie 100mm Natural,"Cable Tie 100mm, colour: Natural. Brand Kanto. Sold per Packet.",Kanto,All Items > Hardware > Cable Tie,Packet,"[{""uom"":""Packet"",""conversion_factor"":1.0},{""uom"":""Carton"",""conversion_factor"":12.0}]",918039570178,KAN512187,0,0,243.57
ACM-SELF0081,"Tolsen Self Drilling Screw #8 x 1"" Stainless 410","Self Drilling Screw #8 x 1"", finish: Stainless 410. Brand Tolsen. Sold per Packet.",Tolsen,All Items > Hardware > Self Drilling Screw,Packet,"[{""uom"":""Packet"",""conversion_factor"":1.0},{""uom"":""Carton"",""conversion_factor"":50.0}]",,,0,0,153.89
ACM-GIWI0948,Stallion GI Wire #20 Soft,"GI Wire #20, grade: Soft. Brand Stallion. Sold per Kg.",Stallion,All Items > Hardware > GI Wire,Kg,"[{""uom"":""Kg"",""conversion_factor"":1.0}]",,STA760091,0,40,220.32
ACM-HOSE0637,Tolsen Hose Clip 25-38mm Zinc,"Hose Clip 25-38mm, material: Zinc. Brand Tolsen. Sold per Pcs.",Tolsen,All Items > Hardware > Hose Clip,Pcs,"[{""uom"":""Pcs"",""conversion_factor"":1.0},{""uom"":""Carton"",""conversion_factor"":50.0}]",905233071259,TOL673877,0,900,42.73
ACM-HEXB0943-OLD,Remax Hex Bolt M12x60 Stainless 316,"Hex Bolt M12x60, finish: Stainless 316. Brand Remax. Sold per Pcs. (superseded)",Remax,All Items > Hardware > Hex Bolt,Pcs,"[{""uom"":""Pcs"",""conversion_factor"":1.0},{""uom"":""Carton"",""conversion_factor"":6.0}]",,REM082133,1,0,213.1
ACM-WALL0257,Kanto Wall Plug 10mm Blue,"Wall Plug 10mm, colour: Blue. Brand Kanto. Sold per Packet.",Kanto,All Items > Hardware > Wall Plug,Packet,"[{""uom"":""Packet"",""conversion_factor"":1.0},{""uom"":""Carton"",""conversion_factor"":12.0}]",988034306237,KAN592953,0,900,188.23
ACM-HEXB1010,Tolsen Hex Bolt M6x30 Stainless 304,"Hex Bolt M6x30, finish: Stainless 304. Brand Tolsen. Sold per Pcs.",Tolsen,All Items > Hardware > Hex Bolt,Pcs,"[{""uom"":""Pcs"",""conversion_factor"":1.0},{""uom"":""Carton"",""conversion_factor"":24.0}]",,TOL458591,0,3,336.75
ACM-BALL0667,"Stallion Ball Valve 1-1/4"" PVC","Ball Valve 1-1/4"", material: PVC. Brand Stallion. Sold per Nos.",Stallion,All Items > Hardware > Ball Valve,Nos,"[{""uom"":""Nos"",""conversion_factor"":1.0},{""uom"":""Carton"",""conversion_factor"":24.0}]",915383341705,,0,0,139.63
ACM-HEXB0606,Stallion Hex Bolt M6x50 Zinc Plated,"Hex Bolt M6x50, finish: Zinc Plated. Brand Stallion. Sold per Pcs.",Stallion,All Items > Hardware > Hex Bolt,Pcs,"[{""uom"":""Pcs"",""conversion_factor"":1.0},{""uom"":""Carton"",""conversion_factor"":10.0}]",916183717590,,0,12,377.97
ACM-CABL0786B,Bosco Cable Tie 200mm White (Bulk),"Cable Tie 200mm, colour: White. Brand Bosco. Sold per Packet.",Bosco,All Items > Hardware > Cable Tie,Packet,"[{""uom"":""Packet"",""conversion_factor"":1.0},{""uom"":""Carton"",""conversion_factor"":144.0}]",,BOS392642,0,150,129.52
ACM-SELF0590,"Tolsen Self Drilling Screw #10 x 1"" Stainless 410","Self Drilling Screw #10 x 1"", finish: Stainless 410. Brand Tolsen. Sold per Packet.",Tolsen,All Items > Hardware > Self Drilling Screw,Packet,"[{""uom"":""Packet"",""conversion_factor"":1.0},{""uom"":""Carton"",""conversion_factor"":10.0}]",937358478302,TOL399857,0,3,39.89
ACM-HOSE0969,Vermont Hose Clip 25-38mm Zinc,"Hose Clip 25-38mm, material: Zinc. Brand Vermont. Sold per Pcs.",Vermont,All Items > Hardware > Hose Clip,Pcs,"[{""uom"":""Pcs"",""conversion_factor"":1.0},{""uom"":""Carton"",""conversion_factor"":50.0}]",927765399445,,0,900,307.06
ACM-CABL0706,Vermont Cable Tie 450mm White,"Cable Tie 450mm, colour: White. Brand Vermont. Sold per Packet.",Vermont,All Items > Hardware > Cable Tie,Packet,"[{""uom"":""Packet"",""conversion_factor"":1.0},{""uom"":""Carton"",""conversion_factor"":100.0}]",,VER170001,0,0,275.08
ACM-NITR0574,Tolsen Nitrile Glove M Blue,"Nitrile Glove M, colour: Blue. Brand Tolsen. Sold per Box.",Tolsen,All Items > Hardware > Nitrile Glove,Box,"[{""uom"":""Box"",""conversion_factor"":1.0}]",929890864095,,0,40,411.72
ACM-BALL0695,"Kanto Ball Valve 2"" SS304","Ball Valve 2"", material: SS304. Brand Kanto. Sold per Nos.",Kanto,All Items > Hardware > Ball Valve,Nos,"[{""uom"":""Nos"",""conversion_factor"":1.0},{""uom"":""Carton"",""conversion_factor"":10.0}]",931703726745,,0,40,448.52
ACM-HEXB0826,Kanto Hex Bolt M8x30 HDG,"Hex Bolt M8x30, finish: HDG. Brand Kanto. Sold per Pcs.",Kanto,All Items > Hardware > Hex Bolt,Pcs,"[{""uom"":""Pcs"",""conversion_factor"":1.0},{""uom"":""Carton"",""conversion_factor"":50.0}]",963623166045,,0,150,14.1
ACM-GIWI0446,Vermont GI Wire #16 Hard Drawn,"GI Wire #16, grade: Hard Drawn. Brand Vermont. Sold per Kg.",Vermont,All Items > Hardware > GI Wire,Kg,"[{""uom"":""Kg"",""conversion_factor"":1.0}]",980925450170,VER762186,0,150,385.35
ACM-CABL0921,Hitex Cable Tie 300mm Black,"Cable Tie 300mm, colour: Black. Brand Hitex. Sold per Packet.",Hitex,All Items > Hardware > Cable Tie,Packet,"[{""uom"":""Packet"",""conversion_factor"":1.0},{""uom"":""Carton"",""conversion_factor"":24.0}]",934017064384,,0,150,454.13
ACM-SELF0276,"Tolsen Self Drilling Screw #10 x 1-1/2"" Zinc Plated","Self Drilling Screw #10 x 1-1/2"", finish: Zinc Plated. Brand Tolsen. Sold per Packet.",Tolsen,All Items > Hardware > Self Drilling Screw,Packet,"[{""uom"":""Packet"",""conversion_factor"":1.0},{""uom"":""Carton"",""conversion_factor"":100.0}]",929315484542,,0,0,67.94
ACM-PVCP0159,Hitex PVC Pipe 32mm Class D,"PVC Pipe 32mm, grade: Class D. Brand Hitex. Sold per Length.",Hitex,All Items > Hardware > PVC Pipe,Length,"[{""uom"":""Length"",""conversion_factor"":1.0}]",,,0,12,437.62
ACM-WALL0532,Hitex Wall Plug 12mm Blue,"Wall Plug 12mm, colour: Blue. Brand Hitex. Sold per Packet.",Hitex,All Items > Hardware > Wall Plug,Packet,"[{""uom"":""Packet"",""conversion_factor"":1.0},{""uom"":""Carton"",""conversion_factor"":12.0}]",,,0,40,243.77
ACM-SELF0069,"Vermont Self Drilling Screw #10 x 1"" Stainless 410","Self Drilling Screw #10 x 1"", finish: Stainless 410. Brand Vermont. Sold per Packet.",Vermont,All Items > Hardware > Self Drilling Screw,Packet,"[{""uom"":""Packet"",""conversion_factor"":1.0},{""uom"":""Carton"",""conversion_factor"":50.0}]",919111702229,,0,3,149.14
ACM-HEXB0008,Vermont Hex Bolt M6x30 Stainless 304,"Hex Bolt M6x30, finish: Stainless 304. Brand Vermont. Sold per Pcs.",Vermont,All Items > Hardware > Hex Bolt,Pcs,"[{""uom"":""Pcs"",""conversion_factor"":1.0},{""uom"":""Carton"",""conversion_factor"":24.0}]",977361941980,,0,900,398.01
ACM-PVCP0928,Hitex PVC Pipe 25mm Class D,"PVC Pipe 25mm, grade: Class D. Brand Hitex. Sold per Length.",Hitex,All Items > Hardware > PVC Pipe,Length,"[{""uom"":""Length"",""conversion_factor"":1.0}]",949357295045,,0,900,152.96
ACM-WALL0030,Kanto Wall Plug 8mm Red,"Wall Plug 8mm, colour: Red. Brand Kanto. Sold per Packet.",Kanto,All Items > Hardware > Wall Plug,Packet,"[{""uom"":""Packet"",""conversion_factor"":1.0},{""uom"":""Carton"",""conversion_factor"":24.0}]",966299851067,KAN491245,0,12,423.06
ACM-GIWI0968,Kanto GI Wire #14 Hard Drawn,"GI Wire #14, grade: Hard Drawn. Brand Kanto. Sold per Kg.",Kanto,All Items > Hardware > GI Wire,Kg,"[{""uom"":""Kg"",""conversion_factor"":1.0}]",998197075719,,0,12,299.57
ACM-PVCP0996,Kanto PVC Pipe 50mm Class C,"PVC Pipe 50mm, grade: Class C. Brand Kanto. Sold per Length.",Kanto,All Items > Hardware > PVC Pipe,Length,"[{""uom"":""Length"",""conversion_factor"":1.0}]",,,0,0,357.12
ACM-HOSE0424,Hitex Hose Clip 13-19mm SS304,"Hose Clip 13-19mm, material: SS304. Brand Hitex. Sold per Pcs.",Hitex,All Items > Hardware > Hose Clip,Pcs,"[{""uom"":""Pcs"",""conversion_factor"":1.0},{""uom"":""Carton"",""conversion_factor"":6.0}]",970557339869,,0,900,340.18
ACM-GIWI0889,Bosco GI Wire #14 Hard Drawn,"GI Wire #14, grade: Hard Drawn. Brand Bosco. Sold per Kg.",Bosco,All Items > Hardware > GI Wire,Kg,"[{""uom"":""Kg"",""conversion_factor"":1.0}]",977105591199,,0,150,110.33
ACM-MASK0269,Vermont Masking Tape 48mm High Temp,"Masking Tape 48mm, grade: High Temp. Brand Vermont. Sold per Roll.",Vermont,All Items > Hardware > Masking Tape,Roll,"[{""uom"":""Roll"",""conversion_factor"":1.0},{""uom"":""Carton"",""conversion_factor"":100.0}]",,,0,900,94.73
ACM-CABL0015,Hitex Cable Tie 150mm Black,"Cable Tie 150mm, colour: Black. Brand Hitex. Sold per Packet.",Hitex,All Items > Hardware > Cable Tie,Packet,"[{""uom"":""Packet"",""conversion_factor"":1.0},{""uom"":""Carton"",""conversion_factor"":100.0}]",931365071065,HIT602309,0,900,274.0
ACM-MISC001,DELIVERY FEE,,,All Items > Hardware > Misc,Nos,"[{""uom"": ""Nos"", ""conversion_factor"": 1.0}]",,,0,0,0.0
ACM-ANGL0067,"Tolsen Angle Grinder Disc 7"" Cutting","Angle Grinder Disc 7"", grade: Cutting. Brand Tolsen. Sold per Packet.",Tolsen,All Items > Hardware > Angle Grinder Disc,Packet,"[{""uom"":""Packet"",""conversion_factor"":1.0},{""uom"":""Carton"",""conversion_factor"":24.0}]",909961219370,,0,12,346.02
ACM-PVCP1037,Kanto PVC Pipe 25mm Class C,"PVC Pipe 25mm, grade: Class C. Brand Kanto. Sold per Length.",Kanto,All Items > Hardware > PVC Pipe,Length,"[{""uom"":""Length"",""conversion_factor"":1.0}]",987182657561,KAN179157,0,150,156.72
ACM-ANGL0477,"Kanto Angle Grinder Disc 4.5"" Grinding","Angle Grinder Disc 4.5"", grade: Grinding. Brand Kanto. Sold per Packet.",Kanto,All Items > Hardware > Angle Grinder Disc,Packet,"[{""uom"":""Packet"",""conversion_factor"":1.0},{""uom"":""Carton"",""conversion_factor"":6.0}]",,KAN885044,0,900,411.26
ACM-PVCP0941,Hitex PVC Pipe 15mm Class E,"PVC Pipe 15mm, grade: Class E. Brand Hitex. Sold per Length.",Hitex,All Items > Hardware > PVC Pipe,Length,"[{""uom"":""Length"",""conversion_factor"":1.0}]",937907124381,,0,3,251.35
ACM-SELF0129,"Tolsen Self Drilling Screw #8 x 3/4"" Stainless 410","Self Drilling Screw #8 x 3/4"", finish: Stainless 410. Brand Tolsen. Sold per Packet.",Tolsen,All Items > Hardware > Self Drilling Screw,Packet,"[{""uom"":""Packet"",""conversion_factor"":1.0},{""uom"":""Carton"",""conversion_factor"":10.0}]",,TOL943134,0,0,221.74
ACM-WALL0592,Remax Wall Plug 8mm Blue,"Wall Plug 8mm, colour: Blue. Brand Remax. Sold per Packet.",Remax,All Items > Hardware > Wall Plug,Packet,"[{""uom"":""Packet"",""conversion_factor"":1.0},{""uom"":""Carton"",""conversion_factor"":24.0}]",972172564895,,0,150,317.97
ACM-BALL0510,"Remax Ball Valve 1-1/4"" Brass","Ball Valve 1-1/4"", material: Brass. Brand Remax. Sold per Nos.",Remax,All Items > Hardware > Ball Valve,Nos,"[{""uom"":""Nos"",""conversion_factor"":1.0},{""uom"":""Carton"",""conversion_factor"":12.0}]",964742539277,,0,3,404.07
ACM-HEXB0345,Remax Hex Bolt M10x50 Stainless 316,"Hex Bolt M10x50, finish: Stainless 316. Brand Remax. Sold per Pcs.",Remax,All Items > Hardware > Hex Bolt,Pcs,"[{""uom"":""Pcs"",""conversion_factor"":1.0},{""uom"":""Carton"",""conversion_factor"":24.0}]",,REM154350,0,900,7.76
ACM-SELF0922,"Hitex Self Drilling Screw #10 x 1"" Stainless 410","Self Drilling Screw #10 x 1"", finish: Stainless 410. Brand Hitex. Sold per Packet.",Hitex,All Items > Hardware > Self Drilling Screw,Packet,"[{""uom"":""Packet"",""conversion_factor"":1.0},{""uom"":""Carton"",""conversion_factor"":12.0}]",,,0,900,253.7
ACM-HEXB0387,Remax Hex Bolt M8x30 Zinc Plated,"Hex Bolt M8x30, finish: Zinc Plated. Brand Remax. Sold per Pcs.",Remax,All Items > Hardware > Hex Bolt,Pcs,"[{""uom"":""Pcs"",""conversion_factor"":1.0},{""uom"":""Carton"",""conversion_factor"":50.0}]",990103190619,REM780776,0,12,105.55
ACM-PVCP0363,Vermont PVC Pipe 40mm Class E,"PVC Pipe 40mm, grade: Class E. Brand Vermont. Sold per Length.",Vermont,All Items > Hardware > PVC Pipe,Length,"[{""uom"":""Length"",""conversion_factor"":1.0}]",948921480584,,0,0,358.59
ACM-CABL0607,Vermont Cable Tie 150mm Natural,"Cable Tie 150mm, colour: Natural. Brand Vermont. Sold per Packet.",Vermont,All Items > Hardware > Cable Tie,Packet,"[{""uom"":""Packet"",""conversion_factor"":1.0},{""uom"":""Carton"",""conversion_factor"":24.0}]",960358880143,,0,40,91.35
ACM-ANGL0765,"Stallion Angle Grinder Disc 5"" Flap","Angle Grinder Disc 5"", grade: Flap. Brand Stallion. Sold per Packet.",Stallion,All Items > Hardware > Angle Grinder Disc,Packet,"[{""uom"":""Packet"",""conversion_factor"":1.0},{""uom"":""Carton"",""conversion_factor"":100.0}]",,,0,0,332.13
ACM-CABL0990,Kanto Cable Tie 370mm Natural,"Cable Tie 370mm, colour: Natural. Brand Kanto. Sold per Packet.",Kanto,All Items > Hardware > Cable Tie,Packet,"[{""uom"":""Packet"",""conversion_factor"":1.0},{""uom"":""Carton"",""conversion_factor"":10.0}]",982006130407,KAN896412,0,40,79.29
ACM-HEXB0246,Kanto Hex Bolt M6x30 Zinc Plated,"Hex Bolt M6x30, finish: Zinc Plated. Brand Kanto. Sold per Pcs.",Kanto,All Items > Hardware > Hex Bolt,Pcs,"[{""uom"":""Pcs"",""conversion_factor"":1.0},{""uom"":""Carton"",""conversion_factor"":12.0}]",,,0,12,244.05
ACM-NITR0925,Kanto Nitrile Glove M Blue,"Nitrile Glove M, colour: Blue. Brand Kanto. Sold per Box.",Kanto,All Items > Hardware > Nitrile Glove,Box,"[{""uom"":""Box"",""conversion_factor"":1.0}]",900373391031,,0,900,99.48
ACM-CABL0958,Stallion Cable Tie 200mm Natural,"Cable Tie 200mm, colour: Natural. Brand Stallion. Sold per Packet.",Stallion,All Items > Hardware > Cable Tie,Packet,"[{""uom"":""Packet"",""conversion_factor"":1.0},{""uom"":""Carton"",""conversion_factor"":10.0}]",950218319786,STA660614,0,12,193.45
ACM-HEXB0639,Hitex Hex Bolt M10x50 HDG,"Hex Bolt M10x50, finish: HDG. Brand Hitex. Sold per Pcs.",Hitex,All Items > Hardware > Hex Bolt,Pcs,"[{""uom"":""Pcs"",""conversion_factor"":1.0},{""uom"":""Carton"",""conversion_factor"":12.0}]",,,0,900,189.09
ACM-CABL0035,Bosco Cable Tie 300mm Black,"Cable Tie 300mm, colour: Black. Brand Bosco. Sold per Packet.",Bosco,All Items > Hardware > Cable Tie,Packet,"[{""uom"":""Packet"",""conversion_factor"":1.0},{""uom"":""Carton"",""conversion_factor"":6.0}]",,,0,0,360.23
ACM-BALL0952,"Kanto Ball Valve 1-1/4"" SS304","Ball Valve 1-1/4"", material: SS304. Brand Kanto. Sold per Nos.",Kanto,All Items > Hardware > Ball Valve,Nos,"[{""uom"":""Nos"",""conversion_factor"":1.0},{""uom"":""Carton"",""conversion_factor"":50.0}]",,KAN210051,0,3,148.69
ACM-MASK0527,Stallion Masking Tape 48mm High Temp,"Masking Tape 48mm, grade: High Temp. Brand Stallion. Sold per Roll.",Stallion,All Items > Hardware > Masking Tape,Roll,"[{""uom"":""Roll"",""conversion_factor"":1.0},{""uom"":""Carton"",""conversion_factor"":12.0}]",,,0,150,138.27
ACM-PVCP0392,Vermont PVC Pipe 50mm Class E,"PVC Pipe 50mm, grade: Class E. Brand Vermont. Sold per Length.",Vermont,All Items > Hardware > PVC Pipe,Length,"[{""uom"":""Length"",""conversion_factor"":1.0}]",949399960970,VER369320,0,0,129.47
ACM-BALL1017,"Kanto Ball Valve 1/2"" Brass","Ball Valve 1/2"", material: Brass. Brand Kanto. Sold per Nos.",Kanto,All Items > Hardware > Ball Valve,Nos,"[{""uom"":""Nos"",""conversion_factor"":1.0},{""uom"":""Carton"",""conversion_factor"":100.0}]",,KAN598332,0,12,21.93
ACM-HEXB0653,Tolsen Hex Bolt M12x60 HDG,"Hex Bolt M12x60, finish: HDG. Brand Tolsen. Sold per Pcs.",Tolsen,All Items > Hardware > Hex Bolt,Pcs,"[{""uom"":""Pcs"",""conversion_factor"":1.0},{""uom"":""Carton"",""conversion_factor"":24.0}]",,TOL887363,0,150,392.06
ACM-PVCP0151,Bosco PVC Pipe 20mm Class E,"PVC Pipe 20mm, grade: Class E. Brand Bosco. Sold per Length.",Bosco,All Items > Hardware > PVC Pipe,Length,"[{""uom"":""Length"",""conversion_factor"":1.0}]",986725173434,,0,12,356.39
ACM-WALL0842,Vermont Wall Plug 8mm Blue,"Wall Plug 8mm, colour: Blue. Brand Vermont. Sold per Packet.",Vermont,All Items > Hardware > Wall Plug,Packet,"[{""uom"":""Packet"",""conversion_factor"":1.0},{""uom"":""Carton"",""conversion_factor"":10.0}]",,,0,150,398.62
ACM-CABL1080,Hitex Cable Tie 300mm Natural,"Cable Tie 300mm, colour: Natural. Brand Hitex. Sold per Packet.",Hitex,All Items > Hardware > Cable Tie,Packet,"[{""uom"":""Packet"",""conversion_factor"":1.0},{""uom"":""Carton"",""conversion_factor"":6.0}]",937968860772,,0,0,258.42
ACM-SELF0302,"Remax Self Drilling Screw #10 x 1"" Stainless 410","Self Drilling Screw #10 x 1"", finish: Stainless 410. Brand Remax. Sold per Packet.",Remax,All Items > Hardware > Self Drilling Screw,Packet,"[{""uom"":""Packet"",""conversion_factor"":1.0},{""uom"":""Carton"",""conversion_factor"":10.0}]",,REM962345,0,12,428.5
ACM-SELF0989,"Stallion Self Drilling Screw #8 x 3/4"" Stainless 410","Self Drilling Screw #8 x 3/4"", finish: Stainless 410. Brand Stallion. Sold per Packet.",Stallion,All Items > Hardware > Self Drilling Screw,Packet,"[{""uom"":""Packet"",""conversion_factor"":1.0},{""uom"":""Carton"",""conversion_factor"":100.0}]",920887061515,,0,3,251.54
ACM-SAFE0624,Remax Safety Helmet White Standard,"Safety Helmet White, grade: Standard. Brand Remax. Sold per Nos.",Remax,All Items > Hardware > Safety Helmet,Nos,"[{""uom"":""Nos"",""conversion_factor"":1.0},{""uom"":""Carton"",""conversion_factor"":10.0}]",900775789748,,0,0,253.33
ACM-HEXB0130,Bosco Hex Bolt M6x30 Stainless 316,"Hex Bolt M6x30, finish: Stainless 316. Brand Bosco. Sold per Pcs.",Bosco,All Items > Hardware > Hex Bolt,Pcs,"[{""uom"":""Pcs"",""conversion_factor"":1.0},{""uom"":""Carton"",""conversion_factor"":12.0}]",954886750515,BOS569830,0,150,259.06
ACM-ANGL0444,"Tolsen Angle Grinder Disc 4.5"" Flap","Angle Grinder Disc 4.5"", grade: Flap. Brand Tolsen. Sold per Packet.",Tolsen,All Items > Hardware > Angle Grinder Disc,Packet,"[{""uom"":""Packet"",""conversion_factor"":1.0},{""uom"":""Carton"",""conversion_factor"":6.0}]",,TOL313877,0,3,113.17
ACM-GIWI0955,Bosco GI Wire #14 Soft,"GI Wire #14, grade: Soft. Brand Bosco. Sold per Kg.",Bosco,All Items > Hardware > GI Wire,Kg,"[{""uom"":""Kg"",""conversion_factor"":1.0}]",,BOS183382,0,40,34.77
ACM-CABL0098,Tolsen Cable Tie 450mm Natural,"Cable Tie 450mm, colour: Natural. Brand Tolsen. Sold per Packet.",Tolsen,All Items > Hardware > Cable Tie,Packet,"[{""uom"":""Packet"",""conversion_factor"":1.0},{""uom"":""Carton"",""conversion_factor"":50.0}]",,,0,12,425.69
ACM-HOSE0853,Hitex Hose Clip 25-38mm SS304,"Hose Clip 25-38mm, material: SS304. Brand Hitex. Sold per Pcs.",Hitex,All Items > Hardware > Hose Clip,Pcs,"[{""uom"":""Pcs"",""conversion_factor"":1.0},{""uom"":""Carton"",""conversion_factor"":12.0}]",975827530185,HIT316812,0,900,335.15
ACM-NITR0804,Kanto Nitrile Glove M Black,"Nitrile Glove M, colour: Black. Brand Kanto. Sold per Box.",Kanto,All Items > Hardware > Nitrile Glove,Box,"[{""uom"":""Box"",""conversion_factor"":1.0}]",,KAN144292,0,0,180.03
ACM-CABL0816,Hitex Cable Tie 450mm Black,"Cable Tie 450mm, colour: Black. Brand Hitex. Sold per Packet.",Hitex,All Items > Hardware > Cable Tie,Packet,"[{""uom"":""Packet"",""conversion_factor"":1.0},{""uom"":""Carton"",""conversion_factor"":10.0}]",910597372782,,0,150,24.45
ACM-CABL1088,Stallion Cable Tie 300mm White,"Cable Tie 300mm, colour: White. Brand Stallion. Sold per Packet.",Stallion,All Items > Hardware > Cable Tie,Packet,"[{""uom"":""Packet"",""conversion_factor"":1.0},{""uom"":""Carton"",""conversion_factor"":6.0}]",,,0,12,216.72
ACM-HEXB0147,Stallion Hex Bolt M8x30 Zinc Plated,"Hex Bolt M8x30, finish: Zinc Plated. Brand Stallion. Sold per Pcs.",Stallion,All Items > Hardware > Hex Bolt,Pcs,"[{""uom"":""Pcs"",""conversion_factor"":1.0},{""uom"":""Carton"",""conversion_factor"":100.0}]",919105821054,STA533310,0,12,392.02
ACM-WALL0559,Remax Wall Plug 10mm Red,"Wall Plug 10mm, colour: Red. Brand Remax. Sold per Packet.",Remax,All Items > Hardware > Wall Plug,Packet,"[{""uom"":""Packet"",""conversion_factor"":1.0},{""uom"":""Carton"",""conversion_factor"":50.0}]",,,0,12,307.53
ACM-CABL0054,Hitex Cable Tie 200mm White,"Cable Tie 200mm, colour: White. Brand Hitex. Sold per Packet.",Hitex,All Items > Hardware > Cable Tie,Packet,"[{""uom"":""Packet"",""conversion_factor"":1.0},{""uom"":""Carton"",""conversion_factor"":12.0}]",,HIT178187,0,3,77.43
ACM-CABL0744,Stallion Cable Tie 450mm White,"Cable Tie 450mm, colour: White. Brand Stallion. Sold per Packet.",Stallion,All Items > Hardware > Cable Tie,Packet,"[{""uom"":""Packet"",""conversion_factor"":1.0},{""uom"":""Carton"",""conversion_factor"":24.0}]",968897043094,,0,3,79.9
ACM-ANGL0336,"Remax Angle Grinder Disc 5"" Grinding","Angle Grinder Disc 5"", grade: Grinding. Brand Remax. Sold per Packet.",Remax,All Items > Hardware > Angle Grinder Disc,Packet,"[{""uom"":""Packet"",""conversion_factor"":1.0},{""uom"":""Carton"",""conversion_factor"":24.0}]",,,0,12,10.4
ACM-ANGL0810,"Remax Angle Grinder Disc 4.5"" Grinding","Angle Grinder Disc 4.5"", grade: Grinding. Brand Remax. Sold per Packet.",Remax,All Items > Hardware > Angle Grinder Disc,Packet,"[{""uom"":""Packet"",""conversion_factor"":1.0},{""uom"":""Carton"",""conversion_factor"":10.0}]",947217260214,,0,3,272.71
ACM-NITR1076,Tolsen Nitrile Glove M Black,"Nitrile Glove M, colour: Black. Brand Tolsen. Sold per Box.",Tolsen,All Items > Hardware > Nitrile Glove,Box,"[{""uom"":""Box"",""conversion_factor"":1.0}]",,TOL260373,0,12,122.41
ACM-CABL0687,Hitex Cable Tie 100mm Natural,"Cable Tie 100mm, colour: Natural. Brand Hitex. Sold per Packet.",Hitex,All Items > Hardware > Cable Tie,Packet,"[{""uom"":""Packet"",""conversion_factor"":1.0},{""uom"":""Carton"",""conversion_factor"":50.0}]",905697872647,,0,900,317.76
ACM-WALL0047-OLD,Tolsen Wall Plug 10mm Blue,"Wall Plug 10mm, colour: Blue. Brand Tolsen. Sold per Packet. (superseded)",Tolsen,All Items > Hardware > Wall Plug,Packet,"[{""uom"":""Packet"",""conversion_factor"":1.0},{""uom"":""Carton"",""conversion_factor"":12.0}]",,TOL532513,1,0,235.08
ACM-CABL0368,Stallion Cable Tie 300mm Natural,"Cable Tie 300mm, colour: Natural. Brand Stallion. Sold per Packet.",Stallion,All Items > Hardware > Cable Tie,Packet,"[{""uom"":""Packet"",""conversion_factor"":1.0},{""uom"":""Carton"",""conversion_factor"":12.0}]",907588919379,STA626212,0,0,411.21
ACM-HOSE0180,Remax Hose Clip 13-19mm SS304,"Hose Clip 13-19mm, material: SS304. Brand Remax. Sold per Pcs.",Remax,All Items > Hardware > Hose Clip,Pcs,"[{""uom"":""Pcs"",""conversion_factor"":1.0},{""uom"":""Carton"",""conversion_factor"":100.0}]",900774114825,REM840566,0,3,341.41
ACM-CABL1016,Tolsen Cable Tie 100mm Natural,"Cable Tie 100mm, colour: Natural. Brand Tolsen. Sold per Packet.",Tolsen,All Items > Hardware > Cable Tie,Packet,"[{""uom"":""Packet"",""conversion_factor"":1.0},{""uom"":""Carton"",""conversion_factor"":100.0}]",,,0,40,443.43
ACM-CABL0792,Kanto Cable Tie 450mm White,"Cable Tie 450mm, colour: White. Brand Kanto. Sold per Packet.",Kanto,All Items > Hardware > Cable Tie,Packet,"[{""uom"":""Packet"",""conversion_factor"":1.0},{""uom"":""Carton"",""conversion_factor"":100.0}]",974645959584,KAN140486,0,0,39.98
ACM-SAFE0847,Tolsen Safety Helmet Red Ratchet,"Safety Helmet Red, grade: Ratchet. Brand Tolsen. Sold per Nos.",Tolsen,All Items > Hardware > Safety Helmet,Nos,"[{""uom"":""Nos"",""conversion_factor"":1.0},{""uom"":""Carton"",""conversion_factor"":6.0}]",992689274226,TOL795308,0,900,363.05
ACM-CABL0078,Vermont Cable Tie 200mm White,"Cable Tie 200mm, colour: White. Brand Vermont. Sold per Packet.",Vermont,All Items > Hardware > Cable Tie,Packet,"[{""uom"":""Packet"",""conversion_factor"":1.0},{""uom"":""Carton"",""conversion_factor"":50.0}]",904369814753,,0,40,438.15
ACM-SELF0288,"Remax Self Drilling Screw #8 x 3/4"" Zinc Plated","Self Drilling Screw #8 x 3/4"", finish: Zinc Plated. Brand Remax. Sold per Packet.",Remax,All Items > Hardware > Self Drilling Screw,Packet,"[{""uom"":""Packet"",""conversion_factor"":1.0},{""uom"":""Carton"",""conversion_factor"":24.0}]",945336253444,,0,3,34.95
ACM-SELF0079,"Stallion Self Drilling Screw #12 x 2"" Zinc Plated","Self Drilling Screw #12 x 2"", finish: Zinc Plated. Brand Stallion. Sold per Packet.",Stallion,All Items > Hardware > Self Drilling Screw,Packet,"[{""uom"":""Packet"",""conversion_factor"":1.0},{""uom"":""Carton"",""conversion_factor"":50.0}]",970249833772,STA898888,0,40,296.55
ACM-PVCP0619,Hitex PVC Pipe 20mm Class E,"PVC Pipe 20mm, grade: Class E. Brand Hitex. Sold per Length.",Hitex,All Items > Hardware > PVC Pipe,Length,"[{""uom"":""Length"",""conversion_factor"":1.0}]",,,0,12,284.42
ACM-WALL0371,Remax Wall Plug 12mm Blue,"Wall Plug 12mm, colour: Blue. Brand Remax. Sold per Packet.",Remax,All Items > Hardware > Wall Plug,Packet,"[{""uom"":""Packet"",""conversion_factor"":1.0},{""uom"":""Carton"",""conversion_factor"":50.0}]",,,0,12,135.01
ACM-SELF0686,"Stallion Self Drilling Screw #10 x 1-1/2"" Zinc Plated","Self Drilling Screw #10 x 1-1/2"", finish: Zinc Plated. Brand Stallion. Sold per Packet.",Stallion,All Items > Hardware > Self Drilling Screw,Packet,"[{""uom"":""Packet"",""conversion_factor"":1.0},{""uom"":""Carton"",""conversion_factor"":12.0}]",985660702302,,0,3,145.93
ACM-HOSE0244,Hitex Hose Clip 25-38mm Zinc,"Hose Clip 25-38mm, material: Zinc. Brand Hitex. Sold per Pcs.",Hitex,All Items > Hardware > Hose Clip,Pcs,"[{""uom"":""Pcs"",""conversion_factor"":1.0},{""uom"":""Carton"",""conversion_factor"":100.0}]",970711602197,,0,0,15.12
ACM-SELF0694,"Remax Self Drilling Screw #10 x 1"" Zinc Plated","Self Drilling Screw #10 x 1"", finish: Zinc Plated. Brand Remax. Sold per Packet.",Remax,All Items > Hardware > Self Drilling Screw,Packet,"[{""uom"":""Packet"",""conversion_factor"":1.0},{""uom"":""Carton"",""conversion_factor"":10.0}]",,,0,3,82.89
ACM-HEXB0877,Vermont Hex Bolt M10x75 Stainless 304,"Hex Bolt M10x75, finish: Stainless 304. Brand Vermont. Sold per Pcs.",Vermont,All Items > Hardware > Hex Bolt,Pcs,"[{""uom"":""Pcs"",""conversion_factor"":1.0},{""uom"":""Carton"",""conversion_factor"":10.0}]",954303123135,,0,0,68.22
ACM-BALL0978,"Tolsen Ball Valve 3/4"" Brass","Ball Valve 3/4"", material: Brass. Brand Tolsen. Sold per Nos.",Tolsen,All Items > Hardware > Ball Valve,Nos,"[{""uom"":""Nos"",""conversion_factor"":1.0},{""uom"":""Carton"",""conversion_factor"":24.0}]",,TOL978545,0,3,22.9
ACM-HEXB0087,Tolsen Hex Bolt M6x30 Zinc Plated,"Hex Bolt M6x30, finish: Zinc Plated. Brand Tolsen. Sold per Pcs.",Tolsen,All Items > Hardware > Hex Bolt,Pcs,"[{""uom"":""Pcs"",""conversion_factor"":1.0},{""uom"":""Carton"",""conversion_factor"":12.0}]",950163308829,TOL664222,0,0,311.52
ACM-SAFE0144,Hitex Safety Helmet Yellow Standard,"Safety Helmet Yellow, grade: Standard. Brand Hitex. Sold per Nos.",Hitex,All Items > Hardware > Safety Helmet,Nos,"[{""uom"":""Nos"",""conversion_factor"":1.0},{""uom"":""Carton"",""conversion_factor"":12.0}]",,,0,0,175.34
ACM-HEXB0757,Tolsen Hex Bolt M10x75 Stainless 304,"Hex Bolt M10x75, finish: Stainless 304. Brand Tolsen. Sold per Pcs.",Tolsen,All Items > Hardware > Hex Bolt,Pcs,"[{""uom"":""Pcs"",""conversion_factor"":1.0},{""uom"":""Carton"",""conversion_factor"":24.0}]",997315228510,TOL070254,0,12,6.7
ACM-BALL0037,"Stallion Ball Valve 1-1/4"" SS304","Ball Valve 1-1/4"", material: SS304. Brand Stallion. Sold per Nos.",Stallion,All Items > Hardware > Ball Valve,Nos,"[{""uom"":""Nos"",""conversion_factor"":1.0},{""uom"":""Carton"",""conversion_factor"":100.0}]",913375225103,,0,0,31.86
ACM-MASK0770,Hitex Masking Tape 12mm High Temp,"Masking Tape 12mm, grade: High Temp. Brand Hitex. Sold per Roll.",Hitex,All Items > Hardware > Masking Tape,Roll,"[{""uom"":""Roll"",""conversion_factor"":1.0},{""uom"":""Carton"",""conversion_factor"":50.0}]",941472023346,HIT088642,0,40,63.98
ACM-PVCP0195,Remax PVC Pipe 50mm Class E,"PVC Pipe 50mm, grade: Class E. Brand Remax. Sold per Length.",Remax,All Items > Hardware > PVC Pipe,Length,"[{""uom"":""Length"",""conversion_factor"":1.0}]",,,0,12,433.42
ACM-HEXB0350,Bosco Hex Bolt M10x75 Stainless 304,"Hex Bolt M10x75, finish: Stainless 304. Brand Bosco. Sold per Pcs.",Bosco,All Items > Hardware > Hex Bolt,Pcs,"[{""uom"":""Pcs"",""conversion_factor"":1.0},{""uom"":""Carton"",""conversion_factor"":12.0}]",,,0,3,294.22
ACM-CABL0910,Bosco Cable Tie 100mm White,"Cable Tie 100mm, colour: White. Brand Bosco. Sold per Packet.",Bosco,All Items > Hardware > Cable Tie,Packet,"[{""uom"":""Packet"",""conversion_factor"":1.0},{""uom"":""Carton"",""conversion_factor"":100.0}]",934882590459,,0,900,283.93
ACM-SELF0121,"Tolsen Self Drilling Screw #10 x 1-1/2"" Stainless 410","Self Drilling Screw #10 x 1-1/2"", finish: Stainless 410. Brand Tolsen. Sold per Packet.",Tolsen,All Items > Hardware > Self Drilling Screw,Packet,"[{""uom"":""Packet"",""conversion_factor"":1.0},{""uom"":""Carton"",""conversion_factor"":10.0}]",,,0,0,124.05
ACM-BALL0562,"Tolsen Ball Valve 2"" SS304","Ball Valve 2"", material: SS304. Brand Tolsen. Sold per Nos.",Tolsen,All Items > Hardware > Ball Valve,Nos,"[{""uom"":""Nos"",""conversion_factor"":1.0},{""uom"":""Carton"",""conversion_factor"":50.0}]",994717031339,,0,150,417.06
ACM-PVCP0482,Stallion PVC Pipe 32mm Class D,"PVC Pipe 32mm, grade: Class D. Brand Stallion. Sold per Length.",Stallion,All Items > Hardware > PVC Pipe,Length,"[{""uom"":""Length"",""conversion_factor"":1.0}]",,,0,40,251.87
ACM-HEXB0361,Stallion Hex Bolt M12x60 Zinc Plated,"Hex Bolt M12x60, finish: Zinc Plated. Brand Stallion. Sold per Pcs.",Stallion,All Items > Hardware > Hex Bolt,Pcs,"[{""uom"":""Pcs"",""conversion_factor"":1.0},{""uom"":""Carton"",""conversion_factor"":12.0}]",,,0,900,401.76
ACM-BALL0851,"Bosco Ball Valve 1"" PVC","Ball Valve 1"", material: PVC. Brand Bosco. Sold per Nos.",Bosco,All Items > Hardware > Ball Valve,Nos,"[{""uom"":""Nos"",""conversion_factor"":1.0},{""uom"":""Carton"",""conversion_factor"":6.0}]",,,0,40,315.47
ACM-BALL1007,"Tolsen Ball Valve 1/2"" Brass","Ball Valve 1/2"", material: Brass. Brand Tolsen. Sold per Nos.",Tolsen,All Items > Hardware > Ball Valve,Nos,"[{""uom"":""Nos"",""conversion_factor"":1.0},{""uom"":""Carton"",""conversion_factor"":50.0}]",977041699396,,0,0,404.29
ACM-ANGL0265,"Vermont Angle Grinder Disc 5"" Flap","Angle Grinder Disc 5"", grade: Flap. Brand Vermont. Sold per Packet.",Vermont,All Items > Hardware > Angle Grinder Disc,Packet,"[{""uom"":""Packet"",""conversion_factor"":1.0},{""uom"":""Carton"",""conversion_factor"":100.0}]",996727767210,VER650798,0,40,260.53
ACM-WALL1082,Vermont Wall Plug 10mm Brown,"Wall Plug 10mm, colour: Brown. Brand Vermont. Sold per Packet.",Vermont,All Items > Hardware > Wall Plug,Packet,"[{""uom"":""Packet"",""conversion_factor"":1.0},{""uom"":""Carton"",""conversion_factor"":6.0}]",,VER385995,0,0,359.06
ACM-CABL0576,Tolsen Cable Tie 150mm Natural,"Cable Tie 150mm, colour: Natural. Brand Tolsen. Sold per Packet.",Tolsen,All Items > Hardware > Cable Tie,Packet,"[{""uom"":""Packet"",""conversion_factor"":1.0},{""uom"":""Carton"",""conversion_factor"":24.0}]",970461397005,,0,3,373.31
ACM-PVCP0281,Tolsen PVC Pipe 20mm Class E,"PVC Pipe 20mm, grade: Class E. Brand Tolsen. Sold per Length.",Tolsen,All Items > Hardware > PVC Pipe,Length,"[{""uom"":""Length"",""conversion_factor"":1.0}]",946116719825,TOL325285,0,900,303.14
ACM-HOSE0531,Tolsen Hose Clip 38-50mm SS304,"Hose Clip 38-50mm, material: SS304. Brand Tolsen. Sold per Pcs.",Tolsen,All Items > Hardware > Hose Clip,Pcs,"[{""uom"":""Pcs"",""conversion_factor"":1.0},{""uom"":""Carton"",""conversion_factor"":6.0}]",929800495134,TOL530100,0,40,402.5
ACM-SELF1092,"Kanto Self Drilling Screw #8 x 1"" Zinc Plated","Self Drilling Screw #8 x 1"", finish: Zinc Plated. Brand Kanto. Sold per Packet.",Kanto,All Items > Hardware > Self Drilling Screw,Packet,"[{""uom"":""Packet"",""conversion_factor"":1.0},{""uom"":""Carton"",""conversion_factor"":10.0}]",,,0,150,317.68
ACM-HEXB0599,Vermont Hex Bolt M6x50 Zinc Plated,"Hex Bolt M6x50, finish: Zinc Plated. Brand Vermont. Sold per Pcs.",Vermont,All Items > Hardware > Hex Bolt,Pcs,"[{""uom"":""Pcs"",""conversion_factor"":1.0},{""uom"":""Carton"",""conversion_factor"":12.0}]",,VER969289,0,900,311.24
ACM-ANGL0773,"Vermont Angle Grinder Disc 5"" Cutting","Angle Grinder Disc 5"", grade: Cutting. Brand Vermont. Sold per Packet.",Vermont,All Items > Hardware > Angle Grinder Disc,Packet,"[{""uom"":""Packet"",""conversion_factor"":1.0},{""uom"":""Carton"",""conversion_factor"":12.0}]",996184689615,VER123700,0,3,112.48
ACM-WALL1024,Remax Wall Plug 8mm Brown,"Wall Plug 8mm, colour: Brown. Brand Remax. Sold per Packet.",Remax,All Items > Hardware > Wall Plug,Packet,"[{""uom"":""Packet"",""conversion_factor"":1.0},{""uom"":""Carton"",""conversion_factor"":50.0}]",939446945174,,0,3,191.31
ACM-HOSE0953,Remax Hose Clip 13-19mm Zinc,"Hose Clip 13-19mm, material: Zinc. Brand Remax. Sold per Pcs.",Remax,All Items > Hardware > Hose Clip,Pcs,"[{""uom"":""Pcs"",""conversion_factor"":1.0},{""uom"":""Carton"",""conversion_factor"":24.0}]",931417247623,,0,150,277.55
ACM-HEXB0714,Remax Hex Bolt M8x75 Stainless 304,"Hex Bolt M8x75, finish: Stainless 304. Brand Remax. Sold per Pcs.",Remax,All Items > Hardware > Hex Bolt,Pcs,"[{""uom"":""Pcs"",""conversion_factor"":1.0},{""uom"":""Carton"",""conversion_factor"":10.0}]",932580180742,,0,40,376.98
ACM-GIWI0997,Kanto GI Wire #18 Hard Drawn,"GI Wire #18, grade: Hard Drawn. Brand Kanto. Sold per Kg.",Kanto,All Items > Hardware > GI Wire,Kg,"[{""uom"":""Kg"",""conversion_factor"":1.0}]",,KAN142823,0,150,181.8
ACM-SELF0777,"Vermont Self Drilling Screw #8 x 1"" Stainless 410","Self Drilling Screw #8 x 1"", finish: Stainless 410. Brand Vermont. Sold per Packet.",Vermont,All Items > Hardware > Self Drilling Screw,Packet,"[{""uom"":""Packet"",""conversion_factor"":1.0},{""uom"":""Carton"",""conversion_factor"":6.0}]",990927916935,VER771945,0,0,89.71
ACM-GIWI0495,Remax GI Wire #20 Hard Drawn,"GI Wire #20, grade: Hard Drawn. Brand Remax. Sold per Kg.",Remax,All Items > Hardware > GI Wire,Kg,"[{""uom"":""Kg"",""conversion_factor"":1.0}]",928398970313,,0,12,186.58
ACM-PVCP1070,Vermont PVC Pipe 20mm Class E,"PVC Pipe 20mm, grade: Class E. Brand Vermont. Sold per Length.",Vermont,All Items > Hardware > PVC Pipe,Length,"[{""uom"":""Length"",""conversion_factor"":1.0}]",964596040533,,0,900,15.97
ACM-BALL0173,"Tolsen Ball Valve 1-1/4"" Brass","Ball Valve 1-1/4"", material: Brass. Brand Tolsen. Sold per Nos.",Tolsen,All Items > Hardware > Ball Valve,Nos,"[{""uom"":""Nos"",""conversion_factor"":1.0},{""uom"":""Carton"",""conversion_factor"":100.0}]",934809214737,,0,150,456.77
ACM-HEXB0585,Kanto Hex Bolt M6x50 Zinc Plated,"Hex Bolt M6x50, finish: Zinc Plated. Brand Kanto. Sold per Pcs.",Kanto,All Items > Hardware > Hex Bolt,Pcs,"[{""uom"":""Pcs"",""conversion_factor"":1.0},{""uom"":""Carton"",""conversion_factor"":10.0}]",,,0,900,298.35
ACM-CABL1084,Tolsen Cable Tie 200mm Black,"Cable Tie 200mm, colour: Black. Brand Tolsen. Sold per Packet.",Tolsen,All Items > Hardware > Cable Tie,Packet,"[{""uom"":""Packet"",""conversion_factor"":1.0},{""uom"":""Carton"",""conversion_factor"":100.0}]",946163407082,TOL514912,0,12,111.76
ACM-PVCP0666,Stallion PVC Pipe 40mm Class C,"PVC Pipe 40mm, grade: Class C. Brand Stallion. Sold per Length.",Stallion,All Items > Hardware > PVC Pipe,Length,"[{""uom"":""Length"",""conversion_factor"":1.0}]",,STA392548,0,900,211.17
ACM-PVCP0666B,Stallion PVC Pipe 40mm Class C (Bulk),"PVC Pipe 40mm, grade: Class C. Brand Stallion. Sold per Length.",Stallion,All Items > Hardware > PVC Pipe,Length,"[{""uom"":""Length"",""conversion_factor"":1.0},{""uom"":""Carton"",""conversion_factor"":144.0}]",,STA392548,0,900,211.17
ACM-MASK0421,Tolsen Masking Tape 18mm General,"Masking Tape 18mm, grade: General. Brand Tolsen. Sold per Roll.",Tolsen,All Items > Hardware > Masking Tape,Roll,"[{""uom"":""Roll"",""conversion_factor"":1.0},{""uom"":""Carton"",""conversion_factor"":6.0}]",,TOL400354,0,900,395.33
ACM-PVCP1051,Tolsen PVC Pipe 25mm Class E,"PVC Pipe 25mm, grade: Class E. Brand Tolsen. Sold per Length.",Tolsen,All Items > Hardware > PVC Pipe,Length,"[{""uom"":""Length"",""conversion_factor"":1.0}]",915407104010,TOL713870,0,900,176.12
ACM-ANGL0899,"Bosco Angle Grinder Disc 4.5"" Cutting","Angle Grinder Disc 4.5"", grade: Cutting. Brand Bosco. Sold per Packet.",Bosco,All Items > Hardware > Angle Grinder Disc,Packet,"[{""uom"":""Packet"",""conversion_factor"":1.0},{""uom"":""Carton"",""conversion_factor"":100.0}]",969735651643,,0,0,171.07
ACM-SAFE0370,Tolsen Safety Helmet Yellow Ratchet,"Safety Helmet Yellow, grade: Ratchet. Brand Tolsen. Sold per Nos.",Tolsen,All Items > Hardware > Safety Helmet,Nos,"[{""uom"":""Nos"",""conversion_factor"":1.0},{""uom"":""Carton"",""conversion_factor"":10.0}]",957839355689,TOL839643,0,150,264.02
ACM-PVCP0994-OLD,Kanto PVC Pipe 25mm Class D,"PVC Pipe 25mm, grade: Class D. Brand Kanto. Sold per Length. (superseded)",Kanto,All Items > Hardware > PVC Pipe,Length,"[{""uom"":""Length"",""conversion_factor"":1.0}]",914062714832,KAN504222,1,0,359.33
ACM-WALL0758,Kanto Wall Plug 12mm Brown,"Wall Plug 12mm, colour: Brown. Brand Kanto. Sold per Packet.",Kanto,All Items > Hardware > Wall Plug,Packet,"[{""uom"":""Packet"",""conversion_factor"":1.0},{""uom"":""Carton"",""conversion_factor"":10.0}]",988499243742,KAN531229,0,3,167.86
ACM-WALL0875,Bosco Wall Plug 6mm Blue,"Wall Plug 6mm, colour: Blue. Brand Bosco. Sold per Packet.",Bosco,All Items > Hardware > Wall Plug,Packet,"[{""uom"":""Packet"",""conversion_factor"":1.0},{""uom"":""Carton"",""conversion_factor"":12.0}]",993780433847,,0,40,228.83
ACM-HOSE0185,Tolsen Hose Clip 19-25mm Zinc,"Hose Clip 19-25mm, material: Zinc. Brand Tolsen. Sold per Pcs.",Tolsen,All Items > Hardware > Hose Clip,Pcs,"[{""uom"":""Pcs"",""conversion_factor"":1.0},{""uom"":""Carton"",""conversion_factor"":100.0}]",,,0,900,334.28
ACM-HEXB0491,Hitex Hex Bolt M6x30 Stainless 316,"Hex Bolt M6x30, finish: Stainless 316. Brand Hitex. Sold per Pcs.",Hitex,All Items > Hardware > Hex Bolt,Pcs,"[{""uom"":""Pcs"",""conversion_factor"":1.0},{""uom"":""Carton"",""conversion_factor"":24.0}]",957279729800,,0,12,194.59
ACM-BALL0325,"Tolsen Ball Valve 1"" Brass","Ball Valve 1"", material: Brass. Brand Tolsen. Sold per Nos.",Tolsen,All Items > Hardware > Ball Valve,Nos,"[{""uom"":""Nos"",""conversion_factor"":1.0},{""uom"":""Carton"",""conversion_factor"":10.0}]",,,0,40,166.18
ACM-PVCP0799,Stallion PVC Pipe 40mm Class E,"PVC Pipe 40mm, grade: Class E. Brand Stallion. Sold per Length.",Stallion,All Items > Hardware > PVC Pipe,Length,"[{""uom"":""Length"",""conversion_factor"":1.0}]",935818840017,,0,40,320.9
ACM-HEXB0148,Tolsen Hex Bolt M6x50 Stainless 316,"Hex Bolt M6x50, finish: Stainless 316. Brand Tolsen. Sold per Pcs.",Tolsen,All Items > Hardware > Hex Bolt,Pcs,"[{""uom"":""Pcs"",""conversion_factor"":1.0},{""uom"":""Carton"",""conversion_factor"":100.0}]",953922783790,TOL816271,0,0,53.18
ACM-HOSE0911,Tolsen Hose Clip 19-25mm SS304,"Hose Clip 19-25mm, material: SS304. Brand Tolsen. Sold per Pcs.",Tolsen,All Items > Hardware > Hose Clip,Pcs,"[{""uom"":""Pcs"",""conversion_factor"":1.0},{""uom"":""Carton"",""conversion_factor"":12.0}]",937877011373,TOL831211,0,40,211.29
ACM-HEXB0870,Tolsen Hex Bolt M6x30 HDG,"Hex Bolt M6x30, finish: HDG. Brand Tolsen. Sold per Pcs.",Tolsen,All Items > Hardware > Hex Bolt,Pcs,"[{""uom"":""Pcs"",""conversion_factor"":1.0},{""uom"":""Carton"",""conversion_factor"":10.0}]",978008419846,,0,150,26.98
ACM-BALL0278,"Stallion Ball Valve 1/2"" SS304","Ball Valve 1/2"", material: SS304. Brand Stallion. Sold per Nos.",Stallion,All Items > Hardware > Ball Valve,Nos,"[{""uom"":""Nos"",""conversion_factor"":1.0},{""uom"":""Carton"",""conversion_factor"":100.0}]",958098482906,,0,40,204.5
ACM-BALL0364,"Vermont Ball Valve 1/2"" SS304","Ball Valve 1/2"", material: SS304. Brand Vermont. Sold per Nos.",Vermont,All Items > Hardware > Ball Valve,Nos,"[{""uom"":""Nos"",""conversion_factor"":1.0},{""uom"":""Carton"",""conversion_factor"":12.0}]",,,0,0,69.81
ACM-WALL0143,Remax Wall Plug 6mm Brown,"Wall Plug 6mm, colour: Brown. Brand Remax. Sold per Packet.",Remax,All Items > Hardware > Wall Plug,Packet,"[{""uom"":""Packet"",""conversion_factor"":1.0},{""uom"":""Carton"",""conversion_factor"":12.0}]",,,0,900,254.21
ACM-MASK0378,Kanto Masking Tape 48mm High Temp,"Masking Tape 48mm, grade: High Temp. Brand Kanto. Sold per Roll.",Kanto,All Items > Hardware > Masking Tape,Roll,"[{""uom"":""Roll"",""conversion_factor"":1.0},{""uom"":""Carton"",""conversion_factor"":6.0}]",,KAN014030,0,40,302.87
ACM-HOSE0191,Stallion Hose Clip 25-38mm SS304,"Hose Clip 25-38mm, material: SS304. Brand Stallion. Sold per Pcs.",Stallion,All Items > Hardware > Hose Clip,Pcs,"[{""uom"":""Pcs"",""conversion_factor"":1.0},{""uom"":""Carton"",""conversion_factor"":12.0}]",940262960432,,0,40,164.2
ACM-CABL0913,Remax Cable Tie 150mm Black,"Cable Tie 150mm, colour: Black. Brand Remax. Sold per Packet.",Remax,All Items > Hardware > Cable Tie,Packet,"[{""uom"":""Packet"",""conversion_factor"":1.0},{""uom"":""Carton"",""conversion_factor"":12.0}]",,REM631259,0,150,377.94
ACM-HOSE1095,Bosco Hose Clip 25-38mm Zinc,"Hose Clip 25-38mm, material: Zinc. Brand Bosco. Sold per Pcs.",Bosco,All Items > Hardware > Hose Clip,Pcs,"[{""uom"":""Pcs"",""conversion_factor"":1.0},{""uom"":""Carton"",""conversion_factor"":10.0}]",928611739907,,0,0,106.91
ACM-HEXB0893,Stallion Hex Bolt M8x50 HDG,"Hex Bolt M8x50, finish: HDG. Brand Stallion. Sold per Pcs.",Stallion,All Items > Hardware > Hex Bolt,Pcs,"[{""uom"":""Pcs"",""conversion_factor"":1.0},{""uom"":""Carton"",""conversion_factor"":24.0}]",955657204756,,0,900,235.86
ACM-ANGL1019,"Kanto Angle Grinder Disc 4.5"" Cutting","Angle Grinder Disc 4.5"", grade: Cutting. Brand Kanto. Sold per Packet.",Kanto,All Items > Hardware > Angle Grinder Disc,Packet,"[{""uom"":""Packet"",""conversion_factor"":1.0},{""uom"":""Carton"",""conversion_factor"":12.0}]",,KAN935971,0,3,29.62
ACM-PVCP0076,Remax PVC Pipe 40mm Class E,"PVC Pipe 40mm, grade: Class E. Brand Remax. Sold per Length.",Remax,All Items > Hardware > PVC Pipe,Length,"[{""uom"":""Length"",""conversion_factor"":1.0}]",999991849929,,0,150,73.35
ACM-CABL0321,Remax Cable Tie 450mm Natural,"Cable Tie 450mm, colour: Natural. Brand Remax. Sold per Packet.",Remax,All Items > Hardware > Cable Tie,Packet,"[{""uom"":""Packet"",""conversion_factor"":1.0},{""uom"":""Carton"",""conversion_factor"":6.0}]",,,0,40,465.75
ACM-GIWI0620,Tolsen GI Wire #20 Soft,"GI Wire #20, grade: Soft. Brand Tolsen. Sold per Kg.",Tolsen,All Items > Hardware > GI Wire,Kg,"[{""uom"":""Kg"",""conversion_factor"":1.0}]",965522722900,TOL870591,0,40,471.12
ACM-CABL0322,Vermont Cable Tie 100mm White,"Cable Tie 100mm, colour: White. Brand Vermont. Sold per Packet.",Vermont,All Items > Hardware > Cable Tie,Packet,"[{""uom"":""Packet"",""conversion_factor"":1.0},{""uom"":""Carton"",""conversion_factor"":50.0}]",925019183703,VER626606,0,150,44.53
ACM-GIWI0801,Hitex GI Wire #20 Soft,"GI Wire #20, grade: Soft. Brand Hitex. Sold per Kg.",Hitex,All Items > Hardware > GI Wire,Kg,"[{""uom"":""Kg"",""conversion_factor"":1.0}]",,HIT365925,0,12,454.93
ACM-BALL0818,"Stallion Ball Valve 1"" Brass","Ball Valve 1"", material: Brass. Brand Stallion. Sold per Nos.",Stallion,All Items > Hardware > Ball Valve,Nos,"[{""uom"":""Nos"",""conversion_factor"":1.0},{""uom"":""Carton"",""conversion_factor"":24.0}]",968491348982,STA818957,0,150,352.81
ACM-WALL0210,Tolsen Wall Plug 12mm Blue,"Wall Plug 12mm, colour: Blue. Brand Tolsen. Sold per Packet.",Tolsen,All Items > Hardware > Wall Plug,Packet,"[{""uom"":""Packet"",""conversion_factor"":1.0},{""uom"":""Carton"",""conversion_factor"":10.0}]",999622531915,TOL226121,0,900,154.08
ACM-NITR0808,Vermont Nitrile Glove L Blue,"Nitrile Glove L, colour: Blue. Brand Vermont. Sold per Box.",Vermont,All Items > Hardware > Nitrile Glove,Box,"[{""uom"":""Box"",""conversion_factor"":1.0}]",972059905064,VER467754,0,3,329.8
ACM-HEXB0572,Bosco Hex Bolt M8x30 HDG,"Hex Bolt M8x30, finish: HDG. Brand Bosco. Sold per Pcs.",Bosco,All Items > Hardware > Hex Bolt,Pcs,"[{""uom"":""Pcs"",""conversion_factor"":1.0},{""uom"":""Carton"",""conversion_factor"":100.0}]",,,0,3,367.08
ACM-GIWI0663,Kanto GI Wire #16 Hard Drawn,"GI Wire #16, grade: Hard Drawn. Brand Kanto. Sold per Kg.",Kanto,All Items > Hardware > GI Wire,Kg,"[{""uom"":""Kg"",""conversion_factor"":1.0}]",,KAN251007,0,12,318.18
ACM-PVCP1002,Remax PVC Pipe 40mm Class C,"PVC Pipe 40mm, grade: Class C. Brand Remax. Sold per Length.",Remax,All Items > Hardware > PVC Pipe,Length,"[{""uom"":""Length"",""conversion_factor"":1.0}]",,REM689099,0,0,354.53
ACM-WALL0817,Vermont Wall Plug 10mm Red,"Wall Plug 10mm, colour: Red. Brand Vermont. Sold per Packet.",Vermont,All Items > Hardware > Wall Plug,Packet,"[{""uom"":""Packet"",""conversion_factor"":1.0},{""uom"":""Carton"",""conversion_factor"":12.0}]",,,0,900,138.76
ACM-PVCP0854,Stallion PVC Pipe 50mm Class D,"PVC Pipe 50mm, grade: Class D. Brand Stallion. Sold per Length.",Stallion,All Items > Hardware > PVC Pipe,Length,"[{""uom"":""Length"",""conversion_factor"":1.0}]",,STA869884,0,3,43.51
ACM-SELF0204,"Bosco Self Drilling Screw #12 x 2"" Stainless 410","Self Drilling Screw #12 x 2"", finish: Stainless 410. Brand Bosco. Sold per Packet.",Bosco,All Items > Hardware > Self Drilling Screw,Packet,"[{""uom"":""Packet"",""conversion_factor"":1.0},{""uom"":""Carton"",""conversion_factor"":100.0}]",,,0,40,302.28
ACM-PVCP0896,Vermont PVC Pipe 15mm Class C,"PVC Pipe 15mm, grade: Class C. Brand Vermont. Sold per Length.",Vermont,All Items > Hardware > PVC Pipe,Length,"[{""uom"":""Length"",""conversion_factor"":1.0}]",980350141899,,0,150,287.44
ACM-BALL0682,"Vermont Ball Valve 1-1/4"" PVC","Ball Valve 1-1/4"", material: PVC. Brand Vermont. Sold per Nos.",Vermont,All Items > Hardware > Ball Valve,Nos,"[{""uom"":""Nos"",""conversion_factor"":1.0},{""uom"":""Carton"",""conversion_factor"":100.0}]",,VER331539,0,3,227.27
ACM-HEXB0790,Vermont Hex Bolt M10x75 Stainless 316,"Hex Bolt M10x75, finish: Stainless 316. Brand Vermont. Sold per Pcs.",Vermont,All Items > Hardware > Hex Bolt,Pcs,"[{""uom"":""Pcs"",""conversion_factor"":1.0},{""uom"":""Carton"",""conversion_factor"":50.0}]",,,0,150,227.34
ACM-SAFE0202,Vermont Safety Helmet Yellow Standard,"Safety Helmet Yellow, grade: Standard. Brand Vermont. Sold per Nos.",Vermont,All Items > Hardware > Safety Helmet,Nos,"[{""uom"":""Nos"",""conversion_factor"":1.0},{""uom"":""Carton"",""conversion_factor"":50.0}]",971283677547,VER645585,0,0,81.92
ACM-WALL0776,Tolsen Wall Plug 8mm Blue,"Wall Plug 8mm, colour: Blue. Brand Tolsen. Sold per Packet.",Tolsen,All Items > Hardware > Wall Plug,Packet,"[{""uom"":""Packet"",""conversion_factor"":1.0},{""uom"":""Carton"",""conversion_factor"":24.0}]",,,0,0,379.21
ACM-SELF0869,"Hitex Self Drilling Screw #8 x 3/4"" Stainless 410","Self Drilling Screw #8 x 3/4"", finish: Stainless 410. Brand Hitex. Sold per Packet.",Hitex,All Items > Hardware > Self Drilling Screw,Packet,"[{""uom"":""Packet"",""conversion_factor"":1.0},{""uom"":""Carton"",""conversion_factor"":24.0}]",977494946986,,0,150,435.14
ACM-PVCP0614,Bosco PVC Pipe 20mm Class D,"PVC Pipe 20mm, grade: Class D. Brand Bosco. Sold per Length.",Bosco,All Items > Hardware > PVC Pipe,Length,"[{""uom"":""Length"",""conversion_factor"":1.0}]",917008170190,,0,12,60.22
ACM-HEXB0158,Remax Hex Bolt M12x60 HDG,"Hex Bolt M12x60, finish: HDG. Brand Remax. Sold per Pcs.",Remax,All Items > Hardware > Hex Bolt,Pcs,"[{""uom"":""Pcs"",""conversion_factor"":1.0},{""uom"":""Carton"",""conversion_factor"":12.0}]",960158798486,REM615855,0,900,19.25
ACM-WALL0140,Kanto Wall Plug 6mm Brown,"Wall Plug 6mm, colour: Brown. Brand Kanto. Sold per Packet.",Kanto,All Items > Hardware > Wall Plug,Packet,"[{""uom"":""Packet"",""conversion_factor"":1.0},{""uom"":""Carton"",""conversion_factor"":12.0}]",,,0,40,362.27
ACM-CABL1003-OLD,Stallion Cable Tie 370mm Black,"Cable Tie 370mm, colour: Black. Brand Stallion. Sold per Packet. (superseded)",Stallion,All Items > Hardware > Cable Tie,Packet,"[{""uom"":""Packet"",""conversion_factor"":1.0},{""uom"":""Carton"",""conversion_factor"":6.0}]",981109999147,,1,0,197.91
ACM-HEXB0613,Hitex Hex Bolt M8x30 Zinc Plated,"Hex Bolt M8x30, finish: Zinc Plated. Brand Hitex. Sold per Pcs.",Hitex,All Items > Hardware > Hex Bolt,Pcs,"[{""uom"":""Pcs"",""conversion_factor"":1.0},{""uom"":""Carton"",""conversion_factor"":50.0}]",,,0,12,394.96
ACM-HEXB0212,Tolsen Hex Bolt M6x30 Stainless 316,"Hex Bolt M6x30, finish: Stainless 316. Brand Tolsen. Sold per Pcs.",Tolsen,All Items > Hardware > Hex Bolt,Pcs,"[{""uom"":""Pcs"",""conversion_factor"":1.0},{""uom"":""Carton"",""conversion_factor"":24.0}]",986601372847,,0,3,368.39
ACM-BALL0659,"Remax Ball Valve 2"" SS304","Ball Valve 2"", material: SS304. Brand Remax. Sold per Nos.",Remax,All Items > Hardware > Ball Valve,Nos,"[{""uom"":""Nos"",""conversion_factor"":1.0},{""uom"":""Carton"",""conversion_factor"":12.0}]",,,0,0,51.87
ACM-MASK0891,Bosco Masking Tape 12mm General,"Masking Tape 12mm, grade: General. Brand Bosco. Sold per Roll.",Bosco,All Items > Hardware > Masking Tape,Roll,"[{""uom"":""Roll"",""conversion_factor"":1.0},{""uom"":""Carton"",""conversion_factor"":6.0}]",919911026782,BOS412199,0,0,189.57
ACM-CABL1008,Stallion Cable Tie 450mm Black,"Cable Tie 450mm, colour: Black. Brand Stallion. Sold per Packet.",Stallion,All Items > Hardware > Cable Tie,Packet,"[{""uom"":""Packet"",""conversion_factor"":1.0},{""uom"":""Carton"",""conversion_factor"":100.0}]",981860409356,STA234557,0,900,419.53
ACM-WALL1042,Remax Wall Plug 12mm Red,"Wall Plug 12mm, colour: Red. Brand Remax. Sold per Packet.",Remax,All Items > Hardware > Wall Plug,Packet,"[{""uom"":""Packet"",""conversion_factor"":1.0},{""uom"":""Carton"",""conversion_factor"":6.0}]",,,0,12,27.78
ACM-NITR0240,Bosco Nitrile Glove M Black,"Nitrile Glove M, colour: Black. Brand Bosco. Sold per Box.",Bosco,All Items > Hardware > Nitrile Glove,Box,"[{""uom"":""Box"",""conversion_factor"":1.0}]",965245029005,,0,900,161.91
ACM-MASK0405,Stallion Masking Tape 12mm High Temp,"Masking Tape 12mm, grade: High Temp. Brand Stallion. Sold per Roll.",Stallion,All Items > Hardware > Masking Tape,Roll,"[{""uom"":""Roll"",""conversion_factor"":1.0},{""uom"":""Carton"",""conversion_factor"":6.0}]",,STA009949,0,0,203.35
ACM-HEXB1074,Vermont Hex Bolt M8x50 Stainless 316,"Hex Bolt M8x50, finish: Stainless 316. Brand Vermont. Sold per Pcs.",Vermont,All Items > Hardware > Hex Bolt,Pcs,"[{""uom"":""Pcs"",""conversion_factor"":1.0},{""uom"":""Carton"",""conversion_factor"":50.0}]",993363759884,VER916097,0,12,261.54
ACM-NITR0565,Vermont Nitrile Glove M Black,"Nitrile Glove M, colour: Black. Brand Vermont. Sold per Box.",Vermont,All Items > Hardware > Nitrile Glove,Box,"[{""uom"":""Box"",""conversion_factor"":1.0}]",920249334619,,0,3,163.66
ACM-PVCP0082,Vermont PVC Pipe 20mm Class C,"PVC Pipe 20mm, grade: Class C. Brand Vermont. Sold per Length.",Vermont,All Items > Hardware > PVC Pipe,Length,"[{""uom"":""Length"",""conversion_factor"":1.0}]",999443661812,VER703612,0,150,32.39
ACM-CABL0550,Vermont Cable Tie 150mm White,"Cable Tie 150mm, colour: White. Brand Vermont. Sold per Packet.",Vermont,All Items > Hardware > Cable Tie,Packet,"[{""uom"":""Packet"",""conversion_factor"":1.0},{""uom"":""Carton"",""conversion_factor"":100.0}]",,,0,0,450.55
ACM-MASK0713,Stallion Masking Tape 24mm General,"Masking Tape 24mm, grade: General. Brand Stallion. Sold per Roll.",Stallion,All Items > Hardware > Masking Tape,Roll,"[{""uom"":""Roll"",""conversion_factor"":1.0},{""uom"":""Carton"",""conversion_factor"":100.0}]",910181056987,,0,900,149.23
ACM-NITR0514,Remax Nitrile Glove M Black,"Nitrile Glove M, colour: Black. Brand Remax. Sold per Box.",Remax,All Items > Hardware > Nitrile Glove,Box,"[{""uom"":""Box"",""conversion_factor"":1.0}]",,REM594272,0,3,441.94
ACM-HEXB0374,Stallion Hex Bolt M8x50 Stainless 316,"Hex Bolt M8x50, finish: Stainless 316. Brand Stallion. Sold per Pcs.",Stallion,All Items > Hardware > Hex Bolt,Pcs,"[{""uom"":""Pcs"",""conversion_factor"":1.0},{""uom"":""Carton"",""conversion_factor"":12.0}]",,,0,3,285.4
ACM-HEXB0139,Kanto Hex Bolt M10x75 Stainless 304,"Hex Bolt M10x75, finish: Stainless 304. Brand Kanto. Sold per Pcs.",Kanto,All Items > Hardware > Hex Bolt,Pcs,"[{""uom"":""Pcs"",""conversion_factor"":1.0},{""uom"":""Carton"",""conversion_factor"":12.0}]",,,0,0,307.61
ACM-SELF0519,"Bosco Self Drilling Screw #12 x 2"" Zinc Plated","Self Drilling Screw #12 x 2"", finish: Zinc Plated. Brand Bosco. Sold per Packet.",Bosco,All Items > Hardware > Self Drilling Screw,Packet,"[{""uom"":""Packet"",""conversion_factor"":1.0},{""uom"":""Carton"",""conversion_factor"":10.0}]",,,0,0,93.51
ACM-GIWI0451,Bosco GI Wire #18 Hard Drawn,"GI Wire #18, grade: Hard Drawn. Brand Bosco. Sold per Kg.",Bosco,All Items > Hardware > GI Wire,Kg,"[{""uom"":""Kg"",""conversion_factor"":1.0}]",955772427816,BOS831643,0,150,137.07
ACM-GIWI0892,Vermont GI Wire #20 Hard Drawn,"GI Wire #20, grade: Hard Drawn. Brand Vermont. Sold per Kg.",Vermont,All Items > Hardware > GI Wire,Kg,"[{""uom"":""Kg"",""conversion_factor"":1.0}]",,,0,150,465.02
ACM-WALL0901,Vermont Wall Plug 12mm Red,"Wall Plug 12mm, colour: Red. Brand Vermont. Sold per Packet.",Vermont,All Items > Hardware > Wall Plug,Packet,"[{""uom"":""Packet"",""conversion_factor"":1.0},{""uom"":""Carton"",""conversion_factor"":6.0}]",971785945190,,0,12,352.24
ACM-WALL0114,Hitex Wall Plug 6mm Red,"Wall Plug 6mm, colour: Red. Brand Hitex. Sold per Packet.",Hitex,All Items > Hardware > Wall Plug,Packet,"[{""uom"":""Packet"",""conversion_factor"":1.0},{""uom"":""Carton"",""conversion_factor"":10.0}]",961638797598,,0,150,93.29
ACM-WALL0604,Tolsen Wall Plug 12mm Brown,"Wall Plug 12mm, colour: Brown. Brand Tolsen. Sold per Packet.",Tolsen,All Items > Hardware > Wall Plug,Packet,"[{""uom"":""Packet"",""conversion_factor"":1.0},{""uom"":""Carton"",""conversion_factor"":10.0}]",943741829574,,0,0,388.63
ACM-HEXB0701,Tolsen Hex Bolt M8x30 HDG,"Hex Bolt M8x30, finish: HDG. Brand Tolsen. Sold per Pcs.",Tolsen,All Items > Hardware > Hex Bolt,Pcs,"[{""uom"":""Pcs"",""conversion_factor"":1.0},{""uom"":""Carton"",""conversion_factor"":50.0}]",,TOL092364,0,0,447.55
ACM-PVCP0673,Bosco PVC Pipe 40mm Class E,"PVC Pipe 40mm, grade: Class E. Brand Bosco. Sold per Length.",Bosco,All Items > Hardware > PVC Pipe,Length,"[{""uom"":""Length"",""conversion_factor"":1.0}]",,,0,12,392.79
ACM-BALL0552,"Kanto Ball Valve 1/2"" SS304","Ball Valve 1/2"", material: SS304. Brand Kanto. Sold per Nos.",Kanto,All Items > Hardware > Ball Valve,Nos,"[{""uom"":""Nos"",""conversion_factor"":1.0},{""uom"":""Carton"",""conversion_factor"":6.0}]",933025039063,,0,0,361.89
ACM-GIWI0774,Vermont GI Wire #20 Soft,"GI Wire #20, grade: Soft. Brand Vermont. Sold per Kg.",Vermont,All Items > Hardware > GI Wire,Kg,"[{""uom"":""Kg"",""conversion_factor"":1.0}]",999188115565,VER316032,0,0,459.05
ACM-HEXB0223,Vermont Hex Bolt M10x75 Zinc Plated,"Hex Bolt M10x75, finish: Zinc Plated. Brand Vermont. Sold per Pcs.",Vermont,All Items > Hardware > Hex Bolt,Pcs,"[{""uom"":""Pcs"",""conversion_factor"":1.0},{""uom"":""Carton"",""conversion_factor"":10.0}]",906451529790,,0,150,124.65
ACM-BALL0376,"Hitex Ball Valve 1/2"" Brass","Ball Valve 1/2"", material: Brass. Brand Hitex. Sold per Nos.",Hitex,All Items > Hardware > Ball Valve,Nos,"[{""uom"":""Nos"",""conversion_factor"":1.0},{""uom"":""Carton"",""conversion_factor"":24.0}]",990131119475,HIT650248,0,12,269.99
ACM-PVCP0023,Hitex PVC Pipe 25mm Class E,"PVC Pipe 25mm, grade: Class E. Brand Hitex. Sold per Length.",Hitex,All Items > Hardware > PVC Pipe,Length,"[{""uom"":""Length"",""conversion_factor"":1.0}]",971979624782,,0,900,436.51
ACM-HEXB0791,Remax Hex Bolt M10x75 Stainless 316,"Hex Bolt M10x75, finish: Stainless 316. Brand Remax. Sold per Pcs.",Remax,All Items > Hardware > Hex Bolt,Pcs,"[{""uom"":""Pcs"",""conversion_factor"":1.0},{""uom"":""Carton"",""conversion_factor"":6.0}]",,,0,0,336.37
ACM-BALL1078,"Tolsen Ball Valve 1-1/4"" PVC","Ball Valve 1-1/4"", material: PVC. Brand Tolsen. Sold per Nos.",Tolsen,All Items > Hardware > Ball Valve,Nos,"[{""uom"":""Nos"",""conversion_factor"":1.0},{""uom"":""Carton"",""conversion_factor"":100.0}]",929295123941,TOL521220,0,40,102.62
ACM-HOSE0678,Hitex Hose Clip 38-50mm SS304,"Hose Clip 38-50mm, material: SS304. Brand Hitex. Sold per Pcs.",Hitex,All Items > Hardware > Hose Clip,Pcs,"[{""uom"":""Pcs"",""conversion_factor"":1.0},{""uom"":""Carton"",""conversion_factor"":6.0}]",994193870371,,0,0,176.03
ACM-BALL0227,"Hitex Ball Valve 1"" SS304","Ball Valve 1"", material: SS304. Brand Hitex. Sold per Nos.",Hitex,All Items > Hardware > Ball Valve,Nos,"[{""uom"":""Nos"",""conversion_factor"":1.0},{""uom"":""Carton"",""conversion_factor"":50.0}]",,,0,150,71.0
ACM-WALL0926,Hitex Wall Plug 8mm Blue,"Wall Plug 8mm, colour: Blue. Brand Hitex. Sold per Packet.",Hitex,All Items > Hardware > Wall Plug,Packet,"[{""uom"":""Packet"",""conversion_factor"":1.0},{""uom"":""Carton"",""conversion_factor"":24.0}]",,,0,40,320.35
ACM-NITR0671,Bosco Nitrile Glove L Black,"Nitrile Glove L, colour: Black. Brand Bosco. Sold per Box.",Bosco,All Items > Hardware > Nitrile Glove,Box,"[{""uom"":""Box"",""conversion_factor"":1.0}]",996819699402,,0,12,303.93
ACM-ANGL0472,"Tolsen Angle Grinder Disc 4"" Grinding","Angle Grinder Disc 4"", grade: Grinding. Brand Tolsen. Sold per Packet.",Tolsen,All Items > Hardware > Angle Grinder Disc,Packet,"[{""uom"":""Packet"",""conversion_factor"":1.0},{""uom"":""Carton"",""conversion_factor"":100.0}]",,,0,0,472.7
ACM-PVCP0117,Tolsen PVC Pipe 25mm Class C,"PVC Pipe 25mm, grade: Class C. Brand Tolsen. Sold per Length.",Tolsen,All Items > Hardware > PVC Pipe,Length,"[{""uom"":""Length"",""conversion_factor"":1.0}]",987915144605,,0,3,315.63
ACM-HEXB0566,Vermont Hex Bolt M12x60 Zinc Plated,"Hex Bolt M12x60, finish: Zinc Plated. Brand Vermont. Sold per Pcs.",Vermont,All Items > Hardware > Hex Bolt,Pcs,"[{""uom"":""Pcs"",""conversion_factor"":1.0},{""uom"":""Carton"",""conversion_factor"":12.0}]",,VER025384,0,0,52.95
ACM-NITR0586,Hitex Nitrile Glove XL Blue,"Nitrile Glove XL, colour: Blue. Brand Hitex. Sold per Box.",Hitex,All Items > Hardware > Nitrile Glove,Box,"[{""uom"":""Box"",""conversion_factor"":1.0}]",916492334386,HIT902677,0,150,381.56
ACM-HEXB0189,Kanto Hex Bolt M8x30 Stainless 316,"Hex Bolt M8x30, finish: Stainless 316. Brand Kanto. Sold per Pcs.",Kanto,All Items > Hardware > Hex Bolt,Pcs,"[{""uom"":""Pcs"",""conversion_factor"":1.0},{""uom"":""Carton"",""conversion_factor"":24.0}]",992928438558,KAN857762,0,40,99.27
ACM-PVCP0755,Tolsen PVC Pipe 15mm Class C,"PVC Pipe 15mm, grade: Class C. Brand Tolsen. Sold per Length.",Tolsen,All Items > Hardware > PVC Pipe,Length,"[{""uom"":""Length"",""conversion_factor"":1.0}]",908841883018,,0,150,117.57
ACM-HEXB1062,Stallion Hex Bolt M8x30 Stainless 316,"Hex Bolt M8x30, finish: Stainless 316. Brand Stallion. Sold per Pcs.",Stallion,All Items > Hardware > Hex Bolt,Pcs,"[{""uom"":""Pcs"",""conversion_factor"":1.0},{""uom"":""Carton"",""conversion_factor"":12.0}]",903306476833,,0,12,443.17
ACM-PVCP0573,Stallion PVC Pipe 32mm Class C,"PVC Pipe 32mm, grade: Class C. Brand Stallion. Sold per Length.",Stallion,All Items > Hardware > PVC Pipe,Length,"[{""uom"":""Length"",""conversion_factor"":1.0}]",941020525347,STA750332,0,40,164.63
ACM-WALL0724,Hitex Wall Plug 8mm Red,"Wall Plug 8mm, colour: Red. Brand Hitex. Sold per Packet.",Hitex,All Items > Hardware > Wall Plug,Packet,"[{""uom"":""Packet"",""conversion_factor"":1.0},{""uom"":""Carton"",""conversion_factor"":100.0}]",,,0,40,107.04
ACM-ANGL1022,"Vermont Angle Grinder Disc 7"" Cutting","Angle Grinder Disc 7"", grade: Cutting. Brand Vermont. Sold per Packet.",Vermont,All Items > Hardware > Angle Grinder Disc,Packet,"[{""uom"":""Packet"",""conversion_factor"":1.0},{""uom"":""Carton"",""conversion_factor"":50.0}]",,,0,0,400.39
ACM-BALL0174,"Kanto Ball Valve 1/2"" PVC","Ball Valve 1/2"", material: PVC. Brand Kanto. Sold per Nos.",Kanto,All Items > Hardware > Ball Valve,Nos,"[{""uom"":""Nos"",""conversion_factor"":1.0},{""uom"":""Carton"",""conversion_factor"":6.0}]",,,0,3,135.61
ACM-WALL0232,Kanto Wall Plug 12mm Red,"Wall Plug 12mm, colour: Red. Brand Kanto. Sold per Packet.",Kanto,All Items > Hardware > Wall Plug,Packet,"[{""uom"":""Packet"",""conversion_factor"":1.0},{""uom"":""Carton"",""conversion_factor"":50.0}]",918876720323,,0,0,257.13
ACM-NITR0760,Tolsen Nitrile Glove S Black,"Nitrile Glove S, colour: Black. Brand Tolsen. Sold per Box.",Tolsen,All Items > Hardware > Nitrile Glove,Box,"[{""uom"":""Box"",""conversion_factor"":1.0}]",,,0,40,254.61
ACM-SELF0247-OLD,"Hitex Self Drilling Screw #8 x 3/4"" Zinc Plated","Self Drilling Screw #8 x 3/4"", finish: Zinc Plated. Brand Hitex. Sold per Packet. (superseded)",Hitex,All Items > Hardware > Self Drilling Screw,Packet,"[{""uom"":""Packet"",""conversion_factor"":1.0},{""uom"":""Carton"",""conversion_factor"":24.0}]",905760092786,HIT098358,1,0,15.4
ACM-WALL0383,Kanto Wall Plug 6mm Blue,"Wall Plug 6mm, colour: Blue. Brand Kanto. Sold per Packet.",Kanto,All Items > Hardware > Wall Plug,Packet,"[{""uom"":""Packet"",""conversion_factor"":1.0},{""uom"":""Carton"",""conversion_factor"":6.0}]",960003590516,,0,40,394.39
ACM-CABL0329,Remax Cable Tie 100mm Black,"Cable Tie 100mm, colour: Black. Brand Remax. Sold per Packet.",Remax,All Items > Hardware > Cable Tie,Packet,"[{""uom"":""Packet"",""conversion_factor"":1.0},{""uom"":""Carton"",""conversion_factor"":12.0}]",920800583545,,0,900,424.17
ACM-WALL0002,Bosco Wall Plug 6mm Red,"Wall Plug 6mm, colour: Red. Brand Bosco. Sold per Packet.",Bosco,All Items > Hardware > Wall Plug,Packet,"[{""uom"":""Packet"",""conversion_factor"":1.0},{""uom"":""Carton"",""conversion_factor"":12.0}]",908354919756,BOS226805,0,40,72.94
ACM-ANGL0402,"Stallion Angle Grinder Disc 4.5"" Grinding","Angle Grinder Disc 4.5"", grade: Grinding. Brand Stallion. Sold per Packet.",Stallion,All Items > Hardware > Angle Grinder Disc,Packet,"[{""uom"":""Packet"",""conversion_factor"":1.0},{""uom"":""Carton"",""conversion_factor"":6.0}]",928815717556,,0,150,435.42
ACM-NITR0655,Bosco Nitrile Glove S Blue,"Nitrile Glove S, colour: Blue. Brand Bosco. Sold per Box.",Bosco,All Items > Hardware > Nitrile Glove,Box,"[{""uom"":""Box"",""conversion_factor"":1.0}]",,,0,40,90.03
ACM-BALL0123,"Kanto Ball Valve 1"" PVC","Ball Valve 1"", material: PVC. Brand Kanto. Sold per Nos.",Kanto,All Items > Hardware > Ball Valve,Nos,"[{""uom"":""Nos"",""conversion_factor"":1.0},{""uom"":""Carton"",""conversion_factor"":10.0}]",983392793645,,0,3,274.91
ACM-BALL0674,"Hitex Ball Valve 3/4"" PVC","Ball Valve 3/4"", material: PVC. Brand Hitex. Sold per Nos.",Hitex,All Items > Hardware > Ball Valve,Nos,"[{""uom"":""Nos"",""conversion_factor"":1.0},{""uom"":""Carton"",""conversion_factor"":10.0}]",918171180792,,0,40,113.4
ACM-PVCP0794,Hitex PVC Pipe 15mm Class D,"PVC Pipe 15mm, grade: Class D. Brand Hitex. Sold per Length.",Hitex,All Items > Hardware > PVC Pipe,Length,"[{""uom"":""Length"",""conversion_factor"":1.0}]",956836398818,HIT665115,0,150,469.04
ACM-HEXB0271,Kanto Hex Bolt M10x75 Stainless 316,"Hex Bolt M10x75, finish: Stainless 316. Brand Kanto. Sold per Pcs.",Kanto,All Items > Hardware > Hex Bolt,Pcs,"[{""uom"":""Pcs"",""conversion_factor"":1.0},{""uom"":""Carton"",""conversion_factor"":12.0}]",984216956975,,0,150,204.73
ACM-CABL0137,Vermont Cable Tie 200mm Natural,"Cable Tie 200mm, colour: Natural. Brand Vermont. Sold per Packet.",Vermont,All Items > Hardware > Cable Tie,Packet,"[{""uom"":""Packet"",""conversion_factor"":1.0},{""uom"":""Carton"",""conversion_factor"":12.0}]",,,0,12,25.74
ACM-PVCP0306-OLD,Bosco PVC Pipe 25mm Class C,"PVC Pipe 25mm, grade: Class C. Brand Bosco. Sold per Length. (superseded)",Bosco,All Items > Hardware > PVC Pipe,Length,"[{""uom"":""Length"",""conversion_factor"":1.0}]",,BOS242903,1,0,128.7
ACM-HEXB0028B,Tolsen Hex Bolt M8x75 Stainless 316 (Bulk),"Hex Bolt M8x75, finish: Stainless 316. Brand Tolsen. Sold per Pcs.",Tolsen,All Items > Hardware > Hex Bolt,Pcs,"[{""uom"":""Pcs"",""conversion_factor"":1.0},{""uom"":""Carton"",""conversion_factor"":144.0}]",,,0,0,332.61
ACM-CABL1028,Stallion Cable Tie 200mm White,"Cable Tie 200mm, colour: White. Brand Stallion. Sold per Packet.",Stallion,All Items > Hardware > Cable Tie,Packet,"[{""uom"":""Packet"",""conversion_factor"":1.0},{""uom"":""Carton"",""conversion_factor"":50.0}]",960139537145,,0,3,382.82
ACM-HEXB0145,Tolsen Hex Bolt M12x60 Stainless 304,"Hex Bolt M12x60, finish: Stainless 304. Brand Tolsen. Sold per Pcs.",Tolsen,All Items > Hardware > Hex Bolt,Pcs,"[{""uom"":""Pcs"",""conversion_factor"":1.0},{""uom"":""Carton"",""conversion_factor"":12.0}]",907794193150,,0,900,70.1
ACM-MASK0133,Bosco Masking Tape 24mm General,"Masking Tape 24mm, grade: General. Brand Bosco. Sold per Roll.",Bosco,All Items > Hardware > Masking Tape,Roll,"[{""uom"":""Roll"",""conversion_factor"":1.0},{""uom"":""Carton"",""conversion_factor"":24.0}]",,BOS350278,0,150,422.91
ACM-HEXB0249,Hitex Hex Bolt M8x75 Stainless 304,"Hex Bolt M8x75, finish: Stainless 304. Brand Hitex. Sold per Pcs.",Hitex,All Items > Hardware > Hex Bolt,Pcs,"[{""uom"":""Pcs"",""conversion_factor"":1.0},{""uom"":""Carton"",""conversion_factor"":100.0}]",920889478311,,0,3,432.12
ACM-ANGL0914,"Vermont Angle Grinder Disc 7"" Flap","Angle Grinder Disc 7"", grade: Flap. Brand Vermont. Sold per Packet.",Vermont,All Items > Hardware > Angle Grinder Disc,Packet,"[{""uom"":""Packet"",""conversion_factor"":1.0},{""uom"":""Carton"",""conversion_factor"":24.0}]",,,0,0,95.92
ACM-MASK0982,Bosco Masking Tape 48mm High Temp,"Masking Tape 48mm, grade: High Temp. Brand Bosco. Sold per Roll.",Bosco,All Items > Hardware > Masking Tape,Roll,"[{""uom"":""Roll"",""conversion_factor"":1.0},{""uom"":""Carton"",""conversion_factor"":100.0}]",,,0,12,214.43
ACM-HEXB0939,Hitex Hex Bolt M10x50 Zinc Plated,"Hex Bolt M10x50, finish: Zinc Plated. Brand Hitex. Sold per Pcs.",Hitex,All Items > Hardware > Hex Bolt,Pcs,"[{""uom"":""Pcs"",""conversion_factor"":1.0},{""uom"":""Carton"",""conversion_factor"":12.0}]",961022437217,HIT285745,0,150,82.71
ACM-PVCP0314,Remax PVC Pipe 15mm Class E,"PVC Pipe 15mm, grade: Class E. Brand Remax. Sold per Length.",Remax,All Items > Hardware > PVC Pipe,Length,"[{""uom"":""Length"",""conversion_factor"":1.0}]",,,0,40,475.54
ACM-CABL0109,Bosco Cable Tie 300mm White,"Cable Tie 300mm, colour: White. Brand Bosco. Sold per Packet.",Bosco,All Items > Hardware > Cable Tie,Packet,"[{""uom"":""Packet"",""conversion_factor"":1.0},{""uom"":""Carton"",""conversion_factor"":6.0}]",,,0,40,265.64
ACM-SELF0945,"Hitex Self Drilling Screw #10 x 1-1/2"" Zinc Plated","Self Drilling Screw #10 x 1-1/2"", finish: Zinc Plated. Brand Hitex. Sold per Packet.",Hitex,All Items > Hardware > Self Drilling Screw,Packet,"[{""uom"":""Packet"",""conversion_factor"":1.0},{""uom"":""Carton"",""conversion_factor"":24.0}]",,HIT911797,0,0,451.96
ACM-PVCP0970,Hitex PVC Pipe 15mm Class C,"PVC Pipe 15mm, grade: Class C. Brand Hitex. Sold per Length.",Hitex,All Items > Hardware > PVC Pipe,Length,"[{""uom"":""Length"",""conversion_factor"":1.0}]",934847623292,HIT808886,0,40,24.85
ACM-HOSE0373,Tolsen Hose Clip 25-38mm SS304,"Hose Clip 25-38mm, material: SS304. Brand Tolsen. Sold per Pcs.",Tolsen,All Items > Hardware > Hose Clip,Pcs,"[{""uom"":""Pcs"",""conversion_factor"":1.0},{""uom"":""Carton"",""conversion_factor"":24.0}]",,,0,40,479.62
ACM-HEXB0595,Hitex Hex Bolt M6x30 Stainless 304,"Hex Bolt M6x30, finish: Stainless 304. Brand Hitex. Sold per Pcs.",Hitex,All Items > Hardware > Hex Bolt,Pcs,"[{""uom"":""Pcs"",""conversion_factor"":1.0},{""uom"":""Carton"",""conversion_factor"":100.0}]",,HIT005055,0,12,50.65
ACM-PVCP1066,Hitex PVC Pipe 50mm Class C,"PVC Pipe 50mm, grade: Class C. Brand Hitex. Sold per Length.",Hitex,All Items > Hardware > PVC Pipe,Length,"[{""uom"":""Length"",""conversion_factor"":1.0}]",963389901695,,0,0,220.79
ACM-PVCP0164,Stallion PVC Pipe 20mm Class D,"PVC Pipe 20mm, grade: Class D. Brand Stallion. Sold per Length.",Stallion,All Items > Hardware > PVC Pipe,Length,"[{""uom"":""Length"",""conversion_factor"":1.0}]",936979504651,,0,40,26.51
ACM-HEXB0060,Bosco Hex Bolt M8x50 Stainless 316,"Hex Bolt M8x50, finish: Stainless 316. Brand Bosco. Sold per Pcs.",Bosco,All Items > Hardware > Hex Bolt,Pcs,"[{""uom"":""Pcs"",""conversion_factor"":1.0},{""uom"":""Carton"",""conversion_factor"":10.0}]",,,0,40,66.43
ACM-SAFE0981,Kanto Safety Helmet White Standard,"Safety Helmet White, grade: Standard. Brand Kanto. Sold per Nos.",Kanto,All Items > Hardware > Safety Helmet,Nos,"[{""uom"":""Nos"",""conversion_factor"":1.0},{""uom"":""Carton"",""conversion_factor"":100.0}]",,,0,900,263.08
ACM-BALL0584,"Bosco Ball Valve 1-1/4"" PVC","Ball Valve 1-1/4"", material: PVC. Brand Bosco. Sold per Nos.",Bosco,All Items > Hardware > Ball Valve,Nos,"[{""uom"":""Nos"",""conversion_factor"":1.0},{""uom"":""Carton"",""conversion_factor"":100.0}]",912714183898,,0,12,434.85
ACM-WALL1021,Hitex Wall Plug 6mm Brown,"Wall Plug 6mm, colour: Brown. Brand Hitex. Sold per Packet.",Hitex,All Items > Hardware > Wall Plug,Packet,"[{""uom"":""Packet"",""conversion_factor"":1.0},{""uom"":""Carton"",""conversion_factor"":10.0}]",910056085652,,0,3,476.92
ACM-HEXB0415,Vermont Hex Bolt M6x50 Stainless 316,"Hex Bolt M6x50, finish: Stainless 316. Brand Vermont. Sold per Pcs.",Vermont,All Items > Hardware > Hex Bolt,Pcs,"[{""uom"":""Pcs"",""conversion_factor"":1.0},{""uom"":""Carton"",""conversion_factor"":24.0}]",,,0,0,418.51
ACM-HOSE0450,Hitex Hose Clip 38-50mm Zinc,"Hose Clip 38-50mm, material: Zinc. Brand Hitex. Sold per Pcs.",Hitex,All Items > Hardware > Hose Clip,Pcs,"[{""uom"":""Pcs"",""conversion_factor"":1.0},{""uom"":""Carton"",""conversion_factor"":12.0}]",966456378920,HIT033283,0,0,203.02
ACM-CABL0646,Bosco Cable Tie 370mm White,"Cable Tie 370mm, colour: White. Brand Bosco. Sold per Packet.",Bosco,All Items > Hardware > Cable Tie,Packet,"[{""uom"":""Packet"",""conversion_factor"":1.0},{""uom"":""Carton"",""conversion_factor"":12.0}]",,,0,0,472.07
ACM-WALL1093,Vermont Wall Plug 6mm Blue,"Wall Plug 6mm, colour: Blue. Brand Vermont. Sold per Packet.",Vermont,All Items > Hardware > Wall Plug,Packet,"[{""uom"":""Packet"",""conversion_factor"":1.0},{""uom"":""Carton"",""conversion_factor"":6.0}]",970652932183,,0,12,464.06
ACM-HEXB1025,Tolsen Hex Bolt M8x75 HDG,"Hex Bolt M8x75, finish: HDG. Brand Tolsen. Sold per Pcs.",Tolsen,All Items > Hardware > Hex Bolt,Pcs,"[{""uom"":""Pcs"",""conversion_factor"":1.0},{""uom"":""Carton"",""conversion_factor"":10.0}]",977844828108,,0,0,132.78
ACM-HEXB0380,Kanto Hex Bolt M10x50 HDG,"Hex Bolt M10x50, finish: HDG. Brand Kanto. Sold per Pcs.",Kanto,All Items > Hardware > Hex Bolt,Pcs,"[{""uom"":""Pcs"",""conversion_factor"":1.0},{""uom"":""Carton"",""conversion_factor"":10.0}]",943644787681,KAN002962,0,0,12.59
ACM-HEXB0528,Kanto Hex Bolt M8x75 Zinc Plated,"Hex Bolt M8x75, finish: Zinc Plated. Brand Kanto. Sold per Pcs.",Kanto,All Items > Hardware > Hex Bolt,Pcs,"[{""uom"":""Pcs"",""conversion_factor"":1.0},{""uom"":""Carton"",""conversion_factor"":50.0}]",,,0,900,375.64
ACM-HOSE0150,Bosco Hose Clip 13-19mm SS304,"Hose Clip 13-19mm, material: SS304. Brand Bosco. Sold per Pcs.",Bosco,All Items > Hardware > Hose Clip,Pcs,"[{""uom"":""Pcs"",""conversion_factor"":1.0},{""uom"":""Carton"",""conversion_factor"":100.0}]",,,0,40,318.98
ACM-ANGL1085,"Bosco Angle Grinder Disc 4"" Grinding","Angle Grinder Disc 4"", grade: Grinding. Brand Bosco. Sold per Packet.",Bosco,All Items > Hardware > Angle Grinder Disc,Packet,"[{""uom"":""Packet"",""conversion_factor"":1.0},{""uom"":""Carton"",""conversion_factor"":24.0}]",907320324598,,0,40,143.61
ACM-SAFE0863,Kanto Safety Helmet Blue Ratchet,"Safety Helmet Blue, grade: Ratchet. Brand Kanto. Sold per Nos.",Kanto,All Items > Hardware > Safety Helmet,Nos,"[{""uom"":""Nos"",""conversion_factor"":1.0},{""uom"":""Carton"",""conversion_factor"":12.0}]",,KAN944185,0,0,161.41
ACM-SAFE0386,Vermont Safety Helmet Blue Standard,"Safety Helmet Blue, grade: Standard. Brand Vermont. Sold per Nos.",Vermont,All Items > Hardware > Safety Helmet,Nos,"[{""uom"":""Nos"",""conversion_factor"":1.0},{""uom"":""Carton"",""conversion_factor"":6.0}]",953184404098,VER157006,0,150,154.98
ACM-PVCP1060,Tolsen PVC Pipe 32mm Class D,"PVC Pipe 32mm, grade: Class D. Brand Tolsen. Sold per Length.",Tolsen,All Items > Hardware > PVC Pipe,Length,"[{""uom"":""Length"",""conversion_factor"":1.0}]",925680786124,,0,12,306.33
ACM-NITR0934,Stallion Nitrile Glove M Blue,"Nitrile Glove M, colour: Blue. Brand Stallion. Sold per Box.",Stallion,All Items > Hardware > Nitrile Glove,Box,"[{""uom"":""Box"",""conversion_factor"":1.0}]",910406795847,,0,150,433.77
ACM-MASK1004,Remax Masking Tape 24mm General,"Masking Tape 24mm, grade: General. Brand Remax. Sold per Roll.",Remax,All Items > Hardware > Masking Tape,Roll,"[{""uom"":""Roll"",""conversion_factor"":1.0},{""uom"":""Carton"",""conversion_factor"":24.0}]",934431619983,,0,150,439.83
ACM-HEXB0675,Tolsen Hex Bolt M8x50 HDG,"Hex Bolt M8x50, finish: HDG. Brand Tolsen. Sold per Pcs.",Tolsen,All Items > Hardware > Hex Bolt,Pcs,"[{""uom"":""Pcs"",""conversion_factor"":1.0},{""uom"":""Carton"",""conversion_factor"":6.0}]",927625166455,,0,0,256.69
ACM-CABL0095,Kanto Cable Tie 450mm Black,"Cable Tie 450mm, colour: Black. Brand Kanto. Sold per Packet.",Kanto,All Items > Hardware > Cable Tie,Packet,"[{""uom"":""Packet"",""conversion_factor"":1.0},{""uom"":""Carton"",""conversion_factor"":10.0}]",,,0,150,465.32
ACM-SAFE0188,Vermont Safety Helmet Yellow Ratchet,"Safety Helmet Yellow, grade: Ratchet. Brand Vermont. Sold per Nos.",Vermont,All Items > Hardware > Safety Helmet,Nos,"[{""uom"":""Nos"",""conversion_factor"":1.0},{""uom"":""Carton"",""conversion_factor"":50.0}]",967713324779,,0,0,303.15
ACM-PVCP0820,Bosco PVC Pipe 20mm Class C,"PVC Pipe 20mm, grade: Class C. Brand Bosco. Sold per Length.",Bosco,All Items > Hardware > PVC Pipe,Length,"[{""uom"":""Length"",""conversion_factor"":1.0}]",982086563683,BOS881592,0,40,475.53
ACM-NITR0677,Bosco Nitrile Glove XL Blue,"Nitrile Glove XL, colour: Blue. Brand Bosco. Sold per Box.",Bosco,All Items > Hardware > Nitrile Glove,Box,"[{""uom"":""Box"",""conversion_factor"":1.0}]",,BOS816837,0,900,27.01
ACM-MASK0855,Remax Masking Tape 18mm High Temp,"Masking Tape 18mm, grade: High Temp. Brand Remax. Sold per Roll.",Remax,All Items > Hardware > Masking Tape,Roll,"[{""uom"":""Roll"",""conversion_factor"":1.0},{""uom"":""Carton"",""conversion_factor"":50.0}]",936434824031,,0,40,462.48
ACM-CABL0055,Hitex Cable Tie 370mm Black,"Cable Tie 370mm, colour: Black. Brand Hitex. Sold per Packet.",Hitex,All Items > Hardware > Cable Tie,Packet,"[{""uom"":""Packet"",""conversion_factor"":1.0},{""uom"":""Carton"",""conversion_factor"":100.0}]",,,0,3,336.14
ACM-WALL0976,Bosco Wall Plug 6mm Brown,"Wall Plug 6mm, colour: Brown. Brand Bosco. Sold per Packet.",Bosco,All Items > Hardware > Wall Plug,Packet,"[{""uom"":""Packet"",""conversion_factor"":1.0},{""uom"":""Carton"",""conversion_factor"":10.0}]",970548120802,,0,150,323.92
ACM-HOSE0665,Tolsen Hose Clip 38-50mm Zinc,"Hose Clip 38-50mm, material: Zinc. Brand Tolsen. Sold per Pcs.",Tolsen,All Items > Hardware > Hose Clip,Pcs,"[{""uom"":""Pcs"",""conversion_factor"":1.0},{""uom"":""Carton"",""conversion_factor"":10.0}]",,,0,3,173.64
ACM-PVCP0486,Remax PVC Pipe 32mm Class E,"PVC Pipe 32mm, grade: Class E. Brand Remax. Sold per Length.",Remax,All Items > Hardware > PVC Pipe,Length,"[{""uom"":""Length"",""conversion_factor"":1.0}]",,,0,150,58.63
ACM-CABL0438,Vermont Cable Tie 300mm Natural,"Cable Tie 300mm, colour: Natural. Brand Vermont. Sold per Packet.",Vermont,All Items > Hardware > Cable Tie,Packet,"[{""uom"":""Packet"",""conversion_factor"":1.0},{""uom"":""Carton"",""conversion_factor"":100.0}]",,VER771238,0,12,215.37
ACM-GIWI0348,Bosco GI Wire #16 Hard Drawn,"GI Wire #16, grade: Hard Drawn. Brand Bosco. Sold per Kg.",Bosco,All Items > Hardware > GI Wire,Kg,"[{""uom"":""Kg"",""conversion_factor"":1.0}]",951922821605,BOS972241,0,40,324.22
ACM-HEXB0313,Stallion Hex Bolt M6x50 Stainless 304,"Hex Bolt M6x50, finish: Stainless 304. Brand Stallion. Sold per Pcs.",Stallion,All Items > Hardware > Hex Bolt,Pcs,"[{""uom"":""Pcs"",""conversion_factor"":1.0},{""uom"":""Carton"",""conversion_factor"":12.0}]",,STA402107,0,150,457.13
ACM-HEXB0957,Bosco Hex Bolt M8x30 Zinc Plated,"Hex Bolt M8x30, finish: Zinc Plated. Brand Bosco. Sold per Pcs.",Bosco,All Items > Hardware > Hex Bolt,Pcs,"[{""uom"":""Pcs"",""conversion_factor"":1.0},{""uom"":""Carton"",""conversion_factor"":12.0}]",,,0,3,329.07
ACM-SAFE0410,Bosco Safety Helmet Yellow Standard,"Safety Helmet Yellow, grade: Standard. Brand Bosco. Sold per Nos.",Bosco,All Items > Hardware > Safety Helmet,Nos,"[{""uom"":""Nos"",""conversion_factor"":1.0},{""uom"":""Carton"",""conversion_factor"":6.0}]",913737574976,,0,900,396.42
ACM-PVCP1055B,Vermont PVC Pipe 50mm Class D (Bulk),"PVC Pipe 50mm, grade: Class D. Brand Vermont. Sold per Length.",Vermont,All Items > Hardware > PVC Pipe,Length,"[{""uom"":""Length"",""conversion_factor"":1.0},{""uom"":""Carton"",""conversion_factor"":144.0}]",920260342855,,0,3,319.11
ACM-SELF0548,"Remax Self Drilling Screw #12 x 2"" Stainless 410","Self Drilling Screw #12 x 2"", finish: Stainless 410. Brand Remax. Sold per Packet.",Remax,All Items > Hardware > Self Drilling Screw,Packet,"[{""uom"":""Packet"",""conversion_factor"":1.0},{""uom"":""Carton"",""conversion_factor"":6.0}]",923666142123,REM228705,0,40,179.45
ACM-HEXB1044,Hitex Hex Bolt M12x60 HDG,"Hex Bolt M12x60, finish: HDG. Brand Hitex. Sold per Pcs.",Hitex,All Items > Hardware > Hex Bolt,Pcs,"[{""uom"":""Pcs"",""conversion_factor"":1.0},{""uom"":""Carton"",""conversion_factor"":100.0}]",,HIT741969,0,0,65.49
ACM-CABL0074,Hitex Cable Tie 450mm Natural,"Cable Tie 450mm, colour: Natural. Brand Hitex. Sold per Packet.",Hitex,All Items > Hardware > Cable Tie,Packet,"[{""uom"":""Packet"",""conversion_factor"":1.0},{""uom"":""Carton"",""conversion_factor"":12.0}]",,HIT498000,0,0,171.04
ACM-MASK0323,Remax Masking Tape 18mm General,"Masking Tape 18mm, grade: General. Brand Remax. Sold per Roll.",Remax,All Items > Hardware > Masking Tape,Roll,"[{""uom"":""Roll"",""conversion_factor"":1.0},{""uom"":""Carton"",""conversion_factor"":100.0}]",942214107152,REM911234,0,150,233.47
ACM-HEXB0902,Vermont Hex Bolt M10x50 HDG,"Hex Bolt M10x50, finish: HDG. Brand Vermont. Sold per Pcs.",Vermont,All Items > Hardware > Hex Bolt,Pcs,"[{""uom"":""Pcs"",""conversion_factor"":1.0},{""uom"":""Carton"",""conversion_factor"":12.0}]",,,0,3,54.64
ACM-NITR0993,Remax Nitrile Glove XL Black,"Nitrile Glove XL, colour: Black. Brand Remax. Sold per Box.",Remax,All Items > Hardware > Nitrile Glove,Box,"[{""uom"":""Box"",""conversion_factor"":1.0}]",,REM164399,0,3,266.92
ACM-PVCP0647,Hitex PVC Pipe 20mm Class D,"PVC Pipe 20mm, grade: Class D. Brand Hitex. Sold per Length.",Hitex,All Items > Hardware > PVC Pipe,Length,"[{""uom"":""Length"",""conversion_factor"":1.0}]",939983031120,HIT778930,0,900,32.08
ACM-MASK0761,Hitex Masking Tape 24mm High Temp,"Masking Tape 24mm, grade: High Temp. Brand Hitex. Sold per Roll.",Hitex,All Items > Hardware > Masking Tape,Roll,"[{""uom"":""Roll"",""conversion_factor"":1.0},{""uom"":""Carton"",""conversion_factor"":24.0}]",,HIT110273,0,3,37.14
ACM-CABL0209,Remax Cable Tie 200mm White,"Cable Tie 200mm, colour: White. Brand Remax. Sold per Packet.",Remax,All Items > Hardware > Cable Tie,Packet,"[{""uom"":""Packet"",""conversion_factor"":1.0},{""uom"":""Carton"",""conversion_factor"":10.0}]",,REM455161,0,150,88.91
ACM-WALL0442,Kanto Wall Plug 6mm Red,"Wall Plug 6mm, colour: Red. Brand Kanto. Sold per Packet.",Kanto,All Items > Hardware > Wall Plug,Packet,"[{""uom"":""Packet"",""conversion_factor"":1.0},{""uom"":""Carton"",""conversion_factor"":24.0}]",936261249937,,0,3,432.49
ACM-MASK0459,Remax Masking Tape 12mm General,"Masking Tape 12mm, grade: General. Brand Remax. Sold per Roll.",Remax,All Items > Hardware > Masking Tape,Roll,"[{""uom"":""Roll"",""conversion_factor"":1.0},{""uom"":""Carton"",""conversion_factor"":12.0}]",,,0,12,281.74
ACM-MASK0221,Tolsen Masking Tape 12mm General,"Masking Tape 12mm, grade: General. Brand Tolsen. Sold per Roll.",Tolsen,All Items > Hardware > Masking Tape,Roll,"[{""uom"":""Roll"",""conversion_factor"":1.0},{""uom"":""Carton"",""conversion_factor"":10.0}]",978876322187,TOL339415,0,12,146.45
ACM-SAFE0489,Hitex Safety Helmet Red Ratchet,"Safety Helmet Red, grade: Ratchet. Brand Hitex. Sold per Nos.",Hitex,All Items > Hardware > Safety Helmet,Nos,"[{""uom"":""Nos"",""conversion_factor"":1.0},{""uom"":""Carton"",""conversion_factor"":100.0}]",968636336573,HIT228677,0,150,104.2
ACM-HOSE0908,Kanto Hose Clip 13-19mm SS304,"Hose Clip 13-19mm, material: SS304. Brand Kanto. Sold per Pcs.",Kanto,All Items > Hardware > Hose Clip,Pcs,"[{""uom"":""Pcs"",""conversion_factor"":1.0},{""uom"":""Carton"",""conversion_factor"":24.0}]",918784686763,KAN021550,0,900,332.18
ACM-HEXB0435,Kanto Hex Bolt M8x75 Stainless 316,"Hex Bolt M8x75, finish: Stainless 316. Brand Kanto. Sold per Pcs.",Kanto,All Items > Hardware > Hex Bolt,Pcs,"[{""uom"":""Pcs"",""conversion_factor"":1.0},{""uom"":""Carton"",""conversion_factor"":24.0}]",,KAN679946,0,150,441.76
ACM-CABL0852,Tolsen Cable Tie 150mm Black,"Cable Tie 150mm, colour: Black. Brand Tolsen. Sold per Packet.",Tolsen,All Items > Hardware > Cable Tie,Packet,"[{""uom"":""Packet"",""conversion_factor"":1.0},{""uom"":""Carton"",""conversion_factor"":100.0}]",,,0,40,172.78
ACM-PVCP0432,Kanto PVC Pipe 50mm Class E,"PVC Pipe 50mm, grade: Class E. Brand Kanto. Sold per Length.",Kanto,All Items > Hardware > PVC Pipe,Length,"[{""uom"":""Length"",""conversion_factor"":1.0}]",,,0,150,33.83
ACM-HEXB0690,Tolsen Hex Bolt M8x75 Zinc Plated,"Hex Bolt M8x75, finish: Zinc Plated. Brand Tolsen. Sold per Pcs.",Tolsen,All Items > Hardware > Hex Bolt,Pcs,"[{""uom"":""Pcs"",""conversion_factor"":1.0},{""uom"":""Carton"",""conversion_factor"":12.0}]",,,0,12,207.27
ACM-HEXB0028,Tolsen Hex Bolt M8x75 Stainless 316,"Hex Bolt M8x75, finish: Stainless 316. Brand Tolsen. Sold per Pcs.",Tolsen,All Items > Hardware > Hex Bolt,Pcs,"[{""uom"":""Pcs"",""conversion_factor"":1.0},{""uom"":""Carton"",""conversion_factor"":6.0}]",,,0,0,332.61
ACM-SELF0529,"Bosco Self Drilling Screw #10 x 1"" Zinc Plated","Self Drilling Screw #10 x 1"", finish: Zinc Plated. Brand Bosco. Sold per Packet.",Bosco,All Items > Hardware > Self Drilling Screw,Packet,"[{""uom"":""Packet"",""conversion_factor"":1.0},{""uom"":""Carton"",""conversion_factor"":50.0}]",,,0,900,326.96
ACM-NITR0569,Bosco Nitrile Glove M Blue,"Nitrile Glove M, colour: Blue. Brand Bosco. Sold per Box.",Bosco,All Items > Hardware > Nitrile Glove,Box,"[{""uom"":""Box"",""conversion_factor"":1.0}]",980927310905,BOS525527,0,12,216.53
ACM-PVCP0547,Vermont PVC Pipe 32mm Class E,"PVC Pipe 32mm, grade: Class E. Brand Vermont. Sold per Length.",Vermont,All Items > Hardware > PVC Pipe,Length,"[{""uom"":""Length"",""conversion_factor"":1.0}]",937627281933,VER611991,0,12,320.69
ACM-HEXB0771,Kanto Hex Bolt M10x50 Zinc Plated,"Hex Bolt M10x50, finish: Zinc Plated. Brand Kanto. Sold per Pcs.",Kanto,All Items > Hardware > Hex Bolt,Pcs,"[{""uom"":""Pcs"",""conversion_factor"":1.0},{""uom"":""Carton"",""conversion_factor"":6.0}]",,,0,40,78.84
ACM-NITR0331,Tolsen Nitrile Glove L Blue,"Nitrile Glove L, colour: Blue. Brand Tolsen. Sold per Box.",Tolsen,All Items > Hardware > Nitrile Glove,Box,"[{""uom"":""Box"",""conversion_factor"":1.0}]",,,0,150,392.75
ACM-HEXB0083,Stallion Hex Bolt M8x75 Zinc Plated,"Hex Bolt M8x75, finish: Zinc Plated. Brand Stallion. Sold per Pcs.",Stallion,All Items > Hardware > Hex Bolt,Pcs,"[{""uom"":""Pcs"",""conversion_factor"":1.0},{""uom"":""Carton"",""conversion_factor"":100.0}]",987945048941,,0,0,328.66
ACM-PVCP0075,Bosco PVC Pipe 32mm Class C,"PVC Pipe 32mm, grade: Class C. Brand Bosco. Sold per Length.",Bosco,All Items > Hardware > PVC Pipe,Length,"[{""uom"":""Length"",""conversion_factor"":1.0}]",,BOS139537,0,150,440.59
ACM-MASK1045,Tolsen Masking Tape 48mm General,"Masking Tape 48mm, grade: General. Brand Tolsen. Sold per Roll.",Tolsen,All Items > Hardware > Masking Tape,Roll,"[{""uom"":""Roll"",""conversion_factor"":1.0},{""uom"":""Carton"",""conversion_factor"":12.0}]",936751165768,TOL239185,0,150,32.07
ACM-HEXB0445-OLD,Hitex Hex Bolt M6x30 HDG,"Hex Bolt M6x30, finish: HDG. Brand Hitex. Sold per Pcs. (superseded)",Hitex,All Items > Hardware > Hex Bolt,Pcs,"[{""uom"":""Pcs"",""conversion_factor"":1.0},{""uom"":""Carton"",""conversion_factor"":50.0}]",930911740411,,1,0,324.31
ACM-HOSE0372,Kanto Hose Clip 25-38mm SS304,"Hose Clip 25-38mm, material: SS304. Brand Kanto. Sold per Pcs.",Kanto,All Items > Hardware > Hose Clip,Pcs,"[{""uom"":""Pcs"",""conversion_factor"":1.0},{""uom"":""Carton"",""conversion_factor"":6.0}]",928633630228,,0,0,146.26
ACM-WALL0680,Remax Wall Plug 6mm Blue,"Wall Plug 6mm, colour: Blue. Brand Remax. Sold per Packet.",Remax,All Items > Hardware > Wall Plug,Packet,"[{""uom"":""Packet"",""conversion_factor"":1.0},{""uom"":""Carton"",""conversion_factor"":100.0}]",968506664377,,0,40,245.38
ACM-HEXB0764,Remax Hex Bolt M12x60 Stainless 304,"Hex Bolt M12x60, finish: Stainless 304. Brand Remax. Sold per Pcs.",Remax,All Items > Hardware > Hex Bolt,Pcs,"[{""uom"":""Pcs"",""conversion_factor"":1.0},{""uom"":""Carton"",""conversion_factor"":100.0}]",915570491187,,0,3,218.61
ACM-HEXB0710,Kanto Hex Bolt M12x60 HDG,"Hex Bolt M12x60, finish: HDG. Brand Kanto. Sold per Pcs.",Kanto,All Items > Hardware > Hex Bolt,Pcs,"[{""uom"":""Pcs"",""conversion_factor"":1.0},{""uom"":""Carton"",""conversion_factor"":100.0}]",947644776937,,0,12,407.32
ACM-CABL0895,Hitex Cable Tie 100mm Black,"Cable Tie 100mm, colour: Black. Brand Hitex. Sold per Packet.",Hitex,All Items > Hardware > Cable Tie,Packet,"[{""uom"":""Packet"",""conversion_factor"":1.0},{""uom"":""Carton"",""conversion_factor"":50.0}]",,HIT463205,0,900,396.98
ACM-GIWI0789,Vermont GI Wire #18 Hard Drawn,"GI Wire #18, grade: Hard Drawn. Brand Vermont. Sold per Kg.",Vermont,All Items > Hardware > GI Wire,Kg,"[{""uom"":""Kg"",""conversion_factor"":1.0}]",,,0,40,262.22
ACM-WALL0907,Hitex Wall Plug 10mm Brown,"Wall Plug 10mm, colour: Brown. Brand Hitex. Sold per Packet.",Hitex,All Items > Hardware > Wall Plug,Packet,"[{""uom"":""Packet"",""conversion_factor"":1.0},{""uom"":""Carton"",""conversion_factor"":10.0}]",937941849002,HIT081077,0,150,246.53
ACM-MASK0878,Tolsen Masking Tape 12mm High Temp,"Masking Tape 12mm, grade: High Temp. Brand Tolsen. Sold per Roll.",Tolsen,All Items > Hardware > Masking Tape,Roll,"[{""uom"":""Roll"",""conversion_factor"":1.0},{""uom"":""Carton"",""conversion_factor"":100.0}]",,TOL473413,0,0,466.57
ACM-NITR0487,Stallion Nitrile Glove S Black,"Nitrile Glove S, colour: Black. Brand Stallion. Sold per Box.",Stallion,All Items > Hardware > Nitrile Glove,Box,"[{""uom"":""Box"",""conversion_factor"":1.0}]",,STA999340,0,40,266.43
ACM-HEXB0253,Stallion Hex Bolt M8x75 HDG,"Hex Bolt M8x75, finish: HDG. Brand Stallion. Sold per Pcs.",Stallion,All Items > Hardware > Hex Bolt,Pcs,"[{""uom"":""Pcs"",""conversion_factor"":1.0},{""uom"":""Carton"",""conversion_factor"":10.0}]",913968734575,STA421355,0,0,292.33
ACM-WALL0684,Bosco Wall Plug 10mm Red,"Wall Plug 10mm, colour: Red. Brand Bosco. Sold per Packet.",Bosco,All Items > Hardware > Wall Plug,Packet,"[{""uom"":""Packet"",""conversion_factor"":1.0},{""uom"":""Carton"",""conversion_factor"":24.0}]",902053075801,,0,0,271.09
ACM-SELF0229,"Tolsen Self Drilling Screw #8 x 1"" Zinc Plated","Self Drilling Screw #8 x 1"", finish: Zinc Plated. Brand Tolsen. Sold per Packet.",Tolsen,All Items > Hardware > Self Drilling Screw,Packet,"[{""uom"":""Packet"",""conversion_factor"":1.0},{""uom"":""Carton"",""conversion_factor"":100.0}]",,,0,12,23.73
ACM-HEXB0806,Tolsen Hex Bolt M10x50 Stainless 316,"Hex Bolt M10x50, finish: Stainless 316. Brand Tolsen. Sold per Pcs.",Tolsen,All Items > Hardware > Hex Bolt,Pcs,"[{""uom"":""Pcs"",""conversion_factor"":1.0},{""uom"":""Carton"",""conversion_factor"":10.0}]",979867289770,,0,0,435.91
ACM-HEXB1044-OLD,Hitex Hex Bolt M12x60 HDG,"Hex Bolt M12x60, finish: HDG. Brand Hitex. Sold per Pcs. (superseded)",Hitex,All Items > Hardware > Hex Bolt,Pcs,"[{""uom"":""Pcs"",""conversion_factor"":1.0},{""uom"":""Carton"",""conversion_factor"":100.0}]",,HIT741969,1,0,65.49
ACM-HEXB0456,Hitex Hex Bolt M8x75 Zinc Plated,"Hex Bolt M8x75, finish: Zinc Plated. Brand Hitex. Sold per Pcs.",Hitex,All Items > Hardware > Hex Bolt,Pcs,"[{""uom"":""Pcs"",""conversion_factor"":1.0},{""uom"":""Carton"",""conversion_factor"":12.0}]",,,0,3,240.35
ACM-BALL0729,"Remax Ball Valve 1"" PVC","Ball Valve 1"", material: PVC. Brand Remax. Sold per Nos.",Remax,All Items > Hardware > Ball Valve,Nos,"[{""uom"":""Nos"",""conversion_factor"":1.0},{""uom"":""Carton"",""conversion_factor"":24.0}]",,,0,0,284.42
ACM-MISC007,MISC CHARGE,,,All Items > Hardware > Misc,Nos,"[{""uom"": ""Nos"", ""conversion_factor"": 1.0}]",,,0,0,0.0
ACM-CABL0635,Stallion Cable Tie 450mm Natural,"Cable Tie 450mm, colour: Natural. Brand Stallion. Sold per Packet.",Stallion,All Items > Hardware > Cable Tie,Packet,"[{""uom"":""Packet"",""conversion_factor"":1.0},{""uom"":""Carton"",""conversion_factor"":10.0}]",952993247717,,0,40,163.64
ACM-HEXB0038,Bosco Hex Bolt M10x75 Zinc Plated,"Hex Bolt M10x75, finish: Zinc Plated. Brand Bosco. Sold per Pcs.",Bosco,All Items > Hardware > Hex Bolt,Pcs,"[{""uom"":""Pcs"",""conversion_factor"":1.0},{""uom"":""Carton"",""conversion_factor"":100.0}]",978438517302,BOS201416,0,150,345.24
ACM-CABL0251,Kanto Cable Tie 200mm White,"Cable Tie 200mm, colour: White. Brand Kanto. Sold per Packet.",Kanto,All Items > Hardware > Cable Tie,Packet,"[{""uom"":""Packet"",""conversion_factor"":1.0},{""uom"":""Carton"",""conversion_factor"":10.0}]",980006294599,KAN380049,0,40,199.06
ACM-MASK0342,Vermont Masking Tape 48mm General,"Masking Tape 48mm, grade: General. Brand Vermont. Sold per Roll.",Vermont,All Items > Hardware > Masking Tape,Roll,"[{""uom"":""Roll"",""conversion_factor"":1.0},{""uom"":""Carton"",""conversion_factor"":10.0}]",980737684317,,0,0,57.07
ACM-MASK0521,Bosco Masking Tape 18mm General,"Masking Tape 18mm, grade: General. Brand Bosco. Sold per Roll.",Bosco,All Items > Hardware > Masking Tape,Roll,"[{""uom"":""Roll"",""conversion_factor"":1.0},{""uom"":""Carton"",""conversion_factor"":24.0}]",,,0,0,181.31
ACM-PVCP0171,Tolsen PVC Pipe 32mm Class E,"PVC Pipe 32mm, grade: Class E. Brand Tolsen. Sold per Length.",Tolsen,All Items > Hardware > PVC Pipe,Length,"[{""uom"":""Length"",""conversion_factor"":1.0}]",987784831179,,0,0,393.52
ACM-HOSE0597,Bosco Hose Clip 38-50mm SS304,"Hose Clip 38-50mm, material: SS304. Brand Bosco. Sold per Pcs.",Bosco,All Items > Hardware > Hose Clip,Pcs,"[{""uom"":""Pcs"",""conversion_factor"":1.0},{""uom"":""Carton"",""conversion_factor"":50.0}]",925924081969,,0,3,317.86
ACM-PVCP0541,Stallion PVC Pipe 15mm Class E,"PVC Pipe 15mm, grade: Class E. Brand Stallion. Sold per Length.",Stallion,All Items > Hardware > PVC Pipe,Length,"[{""uom"":""Length"",""conversion_factor"":1.0}]",979418361967,STA243762,0,900,184.98
ACM-HEXB0787,Stallion Hex Bolt M10x75 Stainless 304,"Hex Bolt M10x75, finish: Stainless 304. Brand Stallion. Sold per Pcs.",Stallion,All Items > Hardware > Hex Bolt,Pcs,"[{""uom"":""Pcs"",""conversion_factor"":1.0},{""uom"":""Carton"",""conversion_factor"":50.0}]",999591967010,STA844447,0,40,44.25
ACM-PVCP0166,Hitex PVC Pipe 40mm Class E,"PVC Pipe 40mm, grade: Class E. Brand Hitex. Sold per Length.",Hitex,All Items > Hardware > PVC Pipe,Length,"[{""uom"":""Length"",""conversion_factor"":1.0}]",,HIT276375,0,0,137.63
ACM-MISC002,DELIVERY FEE,,,All Items > Hardware > Misc,Nos,"[{""uom"": ""Nos"", ""conversion_factor"": 1.0}]",,,0,0,0.0
ACM-HEXB0231,Bosco Hex Bolt M6x50 Zinc Plated,"Hex Bolt M6x50, finish: Zinc Plated. Brand Bosco. Sold per Pcs.",Bosco,All Items > Hardware > Hex Bolt,Pcs,"[{""uom"":""Pcs"",""conversion_factor"":1.0},{""uom"":""Carton"",""conversion_factor"":12.0}]",958976616064,BOS284179,0,12,443.78
ACM-HEXB0479,Stallion Hex Bolt M6x30 HDG,"Hex Bolt M6x30, finish: HDG. Brand Stallion. Sold per Pcs.",Stallion,All Items > Hardware > Hex Bolt,Pcs,"[{""uom"":""Pcs"",""conversion_factor"":1.0},{""uom"":""Carton"",""conversion_factor"":50.0}]",,STA669868,0,3,356.54
ACM-WALL0047,Tolsen Wall Plug 10mm Blue,"Wall Plug 10mm, colour: Blue. Brand Tolsen. Sold per Packet.",Tolsen,All Items > Hardware > Wall Plug,Packet,"[{""uom"":""Packet"",""conversion_factor"":1.0},{""uom"":""Carton"",""conversion_factor"":12.0}]",,TOL532513,0,40,235.08
ACM-NITR0366,Hitex Nitrile Glove S Blue,"Nitrile Glove S, colour: Blue. Brand Hitex. Sold per Box.",Hitex,All Items > Hardware > Nitrile Glove,Box,"[{""uom"":""Box"",""conversion_factor"":1.0}]",,HIT284082,0,3,23.39
ACM-GIWI0728,Kanto GI Wire #14 Soft,"GI Wire #14, grade: Soft. Brand Kanto. Sold per Kg.",Kanto,All Items > Hardware > GI Wire,Kg,"[{""uom"":""Kg"",""conversion_factor"":1.0}]",,,0,150,237.53
ACM-NITR0406,Kanto Nitrile Glove XL Black,"Nitrile Glove XL, colour: Black. Brand Kanto. Sold per Box.",Kanto,All Items > Hardware > Nitrile Glove,Box,"[{""uom"":""Box"",""conversion_factor"":1.0}]",,KAN506622,0,3,216.42
ACM-WALL0029,Tolsen Wall Plug 12mm Red,"Wall Plug 12mm, colour: Red. Brand Tolsen. Sold per Packet.",Tolsen,All Items > Hardware > Wall Plug,Packet,"[{""uom"":""Packet"",""conversion_factor"":1.0},{""uom"":""Carton"",""conversion_factor"":12.0}]",,,0,3,474.48
ACM-HEXB0332,Hitex Hex Bolt M12x60 Zinc Plated,"Hex Bolt M12x60, finish: Zinc Plated. Brand Hitex. Sold per Pcs.",Hitex,All Items > Hardware > Hex Bolt,Pcs,"[{""uom"":""Pcs"",""conversion_factor"":1.0},{""uom"":""Carton"",""conversion_factor"":6.0}]",,,0,0,82.16
ACM-WALL0264,Stallion Wall Plug 10mm Blue,"Wall Plug 10mm, colour: Blue. Brand Stallion. Sold per Packet.",Stallion,All Items > Hardware > Wall Plug,Packet,"[{""uom"":""Packet"",""conversion_factor"":1.0},{""uom"":""Carton"",""conversion_factor"":10.0}]",955245790429,STA654232,0,0,359.37
ACM-CABL0245,Remax Cable Tie 300mm Natural,"Cable Tie 300mm, colour: Natural. Brand Remax. Sold per Packet.",Remax,All Items > Hardware > Cable Tie,Packet,"[{""uom"":""Packet"",""conversion_factor"":1.0},{""uom"":""Carton"",""conversion_factor"":100.0}]",977151858631,,0,12,181.42
ACM-WALL0664,Stallion Wall Plug 8mm Red,"Wall Plug 8mm, colour: Red. Brand Stallion. Sold per Packet.",Stallion,All Items > Hardware > Wall Plug,Packet,"[{""uom"":""Packet"",""conversion_factor"":1.0},{""uom"":""Carton"",""conversion_factor"":24.0}]",922563682985,,0,0,26.06
ACM-HEXB0734,Hitex Hex Bolt M8x30 HDG,"Hex Bolt M8x30, finish: HDG. Brand Hitex. Sold per Pcs.",Hitex,All Items > Hardware > Hex Bolt,Pcs,"[{""uom"":""Pcs"",""conversion_factor"":1.0},{""uom"":""Carton"",""conversion_factor"":6.0}]",,HIT562138,0,3,273.64
ACM-NITR0262,Remax Nitrile Glove S Black,"Nitrile Glove S, colour: Black. Brand Remax. Sold per Box.",Remax,All Items > Hardware > Nitrile Glove,Box,"[{""uom"":""Box"",""conversion_factor"":1.0}]",984217761613,REM937222,0,0,444.46
ACM-GIWI0389,Hitex GI Wire #14 Hard Drawn,"GI Wire #14, grade: Hard Drawn. Brand Hitex. Sold per Kg.",Hitex,All Items > Hardware > GI Wire,Kg,"[{""uom"":""Kg"",""conversion_factor"":1.0}]",,HIT252945,0,150,110.76
ACM-CABL0843,Stallion Cable Tie 100mm Natural,"Cable Tie 100mm, colour: Natural. Brand Stallion. Sold per Packet.",Stallion,All Items > Hardware > Cable Tie,Packet,"[{""uom"":""Packet"",""conversion_factor"":1.0},{""uom"":""Carton"",""conversion_factor"":10.0}]",,STA604782,0,900,282.49
ACM-MASK1058,Kanto Masking Tape 18mm General,"Masking Tape 18mm, grade: General. Brand Kanto. Sold per Roll.",Kanto,All Items > Hardware > Masking Tape,Roll,"[{""uom"":""Roll"",""conversion_factor"":1.0},{""uom"":""Carton"",""conversion_factor"":6.0}]",,,0,3,11.71
ACM-CABL1003,Stallion Cable Tie 370mm Black,"Cable Tie 370mm, colour: Black. Brand Stallion. Sold per Packet.",Stallion,All Items > Hardware > Cable Tie,Packet,"[{""uom"":""Packet"",""conversion_factor"":1.0},{""uom"":""Carton"",""conversion_factor"":6.0}]",981109999147,,0,3,197.91
ACM-PVCP0846,Bosco PVC Pipe 50mm Class D,"PVC Pipe 50mm, grade: Class D. Brand Bosco. Sold per Length.",Bosco,All Items > Hardware > PVC Pipe,Length,"[{""uom"":""Length"",""conversion_factor"":1.0}]",,BOS544132,0,40,471.22
ACM-SELF0250,"Hitex Self Drilling Screw #12 x 2"" Stainless 410","Self Drilling Screw #12 x 2"", finish: Stainless 410. Brand Hitex. Sold per Packet.",Hitex,All Items > Hardware > Self Drilling Screw,Packet,"[{""uom"":""Packet"",""conversion_factor"":1.0},{""uom"":""Carton"",""conversion_factor"":6.0}]",,HIT147358,0,0,33.19
ACM-ANGL0473,"Stallion Angle Grinder Disc 7"" Grinding","Angle Grinder Disc 7"", grade: Grinding. Brand Stallion. Sold per Packet.",Stallion,All Items > Hardware > Angle Grinder Disc,Packet,"[{""uom"":""Packet"",""conversion_factor"":1.0},{""uom"":""Carton"",""conversion_factor"":6.0}]",,,0,3,8.99
ACM-NITR1012,Remax Nitrile Glove L Blue,"Nitrile Glove L, colour: Blue. Brand Remax. Sold per Box.",Remax,All Items > Hardware > Nitrile Glove,Box,"[{""uom"":""Box"",""conversion_factor"":1.0}]",,,0,900,15.1
ACM-BALL0346,"Kanto Ball Valve 1-1/4"" Brass","Ball Valve 1-1/4"", material: Brass. Brand Kanto. Sold per Nos.",Kanto,All Items > Hardware > Ball Valve,Nos,"[{""uom"":""Nos"",""conversion_factor"":1.0},{""uom"":""Carton"",""conversion_factor"":24.0}]",900533416919,KAN316469,0,0,477.79
ACM-CABL0697,Remax Cable Tie 200mm Natural,"Cable Tie 200mm, colour: Natural. Brand Remax. Sold per Packet.",Remax,All Items > Hardware > Cable Tie,Packet,"[{""uom"":""Packet"",""conversion_factor"":1.0},{""uom"":""Carton"",""conversion_factor"":100.0}]",,,0,150,278.9
ACM-PVCP0709,Remax PVC Pipe 20mm Class E,"PVC Pipe 20mm, grade: Class E. Brand Remax. Sold per Length.",Remax,All Items > Hardware > PVC Pipe,Length,"[{""uom"":""Length"",""conversion_factor"":1.0}]",960510306097,REM984319,0,0,72.29
ACM-PVCP1065,Tolsen PVC Pipe 20mm Class C,"PVC Pipe 20mm, grade: Class C. Brand Tolsen. Sold per Length.",Tolsen,All Items > Hardware > PVC Pipe,Length,"[{""uom"":""Length"",""conversion_factor"":1.0}]",,,0,900,300.79
ACM-ANGL0016,"Bosco Angle Grinder Disc 4"" Flap","Angle Grinder Disc 4"", grade: Flap. Brand Bosco. Sold per Packet.",Bosco,All Items > Hardware > Angle Grinder Disc,Packet,"[{""uom"":""Packet"",""conversion_factor"":1.0},{""uom"":""Carton"",""conversion_factor"":24.0}]",909134442770,BOS879207,0,0,270.96
ACM-SELF1053,"Kanto Self Drilling Screw #10 x 1"" Stainless 410","Self Drilling Screw #10 x 1"", finish: Stainless 410. Brand Kanto. Sold per Packet.",Kanto,All Items > Hardware > Self Drilling Screw,Packet,"[{""uom"":""Packet"",""conversion_factor"":1.0},{""uom"":""Carton"",""conversion_factor"":12.0}]",929195722443,KAN208004,0,3,30.48
ACM-PVCP0441,Tolsen PVC Pipe 20mm Class D,"PVC Pipe 20mm, grade: Class D. Brand Tolsen. Sold per Length.",Tolsen,All Items > Hardware > PVC Pipe,Length,"[{""uom"":""Length"",""conversion_factor"":1.0}]",,,0,900,177.08
ACM-BALL0865,"Bosco Ball Valve 1/2"" PVC","Ball Valve 1/2"", material: PVC. Brand Bosco. Sold per Nos.",Bosco,All Items > Hardware > Ball Valve,Nos,"[{""uom"":""Nos"",""conversion_factor"":1.0},{""uom"":""Carton"",""conversion_factor"":6.0}]",929187708552,BOS440682,0,3,323.92
ACM-SAFE0798,Vermont Safety Helmet Red Standard,"Safety Helmet Red, grade: Standard. Brand Vermont. Sold per Nos.",Vermont,All Items > Hardware > Safety Helmet,Nos,"[{""uom"":""Nos"",""conversion_factor"":1.0},{""uom"":""Carton"",""conversion_factor"":100.0}]",,VER180235,0,0,362.64
ACM-GIWI0113,Kanto GI Wire #16 Soft,"GI Wire #16, grade: Soft. Brand Kanto. Sold per Kg.",Kanto,All Items > Hardware > GI Wire,Kg,"[{""uom"":""Kg"",""conversion_factor"":1.0}]",973826521309,KAN819458,0,0,407.28
ACM-PVCP0347,Kanto PVC Pipe 25mm Class E,"PVC Pipe 25mm, grade: Class E. Brand Kanto. Sold per Length.",Kanto,All Items > Hardware > PVC Pipe,Length,"[{""uom"":""Length"",""conversion_factor"":1.0}]",939376174691,,0,3,476.74
ACM-CABL1050,Vermont Cable Tie 300mm Black,"Cable Tie 300mm, colour: Black. Brand Vermont. Sold per Packet.",Vermont,All Items > Hardware > Cable Tie,Packet,"[{""uom"":""Packet"",""conversion_factor"":1.0},{""uom"":""Carton"",""conversion_factor"":6.0}]",963387492526,VER147303,0,900,433.87
ACM-HEXB0628,Remax Hex Bolt M8x50 Stainless 316,"Hex Bolt M8x50, finish: Stainless 316. Brand Remax. Sold per Pcs.",Remax,All Items > Hardware > Hex Bolt,Pcs,"[{""uom"":""Pcs"",""conversion_factor"":1.0},{""uom"":""Carton"",""conversion_factor"":6.0}]",,,0,900,301.81
ACM-PVCP0447,Hitex PVC Pipe 32mm Class E,"PVC Pipe 32mm, grade: Class E. Brand Hitex. Sold per Length.",Hitex,All Items > Hardware > PVC Pipe,Length,"[{""uom"":""Length"",""conversion_factor"":1.0}]",,HIT969013,0,0,1.84
ACM-MASK0931,Remax Masking Tape 48mm General,"Masking Tape 48mm, grade: General. Brand Remax. Sold per Roll.",Remax,All Items > Hardware > Masking Tape,Roll,"[{""uom"":""Roll"",""conversion_factor"":1.0},{""uom"":""Carton"",""conversion_factor"":50.0}]",,REM252754,0,40,248.46
ACM-BALL0334,"Tolsen Ball Valve 3/4"" PVC","Ball Valve 3/4"", material: PVC. Brand Tolsen. Sold per Nos.",Tolsen,All Items > Hardware > Ball Valve,Nos,"[{""uom"":""Nos"",""conversion_factor"":1.0},{""uom"":""Carton"",""conversion_factor"":6.0}]",924056522315,TOL240998,0,150,314.51
ACM-BALL0946,"Bosco Ball Valve 2"" SS304","Ball Valve 2"", material: SS304. Brand Bosco. Sold per Nos.",Bosco,All Items > Hardware > Ball Valve,Nos,"[{""uom"":""Nos"",""conversion_factor"":1.0},{""uom"":""Carton"",""conversion_factor"":10.0}]",913683658938,BOS186156,0,3,247.85
ACM-PVCP1054,Stallion PVC Pipe 20mm Class C,"PVC Pipe 20mm, grade: Class C. Brand Stallion. Sold per Length.",Stallion,All Items > Hardware > PVC Pipe,Length,"[{""uom"":""Length"",""conversion_factor"":1.0}]",,,0,0,114.01
ACM-SAFE1043,Stallion Safety Helmet Red Ratchet,"Safety Helmet Red, grade: Ratchet. Brand Stallion. Sold per Nos.",Stallion,All Items > Hardware > Safety Helmet,Nos,"[{""uom"":""Nos"",""conversion_factor"":1.0},{""uom"":""Carton"",""conversion_factor"":6.0}]",992754106846,,0,150,12.89
ACM-HEXB0675B,Tolsen Hex Bolt M8x50 HDG (Bulk),"Hex Bolt M8x50, finish: HDG. Brand Tolsen. Sold per Pcs.",Tolsen,All Items > Hardware > Hex Bolt,Pcs,"[{""uom"":""Pcs"",""conversion_factor"":1.0},{""uom"":""Carton"",""conversion_factor"":144.0}]",927625166455,,0,0,256.69
ACM-SAFE0024,Hitex Safety Helmet Yellow Ratchet,"Safety Helmet Yellow, grade: Ratchet. Brand Hitex. Sold per Nos.",Hitex,All Items > Hardware > Safety Helmet,Nos,"[{""uom"":""Nos"",""conversion_factor"":1.0},{""uom"":""Carton"",""conversion_factor"":24.0}]",930364718553,,0,40,198.63
ACM-HEXB0882,Tolsen Hex Bolt M10x75 Zinc Plated,"Hex Bolt M10x75, finish: Zinc Plated. Brand Tolsen. Sold per Pcs.",Tolsen,All Items > Hardware > Hex Bolt,Pcs,"[{""uom"":""Pcs"",""conversion_factor"":1.0},{""uom"":""Carton"",""conversion_factor"":24.0}]",961361408957,,0,40,13.36
ACM-HEXB0462,Remax Hex Bolt M6x30 Stainless 316,"Hex Bolt M6x30, finish: Stainless 316. Brand Remax. Sold per Pcs.",Remax,All Items > Hardware > Hex Bolt,Pcs,"[{""uom"":""Pcs"",""conversion_factor"":1.0},{""uom"":""Carton"",""conversion_factor"":24.0}]",903109384188,,0,3,296.73
ACM-ANGL0118,"Stallion Angle Grinder Disc 4.5"" Flap","Angle Grinder Disc 4.5"", grade: Flap. Brand Stallion. Sold per Packet.",Stallion,All Items > Hardware > Angle Grinder Disc,Packet,"[{""uom"":""Packet"",""conversion_factor"":1.0},{""uom"":""Carton"",""conversion_factor"":100.0}]",989839722190,,0,0,161.4
ACM-SELF0918,"Hitex Self Drilling Screw #10 x 1-1/2"" Stainless 410","Self Drilling Screw #10 x 1-1/2"", finish: Stainless 410. Brand Hitex. Sold per Packet.",Hitex,All Items > Hardware > Self Drilling Screw,Packet,"[{""uom"":""Packet"",""conversion_factor"":1.0},{""uom"":""Carton"",""conversion_factor"":12.0}]",937071540658,HIT256244,0,40,94.69
ACM-HOSE0693,Bosco Hose Clip 25-38mm SS304,"Hose Clip 25-38mm, material: SS304. Brand Bosco. Sold per Pcs.",Bosco,All Items > Hardware > Hose Clip,Pcs,"[{""uom"":""Pcs"",""conversion_factor"":1.0},{""uom"":""Carton"",""conversion_factor"":100.0}]",,BOS792080,0,900,461.66
ACM-PVCP0025,Bosco PVC Pipe 25mm Class D,"PVC Pipe 25mm, grade: Class D. Brand Bosco. Sold per Length.",Bosco,All Items > Hardware > PVC Pipe,Length,"[{""uom"":""Length"",""conversion_factor"":1.0}]",977256362131,,0,40,391.36
ACM-SAFE0388,Stallion Safety Helmet Red Standard,"Safety Helmet Red, grade: Standard. Brand Stallion. Sold per Nos.",Stallion,All Items > Hardware > Safety Helmet,Nos,"[{""uom"":""Nos"",""conversion_factor"":1.0},{""uom"":""Carton"",""conversion_factor"":24.0}]",952201692157,STA454830,0,3,261.61
ACM-HEXB0762,Bosco Hex Bolt M12x60 Stainless 304,"Hex Bolt M12x60, finish: Stainless 304. Brand Bosco. Sold per Pcs.",Bosco,All Items > Hardware > Hex Bolt,Pcs,"[{""uom"":""Pcs"",""conversion_factor"":1.0},{""uom"":""Carton"",""conversion_factor"":50.0}]",,BOS753585,0,0,338.4
ACM-SELF0868,"Remax Self Drilling Screw #8 x 3/4"" Stainless 410","Self Drilling Screw #8 x 3/4"", finish: Stainless 410. Brand Remax. Sold per Packet.",Remax,All Items > Hardware > Self Drilling Screw,Packet,"[{""uom"":""Packet"",""conversion_factor"":1.0},{""uom"":""Carton"",""conversion_factor"":24.0}]",,,0,0,424.57
ACM-GIWI0742,Vermont GI Wire #14 Hard Drawn,"GI Wire #14, grade: Hard Drawn. Brand Vermont. Sold per Kg.",Vermont,All Items > Hardware > GI Wire,Kg,"[{""uom"":""Kg"",""conversion_factor"":1.0}]",,,0,0,94.18
ACM-HEXB0458,Remax Hex Bolt M10x50 HDG,"Hex Bolt M10x50, finish: HDG. Brand Remax. Sold per Pcs.",Remax,All Items > Hardware > Hex Bolt,Pcs,"[{""uom"":""Pcs"",""conversion_factor"":1.0},{""uom"":""Carton"",""conversion_factor"":12.0}]",,REM111757,0,3,196.63
ACM-GIWI1067,Remax GI Wire #20 Soft,"GI Wire #20, grade: Soft. Brand Remax. Sold per Kg.",Remax,All Items > Hardware > GI Wire,Kg,"[{""uom"":""Kg"",""conversion_factor"":1.0}]",,,0,40,293.56
ACM-GIWI0226,Hitex GI Wire #14 Soft,"GI Wire #14, grade: Soft. Brand Hitex. Sold per Kg.",Hitex,All Items > Hardware > GI Wire,Kg,"[{""uom"":""Kg"",""conversion_factor"":1.0}]",921393839375,,0,0,13.74
ACM-BALL0954,"Vermont Ball Valve 3/4"" SS304","Ball Valve 3/4"", material: SS304. Brand Vermont. Sold per Nos.",Vermont,All Items > Hardware > Ball Valve,Nos,"[{""uom"":""Nos"",""conversion_factor"":1.0},{""uom"":""Carton"",""conversion_factor"":12.0}]",,,0,150,421.99
ACM-HEXB0358,Bosco Hex Bolt M10x75 HDG,"Hex Bolt M10x75, finish: HDG. Brand Bosco. Sold per Pcs.",Bosco,All Items > Hardware > Hex Bolt,Pcs,"[{""uom"":""Pcs"",""conversion_factor"":1.0},{""uom"":""Carton"",""conversion_factor"":100.0}]",906052705405,,0,12,452.16
ACM-SELF0648,"Kanto Self Drilling Screw #12 x 2"" Stainless 410","Self Drilling Screw #12 x 2"", finish: Stainless 410. Brand Kanto. Sold per Packet.",Kanto,All Items > Hardware > Self Drilling Screw,Packet,"[{""uom"":""Packet"",""conversion_factor"":1.0},{""uom"":""Carton"",""conversion_factor"":6.0}]",996869335242,,0,12,315.95
ACM-SELF0636,"Vermont Self Drilling Screw #8 x 3/4"" Zinc Plated","Self Drilling Screw #8 x 3/4"", finish: Zinc Plated. Brand Vermont. Sold per Packet.",Vermont,All Items > Hardware > Self Drilling Screw,Packet,"[{""uom"":""Packet"",""conversion_factor"":1.0},{""uom"":""Carton"",""conversion_factor"":50.0}]",,,0,150,260.5
ACM-SELF0400,"Kanto Self Drilling Screw #8 x 3/4"" Stainless 410","Self Drilling Screw #8 x 3/4"", finish: Stainless 410. Brand Kanto. Sold per Packet.",Kanto,All Items > Hardware > Self Drilling Screw,Packet,"[{""uom"":""Packet"",""conversion_factor"":1.0},{""uom"":""Carton"",""conversion_factor"":12.0}]",976000446027,KAN745640,0,0,99.4
ACM-SELF0105,"Stallion Self Drilling Screw #10 x 1-1/2"" Stainless 410","Self Drilling Screw #10 x 1-1/2"", finish: Stainless 410. Brand Stallion. Sold per Packet.",Stallion,All Items > Hardware > Self Drilling Screw,Packet,"[{""uom"":""Packet"",""conversion_factor"":1.0},{""uom"":""Carton"",""conversion_factor"":10.0}]",904608243355,,0,40,342.45
ACM-ANGL1027,"Tolsen Angle Grinder Disc 4"" Flap","Angle Grinder Disc 4"", grade: Flap. Brand Tolsen. Sold per Packet.",Tolsen,All Items > Hardware > Angle Grinder Disc,Packet,"[{""uom"":""Packet"",""conversion_factor"":1.0},{""uom"":""Carton"",""conversion_factor"":24.0}]",,,0,40,172.31
ACM-BALL0741,"Vermont Ball Valve 1"" SS304","Ball Valve 1"", material: SS304. Brand Vermont. Sold per Nos.",Vermont,All Items > Hardware > Ball Valve,Nos,"[{""uom"":""Nos"",""conversion_factor"":1.0},{""uom"":""Carton"",""conversion_factor"":10.0}]",,,0,0,450.39
ACM-SELF0263,"Bosco Self Drilling Screw #10 x 1-1/2"" Stainless 410","Self Drilling Screw #10 x 1-1/2"", finish: Stainless 410. Brand Bosco. Sold per Packet.",Bosco,All Items > Hardware > Self Drilling Screw,Packet,"[{""uom"":""Packet"",""conversion_factor"":1.0},{""uom"":""Carton"",""conversion_factor"":6.0}]",973678597628,BOS692277,0,40,199.42
ACM-GIWI0841,Stallion GI Wire #20 Hard Drawn,"GI Wire #20, grade: Hard Drawn. Brand Stallion. Sold per Kg.",Stallion,All Items > Hardware > GI Wire,Kg,"[{""uom"":""Kg"",""conversion_factor"":1.0}]",,STA613666,0,0,390.83
ACM-HEXB0207,Vermont Hex Bolt M10x50 Stainless 316,"Hex Bolt M10x50, finish: Stainless 316. Brand Vermont. Sold per Pcs.",Vermont,All Items > Hardware > Hex Bolt,Pcs,"[{""uom"":""Pcs"",""conversion_factor"":1.0},{""uom"":""Carton"",""conversion_factor"":100.0}]",956695861863,VER102679,0,3,29.46
ACM-HOSE0823,Hitex Hose Clip 19-25mm Zinc,"Hose Clip 19-25mm, material: Zinc. Brand Hitex. Sold per Pcs.",Hitex,All Items > Hardware > Hose Clip,Pcs,"[{""uom"":""Pcs"",""conversion_factor"":1.0},{""uom"":""Carton"",""conversion_factor"":50.0}]",950089712795,HIT479665,0,0,82.36
ACM-PVCP0301,Bosco PVC Pipe 50mm Class E,"PVC Pipe 50mm, grade: Class E. Brand Bosco. Sold per Length.",Bosco,All Items > Hardware > PVC Pipe,Length,"[{""uom"":""Length"",""conversion_factor"":1.0}]",,,0,3,378.73
ACM-WALL0730,Vermont Wall Plug 10mm Blue,"Wall Plug 10mm, colour: Blue. Brand Vermont. Sold per Packet.",Vermont,All Items > Hardware > Wall Plug,Packet,"[{""uom"":""Packet"",""conversion_factor"":1.0},{""uom"":""Carton"",""conversion_factor"":100.0}]",,,0,12,44.69
ACM-WALL0094,Tolsen Wall Plug 6mm Brown,"Wall Plug 6mm, colour: Brown. Brand Tolsen. Sold per Packet.",Tolsen,All Items > Hardware > Wall Plug,Packet,"[{""uom"":""Packet"",""conversion_factor"":1.0},{""uom"":""Carton"",""conversion_factor"":100.0}]",969866951195,TOL265980,0,0,213.12
ACM-HEXB0404,Remax Hex Bolt M6x30 HDG,"Hex Bolt M6x30, finish: HDG. Brand Remax. Sold per Pcs.",Remax,All Items > Hardware > Hex Bolt,Pcs,"[{""uom"":""Pcs"",""conversion_factor"":1.0},{""uom"":""Carton"",""conversion_factor"":10.0}]",934176431216,,0,0,91.09
ACM-BALL0384,"Stallion Ball Valve 1-1/4"" Brass","Ball Valve 1-1/4"", material: Brass. Brand Stallion. Sold per Nos.",Stallion,All Items > Hardware > Ball Valve,Nos,"[{""uom"":""Nos"",""conversion_factor"":1.0},{""uom"":""Carton"",""conversion_factor"":6.0}]",,STA407442,0,0,429.21
ACM-SELF0302B,"Remax Self Drilling Screw #10 x 1"" Stainless 410 (Bulk)","Self Drilling Screw #10 x 1"", finish: Stainless 410. Brand Remax. Sold per Packet.",Remax,All Items > Hardware > Self Drilling Screw,Packet,"[{""uom"":""Packet"",""conversion_factor"":1.0},{""uom"":""Carton"",""conversion_factor"":144.0}]",,REM962345,0,12,428.5
ACM-WALL0809,Tolsen Wall Plug 10mm Red,"Wall Plug 10mm, colour: Red. Brand Tolsen. Sold per Packet.",Tolsen,All Items > Hardware > Wall Plug,Packet,"[{""uom"":""Packet"",""conversion_factor"":1.0},{""uom"":""Carton"",""conversion_factor"":100.0}]",951504323030,TOL421139,0,0,424.72
ACM-ANGL1068,"Bosco Angle Grinder Disc 5"" Flap","Angle Grinder Disc 5"", grade: Flap. Brand Bosco. Sold per Packet.",Bosco,All Items > Hardware > Angle Grinder Disc,Packet,"[{""uom"":""Packet"",""conversion_factor"":1.0},{""uom"":""Carton"",""conversion_factor"":100.0}]",935945999605,,0,3,169.31
ACM-ANGL0533,"Hitex Angle Grinder Disc 7"" Cutting","Angle Grinder Disc 7"", grade: Cutting. Brand Hitex. Sold per Packet.",Hitex,All Items > Hardware > Angle Grinder Disc,Packet,"[{""uom"":""Packet"",""conversion_factor"":1.0},{""uom"":""Carton"",""conversion_factor"":6.0}]",989264650662,HIT898575,0,0,232.67
ACM-ANGL0007,"Hitex Angle Grinder Disc 5"" Grinding","Angle Grinder Disc 5"", grade: Grinding. Brand Hitex. Sold per Packet.",Hitex,All Items > Hardware > Angle Grinder Disc,Packet,"[{""uom"":""Packet"",""conversion_factor"":1.0},{""uom"":""Carton"",""conversion_factor"":10.0}]",,,0,0,308.32
ACM-SELF0056,"Stallion Self Drilling Screw #8 x 1"" Stainless 410","Self Drilling Screw #8 x 1"", finish: Stainless 410. Brand Stallion. Sold per Packet.",Stallion,All Items > Hardware > Self Drilling Screw,Packet,"[{""uom"":""Packet"",""conversion_factor"":1.0},{""uom"":""Carton"",""conversion_factor"":6.0}]",918385666132,STA070523,0,3,70.06
ACM-BALL0315,"Kanto Ball Valve 2"" Brass","Ball Valve 2"", material: Brass. Brand Kanto. Sold per Nos.",Kanto,All Items > Hardware > Ball Valve,Nos,"[{""uom"":""Nos"",""conversion_factor"":1.0},{""uom"":""Carton"",""conversion_factor"":6.0}]",995058551456,KAN646458,0,3,314.41
ACM-ANGL0020,"Hitex Angle Grinder Disc 7"" Grinding","Angle Grinder Disc 7"", grade: Grinding. Brand Hitex. Sold per Packet.",Hitex,All Items > Hardware > Angle Grinder Disc,Packet,"[{""uom"":""Packet"",""conversion_factor"":1.0},{""uom"":""Carton"",""conversion_factor"":24.0}]",955761504947,,0,3,120.63
ACM-NITR0617,Hitex Nitrile Glove L Blue,"Nitrile Glove L, colour: Blue. Brand Hitex. Sold per Box.",Hitex,All Items > Hardware > Nitrile Glove,Box,"[{""uom"":""Box"",""conversion_factor"":1.0}]",,,0,0,427.52
ACM-HOSE0546,Vermont Hose Clip 13-19mm SS304,"Hose Clip 13-19mm, material: SS304. Brand Vermont. Sold per Pcs.",Vermont,All Items > Hardware > Hose Clip,Pcs,"[{""uom"":""Pcs"",""conversion_factor"":1.0},{""uom"":""Carton"",""conversion_factor"":50.0}]",,VER774444,0,12,166.64
ACM-CABL0423,Tolsen Cable Tie 370mm Natural,"Cable Tie 370mm, colour: Natural. Brand Tolsen. Sold per Packet.",Tolsen,All Items > Hardware > Cable Tie,Packet,"[{""uom"":""Packet"",""conversion_factor"":1.0},{""uom"":""Carton"",""conversion_factor"":24.0}]",,TOL574104,0,900,73.99
ACM-HOSE0980B,Bosco Hose Clip 19-25mm Zinc (Bulk),"Hose Clip 19-25mm, material: Zinc. Brand Bosco. Sold per Pcs.",Bosco,All Items > Hardware > Hose Clip,Pcs,"[{""uom"":""Pcs"",""conversion_factor"":1.0},{""uom"":""Carton"",""conversion_factor"":144.0}]",933089749184,BOS785915,0,3,297.05
ACM-HEXB0634,Remax Hex Bolt M8x30 HDG,"Hex Bolt M8x30, finish: HDG. Brand Remax. Sold per Pcs.",Remax,All Items > Hardware > Hex Bolt,Pcs,"[{""uom"":""Pcs"",""conversion_factor"":1.0},{""uom"":""Carton"",""conversion_factor"":24.0}]",,REM070708,0,0,335.54
ACM-GIWI0627,Remax GI Wire #16 Hard Drawn,"GI Wire #16, grade: Hard Drawn. Brand Remax. Sold per Kg.",Remax,All Items > Hardware > GI Wire,Kg,"[{""uom"":""Kg"",""conversion_factor"":1.0}]",978266290575,REM656523,0,0,238.21
ACM-HOSE0243,Tolsen Hose Clip 13-19mm SS304,"Hose Clip 13-19mm, material: SS304. Brand Tolsen. Sold per Pcs.",Tolsen,All Items > Hardware > Hose Clip,Pcs,"[{""uom"":""Pcs"",""conversion_factor"":1.0},{""uom"":""Carton"",""conversion_factor"":6.0}]",,,0,12,319.18
ACM-CABL0390,Bosco Cable Tie 450mm Natural,"Cable Tie 450mm, colour: Natural. Brand Bosco. Sold per Packet.",Bosco,All Items > Hardware > Cable Tie,Packet,"[{""uom"":""Packet"",""conversion_factor"":1.0},{""uom"":""Carton"",""conversion_factor"":50.0}]",952050210937,BOS415784,0,900,277.24
ACM-PVCP0220,Vermont PVC Pipe 25mm Class E,"PVC Pipe 25mm, grade: Class E. Brand Vermont. Sold per Length.",Vermont,All Items > Hardware > PVC Pipe,Length,"[{""uom"":""Length"",""conversion_factor"":1.0}]",914662912153,VER537238,0,0,397.42
ACM-CABL0422,Vermont Cable Tie 370mm Natural,"Cable Tie 370mm, colour: Natural. Brand Vermont. Sold per Packet.",Vermont,All Items > Hardware > Cable Tie,Packet,"[{""uom"":""Packet"",""conversion_factor"":1.0},{""uom"":""Carton"",""conversion_factor"":24.0}]",,,0,40,52.45
ACM-HEXB0004,Hitex Hex Bolt M6x50 HDG,"Hex Bolt M6x50, finish: HDG. Brand Hitex. Sold per Pcs.",Hitex,All Items > Hardware > Hex Bolt,Pcs,"[{""uom"":""Pcs"",""conversion_factor"":1.0},{""uom"":""Carton"",""conversion_factor"":24.0}]",,,0,40,311.02
ACM-SAFE0988,Hitex Safety Helmet Blue Standard,"Safety Helmet Blue, grade: Standard. Brand Hitex. Sold per Nos.",Hitex,All Items > Hardware > Safety Helmet,Nos,"[{""uom"":""Nos"",""conversion_factor"":1.0},{""uom"":""Carton"",""conversion_factor"":12.0}]",924504541467,,0,900,402.56
ACM-PVCP0825,Hitex PVC Pipe 25mm Class C,"PVC Pipe 25mm, grade: Class C. Brand Hitex. Sold per Length.",Hitex,All Items > Hardware > PVC Pipe,Length,"[{""uom"":""Length"",""conversion_factor"":1.0}]",,,0,3,291.29
ACM-GIWI0567,Kanto GI Wire #20 Soft,"GI Wire #20, grade: Soft. Brand Kanto. Sold per Kg.",Kanto,All Items > Hardware > GI Wire,Kg,"[{""uom"":""Kg"",""conversion_factor"":1.0}]",916813393457,,0,3,284.36
ACM-PVCP0727,Kanto PVC Pipe 20mm Class E,"PVC Pipe 20mm, grade: Class E. Brand Kanto. Sold per Length.",Kanto,All Items > Hardware > PVC Pipe,Length,"[{""uom"":""Length"",""conversion_factor"":1.0}]",969294192266,,0,150,111.42
ACM-ANGL0033,"Hitex Angle Grinder Disc 4"" Grinding","Angle Grinder Disc 4"", grade: Grinding. Brand Hitex. Sold per Packet.",Hitex,All Items > Hardware > Angle Grinder Disc,Packet,"[{""uom"":""Packet"",""conversion_factor"":1.0},{""uom"":""Carton"",""conversion_factor"":24.0}]",920144944645,,0,0,232.85
ACM-HEXB0320,Hitex Hex Bolt M8x30 Stainless 316,"Hex Bolt M8x30, finish: Stainless 316. Brand Hitex. Sold per Pcs.",Hitex,All Items > Hardware > Hex Bolt,Pcs,"[{""uom"":""Pcs"",""conversion_factor"":1.0},{""uom"":""Carton"",""conversion_factor"":10.0}]",988090318600,,0,900,463.51
ACM-HEXB0780,Bosco Hex Bolt M6x50 Stainless 304,"Hex Bolt M6x50, finish: Stainless 304. Brand Bosco. Sold per Pcs.",Bosco,All Items > Hardware > Hex Bolt,Pcs,"[{""uom"":""Pcs"",""conversion_factor"":1.0},{""uom"":""Carton"",""conversion_factor"":50.0}]",980015620720,BOS298837,0,0,350.35
ACM-SAFE0110,Bosco Safety Helmet Blue Ratchet,"Safety Helmet Blue, grade: Ratchet. Brand Bosco. Sold per Nos.",Bosco,All Items > Hardware > Safety Helmet,Nos,"[{""uom"":""Nos"",""conversion_factor"":1.0},{""uom"":""Carton"",""conversion_factor"":50.0}]",,BOS353734,0,150,227.32
ACM-WALL0186,Stallion Wall Plug 6mm Blue,"Wall Plug 6mm, colour: Blue. Brand Stallion. Sold per Packet.",Stallion,All Items > Hardware > Wall Plug,Packet,"[{""uom"":""Packet"",""conversion_factor"":1.0},{""uom"":""Carton"",""conversion_factor"":10.0}]",,,0,0,418.49
ACM-HEXB0216,Tolsen Hex Bolt M8x50 Stainless 304,"Hex Bolt M8x50, finish: Stainless 304. Brand Tolsen. Sold per Pcs.",Tolsen,All Items > Hardware > Hex Bolt,Pcs,"[{""uom"":""Pcs"",""conversion_factor"":1.0},{""uom"":""Carton"",""conversion_factor"":100.0}]",928423421146,,0,900,62.51
ACM-CABL0187,Bosco Cable Tie 150mm Natural,"Cable Tie 150mm, colour: Natural. Brand Bosco. Sold per Packet.",Bosco,All Items > Hardware > Cable Tie,Packet,"[{""uom"":""Packet"",""conversion_factor"":1.0},{""uom"":""Carton"",""conversion_factor"":6.0}]",979539428286,,0,0,312.79
ACM-HEXB0153,Tolsen Hex Bolt M6x50 HDG,"Hex Bolt M6x50, finish: HDG. Brand Tolsen. Sold per Pcs.",Tolsen,All Items > Hardware > Hex Bolt,Pcs,"[{""uom"":""Pcs"",""conversion_factor"":1.0},{""uom"":""Carton"",""conversion_factor"":10.0}]",976045594292,TOL775051,0,12,427.52
ACM-HEXB0022,Remax Hex Bolt M6x30 Stainless 304,"Hex Bolt M6x30, finish: Stainless 304. Brand Remax. Sold per Pcs.",Remax,All Items > Hardware > Hex Bolt,Pcs,"[{""uom"":""Pcs"",""conversion_factor"":1.0},{""uom"":""Carton"",""conversion_factor"":100.0}]",932353202047,REM274649,0,0,31.24
ACM-PVCP0719,Remax PVC Pipe 20mm Class C,"PVC Pipe 20mm, grade: Class C. Brand Remax. Sold per Length.",Remax,All Items > Hardware > PVC Pipe,Length,"[{""uom"":""Length"",""conversion_factor"":1.0}]",,REM312997,0,0,49.97
ACM-HEXB0225,Remax Hex Bolt M8x30 Stainless 316,"Hex Bolt M8x30, finish: Stainless 316. Brand Remax. Sold per Pcs.",Remax,All Items > Hardware > Hex Bolt,Pcs,"[{""uom"":""Pcs"",""conversion_factor"":1.0},{""uom"":""Carton"",""conversion_factor"":50.0}]",,REM891484,0,40,138.27
ACM-NITR0513,Hitex Nitrile Glove S Black,"Nitrile Glove S, colour: Black. Brand Hitex. Sold per Box.",Hitex,All Items > Hardware > Nitrile Glove,Box,"[{""uom"":""Box"",""conversion_factor"":1.0}]",,,0,0,457.18
ACM-GIWI0888,Remax GI Wire #18 Soft,"GI Wire #18, grade: Soft. Brand Remax. Sold per Kg.",Remax,All Items > Hardware > GI Wire,Kg,"[{""uom"":""Kg"",""conversion_factor"":1.0}]",976127408814,,0,150,27.93
ACM-HEXB0086,Kanto Hex Bolt M6x30 Stainless 316,"Hex Bolt M6x30, finish: Stainless 316. Brand Kanto. Sold per Pcs.",Kanto,All Items > Hardware > Hex Bolt,Pcs,"[{""uom"":""Pcs"",""conversion_factor"":1.0},{""uom"":""Carton"",""conversion_factor"":12.0}]",,,0,0,463.49
ACM-SAFE0819,Stallion Safety Helmet Blue Ratchet,"Safety Helmet Blue, grade: Ratchet. Brand Stallion. Sold per Nos.",Stallion,All Items > Hardware > Safety Helmet,Nos,"[{""uom"":""Nos"",""conversion_factor"":1.0},{""uom"":""Carton"",""conversion_factor"":50.0}]",905576768861,,0,150,226.47
ACM-GIWI0409,Remax GI Wire #14 Soft,"GI Wire #14, grade: Soft. Brand Remax. Sold per Kg.",Remax,All Items > Hardware > GI Wire,Kg,"[{""uom"":""Kg"",""conversion_factor"":1.0}]",,,0,150,165.41
ACM-HEXB0267,Remax Hex Bolt M8x75 Stainless 316,"Hex Bolt M8x75, finish: Stainless 316. Brand Remax. Sold per Pcs.",Remax,All Items > Hardware > Hex Bolt,Pcs,"[{""uom"":""Pcs"",""conversion_factor"":1.0},{""uom"":""Carton"",""conversion_factor"":6.0}]",,REM589950,0,40,18.37
ACM-MASK0839,Vermont Masking Tape 12mm High Temp,"Masking Tape 12mm, grade: High Temp. Brand Vermont. Sold per Roll.",Vermont,All Items > Hardware > Masking Tape,Roll,"[{""uom"":""Roll"",""conversion_factor"":1.0},{""uom"":""Carton"",""conversion_factor"":100.0}]",,VER125760,0,40,241.28
ACM-WALL0524,Stallion Wall Plug 10mm Red,"Wall Plug 10mm, colour: Red. Brand Stallion. Sold per Packet.",Stallion,All Items > Hardware > Wall Plug,Packet,"[{""uom"":""Packet"",""conversion_factor"":1.0},{""uom"":""Carton"",""conversion_factor"":6.0}]",946582429574,,0,40,154.39
ACM-GIWI0661,Hitex GI Wire #16 Hard Drawn,"GI Wire #16, grade: Hard Drawn. Brand Hitex. Sold per Kg.",Hitex,All Items > Hardware > GI Wire,Kg,"[{""uom"":""Kg"",""conversion_factor"":1.0}]",,HIT605796,0,12,324.73
ACM-HEXB0676,Hitex Hex Bolt M8x75 Stainless 316,"Hex Bolt M8x75, finish: Stainless 316. Brand Hitex. Sold per Pcs.",Hitex,All Items > Hardware > Hex Bolt,Pcs,"[{""uom"":""Pcs"",""conversion_factor"":1.0},{""uom"":""Carton"",""conversion_factor"":50.0}]",,,0,900,17.92
ACM-CABL0034,Tolsen Cable Tie 200mm White,"Cable Tie 200mm, colour: White. Brand Tolsen. Sold per Packet.",Tolsen,All Items > Hardware > Cable Tie,Packet,"[{""uom"":""Packet"",""conversion_factor"":1.0},{""uom"":""Carton"",""conversion_factor"":24.0}]",,,0,150,389.89
ACM-PVCP0561-OLD,Stallion PVC Pipe 40mm Class D,"PVC Pipe 40mm, grade: Class D. Brand Stallion. Sold per Length. (superseded)",Stallion,All Items > Hardware > PVC Pipe,Length,"[{""uom"":""Length"",""conversion_factor"":1.0}]",991995927103,,1,0,73.03
ACM-SELF0242,"Vermont Self Drilling Screw #8 x 3/4"" Stainless 410","Self Drilling Screw #8 x 3/4"", finish: Stainless 410. Brand Vermont. Sold per Packet.",Vermont,All Items > Hardware > Self Drilling Screw,Packet,"[{""uom"":""Packet"",""conversion_factor"":1.0},{""uom"":""Carton"",""conversion_factor"":6.0}]",907478060194,VER964774,0,150,167.69
ACM-HEXB0427,Vermont Hex Bolt M12x60 Stainless 304,"Hex Bolt M12x60, finish: Stainless 304. Brand Vermont. Sold per Pcs.",Vermont,All Items > Hardware > Hex Bolt,Pcs,"[{""uom"":""Pcs"",""conversion_factor"":1.0},{""uom"":""Carton"",""conversion_factor"":100.0}]",,VER346173,0,900,165.59
ACM-SAFE0731,Hitex Safety Helmet Red Standard,"Safety Helmet Red, grade: Standard. Brand Hitex. Sold per Nos.",Hitex,All Items > Hardware > Safety Helmet,Nos,"[{""uom"":""Nos"",""conversion_factor"":1.0},{""uom"":""Carton"",""conversion_factor"":50.0}]",,,0,150,111.61
ACM-HEXB0155,Hitex Hex Bolt M6x30 Zinc Plated,"Hex Bolt M6x30, finish: Zinc Plated. Brand Hitex. Sold per Pcs.",Hitex,All Items > Hardware > Hex Bolt,Pcs,"[{""uom"":""Pcs"",""conversion_factor"":1.0},{""uom"":""Carton"",""conversion_factor"":12.0}]",,HIT595672,0,3,37.83
ACM-BALL0294,"Hitex Ball Valve 1/2"" SS304","Ball Valve 1/2"", material: SS304. Brand Hitex. Sold per Nos.",Hitex,All Items > Hardware > Ball Valve,Nos,"[{""uom"":""Nos"",""conversion_factor"":1.0},{""uom"":""Carton"",""conversion_factor"":12.0}]",,,0,0,15.73
ACM-HOSE0296,Stallion Hose Clip 13-19mm SS304,"Hose Clip 13-19mm, material: SS304. Brand Stallion. Sold per Pcs.",Stallion,All Items > Hardware > Hose Clip,Pcs,"[{""uom"":""Pcs"",""conversion_factor"":1.0},{""uom"":""Carton"",""conversion_factor"":24.0}]",943072821318,STA335180,0,40,40.66
ACM-CABL0013,Hitex Cable Tie 200mm Natural,"Cable Tie 200mm, colour: Natural. Brand Hitex. Sold per Packet.",Hitex,All Items > Hardware > Cable Tie,Packet,"[{""uom"":""Packet"",""conversion_factor"":1.0},{""uom"":""Carton"",""conversion_factor"":6.0}]",,,0,40,182.22
ACM-NITR0881,Kanto Nitrile Glove S Black,"Nitrile Glove S, colour: Black. Brand Kanto. Sold per Box.",Kanto,All Items > Hardware > Nitrile Glove,Box,"[{""uom"":""Box"",""conversion_factor"":1.0}]",997258925977,,0,40,258.15
ACM-CABL1048,Stallion Cable Tie 150mm Natural,"Cable Tie 150mm, colour: Natural. Brand Stallion. Sold per Packet.",Stallion,All Items > Hardware > Cable Tie,Packet,"[{""uom"":""Packet"",""conversion_factor"":1.0},{""uom"":""Carton"",""conversion_factor"":50.0}]",,,0,0,450.42
ACM-HOSE0821,Vermont Hose Clip 19-25mm SS304,"Hose Clip 19-25mm, material: SS304. Brand Vermont. Sold per Pcs.",Vermont,All Items > Hardware > Hose Clip,Pcs,"[{""uom"":""Pcs"",""conversion_factor"":1.0},{""uom"":""Carton"",""conversion_factor"":6.0}]",953382042442,,0,3,363.67
ACM-PVCP0754,Kanto PVC Pipe 15mm Class E,"PVC Pipe 15mm, grade: Class E. Brand Kanto. Sold per Length.",Kanto,All Items > Hardware > PVC Pipe,Length,"[{""uom"":""Length"",""conversion_factor"":1.0}]",974520110173,,0,0,152.51
ACM-PVCP0070,Stallion PVC Pipe 15mm Class C,"PVC Pipe 15mm, grade: Class C. Brand Stallion. Sold per Length.",Stallion,All Items > Hardware > PVC Pipe,Length,"[{""uom"":""Length"",""conversion_factor"":1.0}]",,STA687412,0,0,478.38
ACM-HEXB0290,Vermont Hex Bolt M8x50 Zinc Plated,"Hex Bolt M8x50, finish: Zinc Plated. Brand Vermont. Sold per Pcs.",Vermont,All Items > Hardware > Hex Bolt,Pcs,"[{""uom"":""Pcs"",""conversion_factor"":1.0},{""uom"":""Carton"",""conversion_factor"":12.0}]",,,0,0,175.25
ACM-CABL0540,Bosco Cable Tie 370mm Natural,"Cable Tie 370mm, colour: Natural. Brand Bosco. Sold per Packet.",Bosco,All Items > Hardware > Cable Tie,Packet,"[{""uom"":""Packet"",""conversion_factor"":1.0},{""uom"":""Carton"",""conversion_factor"":50.0}]",,,0,40,198.62
ACM-MASK0596,Stallion Masking Tape 48mm General,"Masking Tape 48mm, grade: General. Brand Stallion. Sold per Roll.",Stallion,All Items > Hardware > Masking Tape,Roll,"[{""uom"":""Roll"",""conversion_factor"":1.0},{""uom"":""Carton"",""conversion_factor"":100.0}]",928239105114,,0,150,132.82
ACM-ANGL0963,"Bosco Angle Grinder Disc 7"" Cutting","Angle Grinder Disc 7"", grade: Cutting. Brand Bosco. Sold per Packet.",Bosco,All Items > Hardware > Angle Grinder Disc,Packet,"[{""uom"":""Packet"",""conversion_factor"":1.0},{""uom"":""Carton"",""conversion_factor"":24.0}]",,BOS475910,0,150,213.34
ACM-WALL0285,Vermont Wall Plug 12mm Blue,"Wall Plug 12mm, colour: Blue. Brand Vermont. Sold per Packet.",Vermont,All Items > Hardware > Wall Plug,Packet,"[{""uom"":""Packet"",""conversion_factor"":1.0},{""uom"":""Carton"",""conversion_factor"":12.0}]",960056065801,,0,0,464.68
ACM-HOSE0850,Hitex Hose Clip 13-19mm Zinc,"Hose Clip 13-19mm, material: Zinc. Brand Hitex. Sold per Pcs.",Hitex,All Items > Hardware > Hose Clip,Pcs,"[{""uom"":""Pcs"",""conversion_factor"":1.0},{""uom"":""Carton"",""conversion_factor"":10.0}]",,,0,0,171.29
ACM-WALL0730-OLD,Vermont Wall Plug 10mm Blue,"Wall Plug 10mm, colour: Blue. Brand Vermont. Sold per Packet. (superseded)",Vermont,All Items > Hardware > Wall Plug,Packet,"[{""uom"":""Packet"",""conversion_factor"":1.0},{""uom"":""Carton"",""conversion_factor"":100.0}]",,,1,0,44.69
ACM-CABL0830,Stallion Cable Tie 100mm Black,"Cable Tie 100mm, colour: Black. Brand Stallion. Sold per Packet.",Stallion,All Items > Hardware > Cable Tie,Packet,"[{""uom"":""Packet"",""conversion_factor"":1.0},{""uom"":""Carton"",""conversion_factor"":24.0}]",,STA379655,0,0,261.21
ACM-SELF0233,"Tolsen Self Drilling Screw #10 x 1"" Zinc Plated","Self Drilling Screw #10 x 1"", finish: Zinc Plated. Brand Tolsen. Sold per Packet.",Tolsen,All Items > Hardware > Self Drilling Screw,Packet,"[{""uom"":""Packet"",""conversion_factor"":1.0},{""uom"":""Carton"",""conversion_factor"":24.0}]",,,0,40,150.97
ACM-HEXB0274,Vermont Hex Bolt M8x75 Stainless 316,"Hex Bolt M8x75, finish: Stainless 316. Brand Vermont. Sold per Pcs.",Vermont,All Items > Hardware > Hex Bolt,Pcs,"[{""uom"":""Pcs"",""conversion_factor"":1.0},{""uom"":""Carton"",""conversion_factor"":100.0}]",,VER712269,0,3,205.18
ACM-HEXB0162,Stallion Hex Bolt M6x50 Stainless 316,"Hex Bolt M6x50, finish: Stainless 316. Brand Stallion. Sold per Pcs.",Stallion,All Items > Hardware > Hex Bolt,Pcs,"[{""uom"":""Pcs"",""conversion_factor"":1.0},{""uom"":""Carton"",""conversion_factor"":6.0}]",,,0,150,59.69
ACM-NITR1001,Vermont Nitrile Glove L Black,"Nitrile Glove L, colour: Black. Brand Vermont. Sold per Box.",Vermont,All Items > Hardware > Nitrile Glove,Box,"[{""uom"":""Box"",""conversion_factor"":1.0}]",915722508056,,0,0,302.9
ACM-BALL0685,"Tolsen Ball Valve 1/2"" PVC","Ball Valve 1/2"", material: PVC. Brand Tolsen. Sold per Nos.",Tolsen,All Items > Hardware > Ball Valve,Nos,"[{""uom"":""Nos"",""conversion_factor"":1.0},{""uom"":""Carton"",""conversion_factor"":6.0}]",922186414953,,0,3,306.42
ACM-MASK0014,Remax Masking Tape 12mm High Temp,"Masking Tape 12mm, grade: High Temp. Brand Remax. Sold per Roll.",Remax,All Items > Hardware > Masking Tape,Roll,"[{""uom"":""Roll"",""conversion_factor"":1.0},{""uom"":""Carton"",""conversion_factor"":50.0}]",,REM505782,0,150,17.22
ACM-HEXB0292,Stallion Hex Bolt M6x50 HDG,"Hex Bolt M6x50, finish: HDG. Brand Stallion. Sold per Pcs.",Stallion,All Items > Hardware > Hex Bolt,Pcs,"[{""uom"":""Pcs"",""conversion_factor"":1.0},{""uom"":""Carton"",""conversion_factor"":24.0}]",,STA736538,0,40,447.29
ACM-ANGL0214,"Vermont Angle Grinder Disc 7"" Grinding","Angle Grinder Disc 7"", grade: Grinding. Brand Vermont. Sold per Packet.",Vermont,All Items > Hardware > Angle Grinder Disc,Packet,"[{""uom"":""Packet"",""conversion_factor"":1.0},{""uom"":""Carton"",""conversion_factor"":6.0}]",979175718524,,0,12,432.09
ACM-HEXB1061,Remax Hex Bolt M6x50 Stainless 304,"Hex Bolt M6x50, finish: Stainless 304. Brand Remax. Sold per Pcs.",Remax,All Items > Hardware > Hex Bolt,Pcs,"[{""uom"":""Pcs"",""conversion_factor"":1.0},{""uom"":""Carton"",""conversion_factor"":100.0}]",,,0,150,380.13
ACM-PVCP0275,Vermont PVC Pipe 50mm Class C,"PVC Pipe 50mm, grade: Class C. Brand Vermont. Sold per Length.",Vermont,All Items > Hardware > PVC Pipe,Length,"[{""uom"":""Length"",""conversion_factor"":1.0}]",,,0,12,215.49
ACM-GIWI0059,Bosco GI Wire #20 Hard Drawn,"GI Wire #20, grade: Hard Drawn. Brand Bosco. Sold per Kg.",Bosco,All Items > Hardware > GI Wire,Kg,"[{""uom"":""Kg"",""conversion_factor"":1.0}]",,,0,900,129.52
ACM-SELF0979,"Vermont Self Drilling Screw #12 x 2"" Stainless 410","Self Drilling Screw #12 x 2"", finish: Stainless 410. Brand Vermont. Sold per Packet.",Vermont,All Items > Hardware > Self Drilling Screw,Packet,"[{""uom"":""Packet"",""conversion_factor"":1.0},{""uom"":""Carton"",""conversion_factor"":10.0}]",962517460550,,0,150,57.25
ACM-HEXB0261,Vermont Hex Bolt M10x75 HDG,"Hex Bolt M10x75, finish: HDG. Brand Vermont. Sold per Pcs.",Vermont,All Items > Hardware > Hex Bolt,Pcs,"[{""uom"":""Pcs"",""conversion_factor"":1.0},{""uom"":""Carton"",""conversion_factor"":12.0}]",,,0,3,163.86
ACM-GIWI0840,Tolsen GI Wire #18 Soft,"GI Wire #18, grade: Soft. Brand Tolsen. Sold per Kg.",Tolsen,All Items > Hardware > GI Wire,Kg,"[{""uom"":""Kg"",""conversion_factor"":1.0}]",915818234317,TOL737686,0,40,382.52
ACM-ANGL0222,"Tolsen Angle Grinder Disc 4.5"" Grinding","Angle Grinder Disc 4.5"", grade: Grinding. Brand Tolsen. Sold per Packet.",Tolsen,All Items > Hardware > Angle Grinder Disc,Packet,"[{""uom"":""Packet"",""conversion_factor"":1.0},{""uom"":""Carton"",""conversion_factor"":6.0}]",906032934376,,0,0,186.26
ACM-MASK0286,Tolsen Masking Tape 24mm High Temp,"Masking Tape 24mm, grade: High Temp. Brand Tolsen. Sold per Roll.",Tolsen,All Items > Hardware > Masking Tape,Roll,"[{""uom"":""Roll"",""conversion_factor"":1.0},{""uom"":""Carton"",""conversion_factor"":24.0}]",983888250865,,0,150,32.52
ACM-SAFE0523,Remax Safety Helmet Blue Standard,"Safety Helmet Blue, grade: Standard. Brand Remax. Sold per Nos.",Remax,All Items > Hardware > Safety Helmet,Nos,"[{""uom"":""Nos"",""conversion_factor"":1.0},{""uom"":""Carton"",""conversion_factor"":6.0}]",903391617636,,0,900,231.56
ACM-HEXB0998,Bosco Hex Bolt M8x75 HDG,"Hex Bolt M8x75, finish: HDG. Brand Bosco. Sold per Pcs.",Bosco,All Items > Hardware > Hex Bolt,Pcs,"[{""uom"":""Pcs"",""conversion_factor"":1.0},{""uom"":""Carton"",""conversion_factor"":24.0}]",,,0,0,266.24
ACM-ANGL0845,"Hitex Angle Grinder Disc 4.5"" Grinding","Angle Grinder Disc 4.5"", grade: Grinding. Brand Hitex. Sold per Packet.",Hitex,All Items > Hardware > Angle Grinder Disc,Packet,"[{""uom"":""Packet"",""conversion_factor"":1.0},{""uom"":""Carton"",""conversion_factor"":100.0}]",916303915217,HIT280544,0,150,209.76
ACM-HEXB0726,Stallion Hex Bolt M10x50 Stainless 316,"Hex Bolt M10x50, finish: Stainless 316. Brand Stallion. Sold per Pcs.",Stallion,All Items > Hardware > Hex Bolt,Pcs,"[{""uom"":""Pcs"",""conversion_factor"":1.0},{""uom"":""Carton"",""conversion_factor"":6.0}]",956867215431,,0,3,218.38
ACM-BALL0255,"Tolsen Ball Valve 1/2"" SS304","Ball Valve 1/2"", material: SS304. Brand Tolsen. Sold per Nos.",Tolsen,All Items > Hardware > Ball Valve,Nos,"[{""uom"":""Nos"",""conversion_factor"":1.0},{""uom"":""Carton"",""conversion_factor"":50.0}]",,TOL749517,0,0,80.83
ACM-ANGL0217,"Kanto Angle Grinder Disc 4"" Cutting","Angle Grinder Disc 4"", grade: Cutting. Brand Kanto. Sold per Packet.",Kanto,All Items > Hardware > Angle Grinder Disc,Packet,"[{""uom"":""Packet"",""conversion_factor"":1.0},{""uom"":""Carton"",""conversion_factor"":24.0}]",,KAN762665,0,3,308.17
ACM-ANGL0985,"Stallion Angle Grinder Disc 7"" Flap","Angle Grinder Disc 7"", grade: Flap. Brand Stallion. Sold per Packet.",Stallion,All Items > Hardware > Angle Grinder Disc,Packet,"[{""uom"":""Packet"",""conversion_factor"":1.0},{""uom"":""Carton"",""conversion_factor"":24.0}]",906040870523,,0,0,214.04
ACM-CABL0520,Hitex Cable Tie 150mm Natural,"Cable Tie 150mm, colour: Natural. Brand Hitex. Sold per Packet.",Hitex,All Items > Hardware > Cable Tie,Packet,"[{""uom"":""Packet"",""conversion_factor"":1.0},{""uom"":""Carton"",""conversion_factor"":10.0}]",,,0,0,248.07
ACM-HEXB0401,Vermont Hex Bolt M6x50 HDG,"Hex Bolt M6x50, finish: HDG. Brand Vermont. Sold per Pcs.",Vermont,All Items > Hardware > Hex Bolt,Pcs,"[{""uom"":""Pcs"",""conversion_factor"":1.0},{""uom"":""Carton"",""conversion_factor"":50.0}]",,,0,900,478.72
ACM-CABL0071,Remax Cable Tie 100mm White,"Cable Tie 100mm, colour: White. Brand Remax. Sold per Packet.",Remax,All Items > Hardware > Cable Tie,Packet,"[{""uom"":""Packet"",""conversion_factor"":1.0},{""uom"":""Carton"",""conversion_factor"":12.0}]",994988310043,,0,0,83.82
ACM-SAFE0182,Bosco Safety Helmet Red Ratchet,"Safety Helmet Red, grade: Ratchet. Brand Bosco. Sold per Nos.",Bosco,All Items > Hardware > Safety Helmet,Nos,"[{""uom"":""Nos"",""conversion_factor"":1.0},{""uom"":""Carton"",""conversion_factor"":12.0}]",,BOS164916,0,0,226.71
ACM-HEXB0488,Kanto Hex Bolt M8x50 Stainless 316,"Hex Bolt M8x50, finish: Stainless 316. Brand Kanto. Sold per Pcs.",Kanto,All Items > Hardware > Hex Bolt,Pcs,"[{""uom"":""Pcs"",""conversion_factor"":1.0},{""uom"":""Carton"",""conversion_factor"":6.0}]",906698909980,,0,0,376.72
ACM-WALL0656,Tolsen Wall Plug 8mm Brown,"Wall Plug 8mm, colour: Brown. Brand Tolsen. Sold per Packet.",Tolsen,All Items > Hardware > Wall Plug,Packet,"[{""uom"":""Packet"",""conversion_factor"":1.0},{""uom"":""Carton"",""conversion_factor"":12.0}]",,,0,900,291.62
ACM-HEXB0748,Bosco Hex Bolt M6x50 HDG,"Hex Bolt M6x50, finish: HDG. Brand Bosco. Sold per Pcs.",Bosco,All Items > Hardware > Hex Bolt,Pcs,"[{""uom"":""Pcs"",""conversion_factor"":1.0},{""uom"":""Carton"",""conversion_factor"":12.0}]",,,0,12,238.87
ACM-BALL0213,"Kanto Ball Valve 3/4"" SS304","Ball Valve 3/4"", material: SS304. Brand Kanto. Sold per Nos.",Kanto,All Items > Hardware > Ball Valve,Nos,"[{""uom"":""Nos"",""conversion_factor"":1.0},{""uom"":""Carton"",""conversion_factor"":6.0}]",987929993679,,0,3,139.66
ACM-SAFE0822,Remax Safety Helmet White Ratchet,"Safety Helmet White, grade: Ratchet. Brand Remax. Sold per Nos.",Remax,All Items > Hardware > Safety Helmet,Nos,"[{""uom"":""Nos"",""conversion_factor"":1.0},{""uom"":""Carton"",""conversion_factor"":10.0}]",,,0,150,1.83
ACM-BALL0018,"Kanto Ball Valve 1"" SS304","Ball Valve 1"", material: SS304. Brand Kanto. Sold per Nos.",Kanto,All Items > Hardware > Ball Valve,Nos,"[{""uom"":""Nos"",""conversion_factor"":1.0},{""uom"":""Carton"",""conversion_factor"":6.0}]",932853541784,,0,12,170.28
ACM-PVCP0337,Hitex PVC Pipe 40mm Class D,"PVC Pipe 40mm, grade: Class D. Brand Hitex. Sold per Length.",Hitex,All Items > Hardware > PVC Pipe,Length,"[{""uom"":""Length"",""conversion_factor"":1.0}]",900226926900,HIT239989,0,150,20.33
ACM-HEXB0873,Bosco Hex Bolt M12x60 HDG,"Hex Bolt M12x60, finish: HDG. Brand Bosco. Sold per Pcs.",Bosco,All Items > Hardware > Hex Bolt,Pcs,"[{""uom"":""Pcs"",""conversion_factor"":1.0},{""uom"":""Carton"",""conversion_factor"":10.0}]",,BOS706759,0,3,318.21
ACM-HEXB0509,Remax Hex Bolt M10x75 Stainless 304,"Hex Bolt M10x75, finish: Stainless 304. Brand Remax. Sold per Pcs.",Remax,All Items > Hardware > Hex Bolt,Pcs,"[{""uom"":""Pcs"",""conversion_factor"":1.0},{""uom"":""Carton"",""conversion_factor"":12.0}]",994448537378,,0,900,159.76
ACM-MISC003,SAMPLE - DO NOT SELL,,,All Items > Hardware > Misc,Nos,"[{""uom"": ""Nos"", ""conversion_factor"": 1.0}]",,,0,0,0.0
ACM-SAFE0381,Hitex Safety Helmet White Ratchet,"Safety Helmet White, grade: Ratchet. Brand Hitex. Sold per Nos.",Hitex,All Items > Hardware > Safety Helmet,Nos,"[{""uom"":""Nos"",""conversion_factor"":1.0},{""uom"":""Carton"",""conversion_factor"":50.0}]",,,0,40,23.11
ACM-HEXB0800,Remax Hex Bolt M10x75 Zinc Plated,"Hex Bolt M10x75, finish: Zinc Plated. Brand Remax. Sold per Pcs.",Remax,All Items > Hardware > Hex Bolt,Pcs,"[{""uom"":""Pcs"",""conversion_factor"":1.0},{""uom"":""Carton"",""conversion_factor"":50.0}]",,REM787112,0,12,318.28
ACM-BALL0575,"Hitex Ball Valve 3/4"" SS304","Ball Valve 3/4"", material: SS304. Brand Hitex. Sold per Nos.",Hitex,All Items > Hardware > Ball Valve,Nos,"[{""uom"":""Nos"",""conversion_factor"":1.0},{""uom"":""Carton"",""conversion_factor"":50.0}]",,,0,12,147.19
ACM-GIWI0377,Hitex GI Wire #16 Soft,"GI Wire #16, grade: Soft. Brand Hitex. Sold per Kg.",Hitex,All Items > Hardware > GI Wire,Kg,"[{""uom"":""Kg"",""conversion_factor"":1.0}]",925075378309,HIT994843,0,0,80.3
ACM-HEXB1081,Kanto Hex Bolt M8x75 HDG,"Hex Bolt M8x75, finish: HDG. Brand Kanto. Sold per Pcs.",Kanto,All Items > Hardware > Hex Bolt,Pcs,"[{""uom"":""Pcs"",""conversion_factor"":1.0},{""uom"":""Carton"",""conversion_factor"":10.0}]",910962541923,,0,0,225.24
ACM-PVCP0412,Kanto PVC Pipe 40mm Class D,"PVC Pipe 40mm, grade: Class D. Brand Kanto. Sold per Length.",Kanto,All Items > Hardware > PVC Pipe,Length,"[{""uom"":""Length"",""conversion_factor"":1.0}]",,,0,150,118.93
ACM-MISC008,OPENING BALANCE,,,All Items > Hardware > Misc,Nos,"[{""uom"": ""Nos"", ""conversion_factor"": 1.0}]",,,0,0,0.0
ACM-ANGL0006,"Stallion Angle Grinder Disc 7"" Cutting","Angle Grinder Disc 7"", grade: Cutting. Brand Stallion. Sold per Packet.",Stallion,All Items > Hardware > Angle Grinder Disc,Packet,"[{""uom"":""Packet"",""conversion_factor"":1.0},{""uom"":""Carton"",""conversion_factor"":12.0}]",931411382761,,0,0,446.18
ACM-WALL0429,Tolsen Wall Plug 6mm Red,"Wall Plug 6mm, colour: Red. Brand Tolsen. Sold per Packet.",Tolsen,All Items > Hardware > Wall Plug,Packet,"[{""uom"":""Packet"",""conversion_factor"":1.0},{""uom"":""Carton"",""conversion_factor"":24.0}]",975043088071,,0,40,39.84
ACM-HEXB0862,Stallion Hex Bolt M6x30 Zinc Plated,"Hex Bolt M6x30, finish: Zinc Plated. Brand Stallion. Sold per Pcs.",Stallion,All Items > Hardware > Hex Bolt,Pcs,"[{""uom"":""Pcs"",""conversion_factor"":1.0},{""uom"":""Carton"",""conversion_factor"":100.0}]",,,0,900,188.55
ACM-HEXB0668,Tolsen Hex Bolt M10x75 HDG,"Hex Bolt M10x75, finish: HDG. Brand Tolsen. Sold per Pcs.",Tolsen,All Items > Hardware > Hex Bolt,Pcs,"[{""uom"":""Pcs"",""conversion_factor"":1.0},{""uom"":""Carton"",""conversion_factor"":6.0}]",982755317677,,0,0,53.79
ACM-ANGL1011,"Vermont Angle Grinder Disc 4"" Flap","Angle Grinder Disc 4"", grade: Flap. Brand Vermont. Sold per Packet.",Vermont,All Items > Hardware > Angle Grinder Disc,Packet,"[{""uom"":""Packet"",""conversion_factor"":1.0},{""uom"":""Carton"",""conversion_factor"":100.0}]",905918088400,,0,900,371.19
ACM-BALL0045,"Hitex Ball Valve 1-1/4"" Brass","Ball Valve 1-1/4"", material: Brass. Brand Hitex. Sold per Nos.",Hitex,All Items > Hardware > Ball Valve,Nos,"[{""uom"":""Nos"",""conversion_factor"":1.0},{""uom"":""Carton"",""conversion_factor"":24.0}]",920599547428,HIT368754,0,40,214.25
ACM-CABL0894,Vermont Cable Tie 370mm White,"Cable Tie 370mm, colour: White. Brand Vermont. Sold per Packet.",Vermont,All Items > Hardware > Cable Tie,Packet,"[{""uom"":""Packet"",""conversion_factor"":1.0},{""uom"":""Carton"",""conversion_factor"":6.0}]",,,0,150,357.83
ACM-HOSE0399,Stallion Hose Clip 38-50mm Zinc,"Hose Clip 38-50mm, material: Zinc. Brand Stallion. Sold per Pcs.",Stallion,All Items > Hardware > Hose Clip,Pcs,"[{""uom"":""Pcs"",""conversion_factor"":1.0},{""uom"":""Carton"",""conversion_factor"":6.0}]",924591203369,,0,0,97.07
ACM-SAFE0169,Tolsen Safety Helmet White Standard,"Safety Helmet White, grade: Standard. Brand Tolsen. Sold per Nos.",Tolsen,All Items > Hardware > Safety Helmet,Nos,"[{""uom"":""Nos"",""conversion_factor"":1.0},{""uom"":""Carton"",""conversion_factor"":50.0}]",991184598703,,0,900,161.94
ACM-WALL0705,Tolsen Wall Plug 10mm Brown,"Wall Plug 10mm, colour: Brown. Brand Tolsen. Sold per Packet.",Tolsen,All Items > Hardware > Wall Plug,Packet,"[{""uom"":""Packet"",""conversion_factor"":1.0},{""uom"":""Carton"",""conversion_factor"":50.0}]",969834776816,,0,0,174.94
ACM-HEXB1099,Stallion Hex Bolt M10x75 Zinc Plated,"Hex Bolt M10x75, finish: Zinc Plated. Brand Stallion. Sold per Pcs.",Stallion,All Items > Hardware > Hex Bolt,Pcs,"[{""uom"":""Pcs"",""conversion_factor"":1.0},{""uom"":""Carton"",""conversion_factor"":6.0}]",958550856716,,0,150,69.62
ACM-BALL0622,"Stallion Ball Valve 2"" SS304","Ball Valve 2"", material: SS304. Brand Stallion. Sold per Nos.",Stallion,All Items > Hardware > Ball Valve,Nos,"[{""uom"":""Nos"",""conversion_factor"":1.0},{""uom"":""Carton"",""conversion_factor"":10.0}]",,STA467765,0,0,5.8
ACM-SELF0813,"Remax Self Drilling Screw #12 x 2"" Zinc Plated","Self Drilling Screw #12 x 2"", finish: Zinc Plated. Brand Remax. Sold per Packet.",Remax,All Items > Hardware > Self Drilling Screw,Packet,"[{""uom"":""Packet"",""conversion_factor"":1.0},{""uom"":""Carton"",""conversion_factor"":100.0}]",909726951974,REM408854,0,0,318.82
ACM-ANGL0503,"Remax Angle Grinder Disc 4.5"" Cutting","Angle Grinder Disc 4.5"", grade: Cutting. Brand Remax. Sold per Packet.",Remax,All Items > Hardware > Angle Grinder Disc,Packet,"[{""uom"":""Packet"",""conversion_factor"":1.0},{""uom"":""Carton"",""conversion_factor"":50.0}]",,,0,150,32.11
ACM-BALL0364B,"Vermont Ball Valve 1/2"" SS304 (Bulk)","Ball Valve 1/2"", material: SS304. Brand Vermont. Sold per Nos.",Vermont,All Items > Hardware > Ball Valve,Nos,"[{""uom"":""Nos"",""conversion_factor"":1.0},{""uom"":""Carton"",""conversion_factor"":144.0}]",,,0,0,69.81
ACM-HEXB0930,Hitex Hex Bolt M10x50 Stainless 316,"Hex Bolt M10x50, finish: Stainless 316. Brand Hitex. Sold per Pcs.",Hitex,All Items > Hardware > Hex Bolt,Pcs,"[{""uom"":""Pcs"",""conversion_factor"":1.0},{""uom"":""Carton"",""conversion_factor"":24.0}]",972441405588,,0,12,197.25
ACM-CABL0287,Kanto Cable Tie 370mm Black,"Cable Tie 370mm, colour: Black. Brand Kanto. Sold per Packet.",Kanto,All Items > Hardware > Cable Tie,Packet,"[{""uom"":""Packet"",""conversion_factor"":1.0},{""uom"":""Carton"",""conversion_factor"":50.0}]",906203209621,,0,0,181.99
ACM-WALL0184,Bosco Wall Plug 8mm Red,"Wall Plug 8mm, colour: Red. Brand Bosco. Sold per Packet.",Bosco,All Items > Hardware > Wall Plug,Packet,"[{""uom"":""Packet"",""conversion_factor"":1.0},{""uom"":""Carton"",""conversion_factor"":12.0}]",,,0,0,253.65
ACM-ANGL0905,"Vermont Angle Grinder Disc 4.5"" Cutting","Angle Grinder Disc 4.5"", grade: Cutting. Brand Vermont. Sold per Packet.",Vermont,All Items > Hardware > Angle Grinder Disc,Packet,"[{""uom"":""Packet"",""conversion_factor"":1.0},{""uom"":""Carton"",""conversion_factor"":24.0}]",946034431777,,0,40,399.15
ACM-PVCP1073,Remax PVC Pipe 40mm Class D,"PVC Pipe 40mm, grade: Class D. Brand Remax. Sold per Length.",Remax,All Items > Hardware > PVC Pipe,Length,"[{""uom"":""Length"",""conversion_factor"":1.0}]",907958391665,,0,0,407.85
ACM-BALL0208,"Vermont Ball Valve 2"" PVC","Ball Valve 2"", material: PVC. Brand Vermont. Sold per Nos.",Vermont,All Items > Hardware > Ball Valve,Nos,"[{""uom"":""Nos"",""conversion_factor"":1.0},{""uom"":""Carton"",""conversion_factor"":6.0}]",946801801670,,0,0,34.18
ACM-CABL0856,Tolsen Cable Tie 150mm White,"Cable Tie 150mm, colour: White. Brand Tolsen. Sold per Packet.",Tolsen,All Items > Hardware > Cable Tie,Packet,"[{""uom"":""Packet"",""conversion_factor"":1.0},{""uom"":""Carton"",""conversion_factor"":10.0}]",900441939758,TOL478519,0,0,17.98
ACM-WALL1006,Stallion Wall Plug 6mm Brown,"Wall Plug 6mm, colour: Brown. Brand Stallion. Sold per Packet.",Stallion,All Items > Hardware > Wall Plug,Packet,"[{""uom"":""Packet"",""conversion_factor"":1.0},{""uom"":""Carton"",""conversion_factor"":24.0}]",930475527790,STA187940,0,0,244.29
ACM-WALL1030,Stallion Wall Plug 10mm Brown,"Wall Plug 10mm, colour: Brown. Brand Stallion. Sold per Packet.",Stallion,All Items > Hardware > Wall Plug,Packet,"[{""uom"":""Packet"",""conversion_factor"":1.0},{""uom"":""Carton"",""conversion_factor"":10.0}]",930205335831,,0,12,235.13
ACM-BALL0802,"Vermont Ball Valve 3/4"" Brass","Ball Valve 3/4"", material: Brass. Brand Vermont. Sold per Nos.",Vermont,All Items > Hardware > Ball Valve,Nos,"[{""uom"":""Nos"",""conversion_factor"":1.0},{""uom"":""Carton"",""conversion_factor"":12.0}]",925739349307,,0,150,68.19
ACM-NITR1034,Stallion Nitrile Glove L Blue,"Nitrile Glove L, colour: Blue. Brand Stallion. Sold per Box.",Stallion,All Items > Hardware > Nitrile Glove,Box,"[{""uom"":""Box"",""conversion_factor"":1.0}]",,,0,40,48.91
ACM-WALL0651,Bosco Wall Plug 8mm Blue,"Wall Plug 8mm, colour: Blue. Brand Bosco. Sold per Packet.",Bosco,All Items > Hardware > Wall Plug,Packet,"[{""uom"":""Packet"",""conversion_factor"":1.0},{""uom"":""Carton"",""conversion_factor"":24.0}]",972872247775,,0,0,294.73
ACM-HEXB0005,Hitex Hex Bolt M10x75 Stainless 316,"Hex Bolt M10x75, finish: Stainless 316. Brand Hitex. Sold per Pcs.",Hitex,All Items > Hardware > Hex Bolt,Pcs,"[{""uom"":""Pcs"",""conversion_factor"":1.0},{""uom"":""Carton"",""conversion_factor"":6.0}]",988107239422,,0,40,85.14
ACM-MASK0698,Stallion Masking Tape 12mm General,"Masking Tape 12mm, grade: General. Brand Stallion. Sold per Roll.",Stallion,All Items > Hardware > Masking Tape,Roll,"[{""uom"":""Roll"",""conversion_factor"":1.0},{""uom"":""Carton"",""conversion_factor"":100.0}]",,,0,40,210.79
ACM-BALL0258,"Tolsen Ball Valve 1-1/4"" SS304","Ball Valve 1-1/4"", material: SS304. Brand Tolsen. Sold per Nos.",Tolsen,All Items > Hardware > Ball Valve,Nos,"[{""uom"":""Nos"",""conversion_factor"":1.0},{""uom"":""Carton"",""conversion_factor"":6.0}]",914070597462,TOL210208,0,0,16.24
ACM-WALL0101,Kanto Wall Plug 12mm Blue,"Wall Plug 12mm, colour: Blue. Brand Kanto. Sold per Packet.",Kanto,All Items > Hardware > Wall Plug,Packet,"[{""uom"":""Packet"",""conversion_factor"":1.0},{""uom"":""Carton"",""conversion_factor"":10.0}]",,KAN208335,0,900,158.68
ACM-PVCP0609,Vermont PVC Pipe 32mm Class D,"PVC Pipe 32mm, grade: Class D. Brand Vermont. Sold per Length.",Vermont,All Items > Hardware > PVC Pipe,Length,"[{""uom"":""Length"",""conversion_factor"":1.0}]",,,0,40,109.29
ACM-PVCP0692,Bosco PVC Pipe 32mm Class D,"PVC Pipe 32mm, grade: Class D. Brand Bosco. Sold per Length.",Bosco,All Items > Hardware > PVC Pipe,Length,"[{""uom"":""Length"",""conversion_factor"":1.0}]",,BOS028083,0,12,14.45
ACM-HEXB1086,Bosco Hex Bolt M10x50 Stainless 304,"Hex Bolt M10x50, finish: Stainless 304. Brand Bosco. Sold per Pcs.",Bosco,All Items > Hardware > Hex Bolt,Pcs,"[{""uom"":""Pcs"",""conversion_factor"":1.0},{""uom"":""Carton"",""conversion_factor"":12.0}]",967370002629,,0,150,157.14
ACM-PVCP1077,Bosco PVC Pipe 32mm Class E,"PVC Pipe 32mm, grade: Class E. Brand Bosco. Sold per Length.",Bosco,All Items > Hardware > PVC Pipe,Length,"[{""uom"":""Length"",""conversion_factor"":1.0}]",,BOS939533,0,150,93.27
ACM-BALL0812,"Stallion Ball Valve 1/2"" PVC","Ball Valve 1/2"", material: PVC. Brand Stallion. Sold per Nos.",Stallion,All Items > Hardware > Ball Valve,Nos,"[{""uom"":""Nos"",""conversion_factor"":1.0},{""uom"":""Carton"",""conversion_factor"":10.0}]",,,0,40,167.52
ACM-NITR0610,Hitex Nitrile Glove L Black,"Nitrile Glove L, colour: Black. Brand Hitex. Sold per Box.",Hitex,All Items > Hardware > Nitrile Glove,Box,"[{""uom"":""Box"",""conversion_factor"":1.0}]",912911067970,HIT461570,0,900,93.56
ACM-BALL0354,"Remax Ball Valve 3/4"" SS304","Ball Valve 3/4"", material: SS304. Brand Remax. Sold per Nos.",Remax,All Items > Hardware > Ball Valve,Nos,"[{""uom"":""Nos"",""conversion_factor"":1.0},{""uom"":""Carton"",""conversion_factor"":6.0}]",905173699625,REM463094,0,3,319.13
ACM-HEXB0041,Stallion Hex Bolt M10x50 Zinc Plated,"Hex Bolt M10x50, finish: Zinc Plated. Brand Stallion. Sold per Pcs.",Stallion,All Items > Hardware > Hex Bolt,Pcs,"[{""uom"":""Pcs"",""conversion_factor"":1.0},{""uom"":""Carton"",""conversion_factor"":10.0}]",983430846807,,0,0,278.27
ACM-ANGL0411,"Hitex Angle Grinder Disc 4.5"" Flap","Angle Grinder Disc 4.5"", grade: Flap. Brand Hitex. Sold per Packet.",Hitex,All Items > Hardware > Angle Grinder Disc,Packet,"[{""uom"":""Packet"",""conversion_factor"":1.0},{""uom"":""Carton"",""conversion_factor"":10.0}]",999239515350,,0,150,423.13
ACM-ANGL0886,"Kanto Angle Grinder Disc 7"" Grinding","Angle Grinder Disc 7"", grade: Grinding. Brand Kanto. Sold per Packet.",Kanto,All Items > Hardware > Angle Grinder Disc,Packet,"[{""uom"":""Packet"",""conversion_factor"":1.0},{""uom"":""Carton"",""conversion_factor"":10.0}]",,,0,150,369.24
ACM-NITR0707,Stallion Nitrile Glove XL Black,"Nitrile Glove XL, colour: Black. Brand Stallion. Sold per Box.",Stallion,All Items > Hardware > Nitrile Glove,Box,"[{""uom"":""Box"",""conversion_factor"":1.0}]",977430848268,STA591781,0,150,472.24
ACM-BALL0551,"Bosco Ball Valve 1-1/4"" Brass","Ball Valve 1-1/4"", material: Brass. Brand Bosco. Sold per Nos.",Bosco,All Items > Hardware > Ball Valve,Nos,"[{""uom"":""Nos"",""conversion_factor"":1.0},{""uom"":""Carton"",""conversion_factor"":6.0}]",,BOS701720,0,3,368.09
ACM-HEXB0747,Remax Hex Bolt M6x50 HDG,"Hex Bolt M6x50, finish: HDG. Brand Remax. Sold per Pcs.",Remax,All Items > Hardware > Hex Bolt,Pcs,"[{""uom"":""Pcs"",""conversion_factor"":1.0},{""uom"":""Carton"",""conversion_factor"":100.0}]",980552248332,,0,12,318.59
ACM-NITR0425,Hitex Nitrile Glove M Black,"Nitrile Glove M, colour: Black. Brand Hitex. Sold per Box.",Hitex,All Items > Hardware > Nitrile Glove,Box,"[{""uom"":""Box"",""conversion_factor"":1.0}]",932376107166,HIT145703,0,40,22.81
ACM-CABL0468,Hitex Cable Tie 200mm Black,"Cable Tie 200mm, colour: Black. Brand Hitex. Sold per Packet.",Hitex,All Items > Hardware > Cable Tie,Packet,"[{""uom"":""Packet"",""conversion_factor"":1.0},{""uom"":""Carton"",""conversion_factor"":100.0}]",912799207707,,0,150,73.52
ACM-ANGL0753,"Remax Angle Grinder Disc 4"" Flap","Angle Grinder Disc 4"", grade: Flap. Brand Remax. Sold per Packet.",Remax,All Items > Hardware > Angle Grinder Disc,Packet,"[{""uom"":""Packet"",""conversion_factor"":1.0},{""uom"":""Carton"",""conversion_factor"":50.0}]",987194839546,,0,900,48.57
ACM-SELF0746,"Kanto Self Drilling Screw #12 x 2"" Zinc Plated","Self Drilling Screw #12 x 2"", finish: Zinc Plated. Brand Kanto. Sold per Packet.",Kanto,All Items > Hardware > Self Drilling Screw,Packet,"[{""uom"":""Packet"",""conversion_factor"":1.0},{""uom"":""Carton"",""conversion_factor"":6.0}]",,,0,40,294.14
ACM-HEXB0943,Remax Hex Bolt M12x60 Stainless 316,"Hex Bolt M12x60, finish: Stainless 316. Brand Remax. Sold per Pcs.",Remax,All Items > Hardware > Hex Bolt,Pcs,"[{""uom"":""Pcs"",""conversion_factor"":1.0},{""uom"":""Carton"",""conversion_factor"":6.0}]",,REM082133,0,3,213.1
ACM-BALL0797,"Bosco Ball Valve 3/4"" SS304","Ball Valve 3/4"", material: SS304. Brand Bosco. Sold per Nos.",Bosco,All Items > Hardware > Ball Valve,Nos,"[{""uom"":""Nos"",""conversion_factor"":1.0},{""uom"":""Carton"",""conversion_factor"":12.0}]",,BOS234511,0,150,137.99
ACM-MASK0286B,Tolsen Masking Tape 24mm High Temp (Bulk),"Masking Tape 24mm, grade: High Temp. Brand Tolsen. Sold per Roll.",Tolsen,All Items > Hardware > Masking Tape,Roll,"[{""uom"":""Roll"",""conversion_factor"":1.0},{""uom"":""Carton"",""conversion_factor"":144.0}]",983888250865,,0,150,32.52
ACM-CABL0545,Remax Cable Tie 150mm Natural,"Cable Tie 150mm, colour: Natural. Brand Remax. Sold per Packet.",Remax,All Items > Hardware > Cable Tie,Packet,"[{""uom"":""Packet"",""conversion_factor"":1.0},{""uom"":""Carton"",""conversion_factor"":50.0}]",972713566301,REM245672,0,900,363.56
ACM-HEXB0266,Vermont Hex Bolt M12x60 Stainless 316,"Hex Bolt M12x60, finish: Stainless 316. Brand Vermont. Sold per Pcs.",Vermont,All Items > Hardware > Hex Bolt,Pcs,"[{""uom"":""Pcs"",""conversion_factor"":1.0},{""uom"":""Carton"",""conversion_factor"":100.0}]",982773645457,VER005135,0,0,457.53
ACM-HEXB0198,Vermont Hex Bolt M8x30 HDG,"Hex Bolt M8x30, finish: HDG. Brand Vermont. Sold per Pcs.",Vermont,All Items > Hardware > Hex Bolt,Pcs,"[{""uom"":""Pcs"",""conversion_factor"":1.0},{""uom"":""Carton"",""conversion_factor"":12.0}]",,,0,3,353.06
ACM-ANGL0544,"Stallion Angle Grinder Disc 5"" Cutting","Angle Grinder Disc 5"", grade: Cutting. Brand Stallion. Sold per Packet.",Stallion,All Items > Hardware > Angle Grinder Disc,Packet,"[{""uom"":""Packet"",""conversion_factor"":1.0},{""uom"":""Carton"",""conversion_factor"":50.0}]",,,0,150,191.94
ACM-HOSE0428,Vermont Hose Clip 19-25mm Zinc,"Hose Clip 19-25mm, material: Zinc. Brand Vermont. Sold per Pcs.",Vermont,All Items > Hardware > Hose Clip,Pcs,"[{""uom"":""Pcs"",""conversion_factor"":1.0},{""uom"":""Carton"",""conversion_factor"":50.0}]",904247376888,,0,40,475.2
ACM-MISC000,SAMPLE - DO NOT SELL,,,All Items > Hardware > Misc,Nos,"[{""uom"": ""Nos"", ""conversion_factor"": 1.0}]",,,0,0,0.0
ACM-SAFE0152,Remax Safety Helmet Blue Ratchet,"Safety Helmet Blue, grade: Ratchet. Brand Remax. Sold per Nos.",Remax,All Items > Hardware > Safety Helmet,Nos,"[{""uom"":""Nos"",""conversion_factor"":1.0},{""uom"":""Carton"",""conversion_factor"":6.0}]",,,0,3,291.81
ACM-HEXB0476,Bosco Hex Bolt M12x60 Zinc Plated,"Hex Bolt M12x60, finish: Zinc Plated. Brand Bosco. Sold per Pcs.",Bosco,All Items > Hardware > Hex Bolt,Pcs,"[{""uom"":""Pcs"",""conversion_factor"":1.0},{""uom"":""Carton"",""conversion_factor"":6.0}]",,BOS407017,0,3,275.75
ACM-BALL0042,"Tolsen Ball Valve 1"" SS304","Ball Valve 1"", material: SS304. Brand Tolsen. Sold per Nos.",Tolsen,All Items > Hardware > Ball Valve,Nos,"[{""uom"":""Nos"",""conversion_factor"":1.0},{""uom"":""Carton"",""conversion_factor"":6.0}]",910119084941,,0,150,371.02
ACM-BALL0763,"Kanto Ball Valve 2"" PVC","Ball Valve 2"", material: PVC. Brand Kanto. Sold per Nos.",Kanto,All Items > Hardware > Ball Valve,Nos,"[{""uom"":""Nos"",""conversion_factor"":1.0},{""uom"":""Carton"",""conversion_factor"":50.0}]",,KAN310863,0,12,151.56
ACM-HOSE0645,Remax Hose Clip 19-25mm SS304,"Hose Clip 19-25mm, material: SS304. Brand Remax. Sold per Pcs.",Remax,All Items > Hardware > Hose Clip,Pcs,"[{""uom"":""Pcs"",""conversion_factor"":1.0},{""uom"":""Carton"",""conversion_factor"":100.0}]",,,0,40,24.04
ACM-HEXB0201,Bosco Hex Bolt M8x75 Stainless 316,"Hex Bolt M8x75, finish: Stainless 316. Brand Bosco. Sold per Pcs.",Bosco,All Items > Hardware > Hex Bolt,Pcs,"[{""uom"":""Pcs"",""conversion_factor"":1.0},{""uom"":""Carton"",""conversion_factor"":6.0}]",939401540528,,0,12,458.18
ACM-WALL0898,Hitex Wall Plug 8mm Brown,"Wall Plug 8mm, colour: Brown. Brand Hitex. Sold per Packet.",Hitex,All Items > Hardware > Wall Plug,Packet,"[{""uom"":""Packet"",""conversion_factor"":1.0},{""uom"":""Carton"",""conversion_factor"":100.0}]",,HIT926494,0,3,448.23
ACM-HEXB1033,Remax Hex Bolt M10x75 HDG,"Hex Bolt M10x75, finish: HDG. Brand Remax. Sold per Pcs.",Remax,All Items > Hardware > Hex Bolt,Pcs,"[{""uom"":""Pcs"",""conversion_factor"":1.0},{""uom"":""Carton"",""conversion_factor"":100.0}]",995426213862,,0,3,376.05
ACM-HEXB0951,Hitex Hex Bolt M8x50 Stainless 304,"Hex Bolt M8x50, finish: Stainless 304. Brand Hitex. Sold per Pcs.",Hitex,All Items > Hardware > Hex Bolt,Pcs,"[{""uom"":""Pcs"",""conversion_factor"":1.0},{""uom"":""Carton"",""conversion_factor"":100.0}]",,,0,12,266.91
ACM-WALL0494,Stallion Wall Plug 8mm Blue,"Wall Plug 8mm, colour: Blue. Brand Stallion. Sold per Packet.",Stallion,All Items > Hardware > Wall Plug,Packet,"[{""uom"":""Packet"",""conversion_factor"":1.0},{""uom"":""Carton"",""conversion_factor"":6.0}]",,,0,12,371.92
ACM-BALL0413,"Stallion Ball Valve 1"" SS304","Ball Valve 1"", material: SS304. Brand Stallion. Sold per Nos.",Stallion,All Items > Hardware > Ball Valve,Nos,"[{""uom"":""Nos"",""conversion_factor"":1.0},{""uom"":""Carton"",""conversion_factor"":6.0}]",,STA462643,0,0,266.37
ACM-WALL0003,Vermont Wall Plug 6mm Red,"Wall Plug 6mm, colour: Red. Brand Vermont. Sold per Packet.",Vermont,All Items > Hardware > Wall Plug,Packet,"[{""uom"":""Packet"",""conversion_factor"":1.0},{""uom"":""Carton"",""conversion_factor"":50.0}]",991263627409,,0,40,327.41
ACM-PVCP0563,Vermont PVC Pipe 15mm Class D,"PVC Pipe 15mm, grade: Class D. Brand Vermont. Sold per Length.",Vermont,All Items > Hardware > PVC Pipe,Length,"[{""uom"":""Length"",""conversion_factor"":1.0}]",,VER933346,0,3,154.48
ACM-HEXB0554,Bosco Hex Bolt M10x50 Stainless 316,"Hex Bolt M10x50, finish: Stainless 316. Brand Bosco. Sold per Pcs.",Bosco,All Items > Hardware > Hex Bolt,Pcs,"[{""uom"":""Pcs"",""conversion_factor"":1.0},{""uom"":""Carton"",""conversion_factor"":24.0}]",,,0,150,395.38
ACM-ANGL0040,"Kanto Angle Grinder Disc 5"" Flap","Angle Grinder Disc 5"", grade: Flap. Brand Kanto. Sold per Packet.",Kanto,All Items > Hardware > Angle Grinder Disc,Packet,"[{""uom"":""Packet"",""conversion_factor"":1.0},{""uom"":""Carton"",""conversion_factor"":24.0}]",993167811336,KAN644456,0,40,86.36
ACM-NITR0715,Kanto Nitrile Glove S Blue,"Nitrile Glove S, colour: Blue. Brand Kanto. Sold per Box.",Kanto,All Items > Hardware > Nitrile Glove,Box,"[{""uom"":""Box"",""conversion_factor"":1.0}]",,KAN713346,0,3,411.26
ACM-HOSE0857,Kanto Hose Clip 19-25mm SS304,"Hose Clip 19-25mm, material: SS304. Brand Kanto. Sold per Pcs.",Kanto,All Items > Hardware > Hose Clip,Pcs,"[{""uom"":""Pcs"",""conversion_factor"":1.0},{""uom"":""Carton"",""conversion_factor"":12.0}]",972337636556,KAN745319,0,150,169.18
ACM-SAFE0483,Bosco Safety Helmet Yellow Ratchet,"Safety Helmet Yellow, grade: Ratchet. Brand Bosco. Sold per Nos.",Bosco,All Items > Hardware > Safety Helmet,Nos,"[{""uom"":""Nos"",""conversion_factor"":1.0},{""uom"":""Carton"",""conversion_factor"":50.0}]",,,0,40,405.29
ACM-PVCP0306,Bosco PVC Pipe 25mm Class C,"PVC Pipe 25mm, grade: Class C. Brand Bosco. Sold per Length.",Bosco,All Items > Hardware > PVC Pipe,Length,"[{""uom"":""Length"",""conversion_factor"":1.0}]",,BOS242903,0,0,128.7
ACM-GIWI0516,Vermont GI Wire #16 Soft,"GI Wire #16, grade: Soft. Brand Vermont. Sold per Kg.",Vermont,All Items > Hardware > GI Wire,Kg,"[{""uom"":""Kg"",""conversion_factor"":1.0}]",,,0,150,299.45
ACM-GIWI0703,Stallion GI Wire #14 Soft,"GI Wire #14, grade: Soft. Brand Stallion. Sold per Kg.",Stallion,All Items > Hardware > GI Wire,Kg,"[{""uom"":""Kg"",""conversion_factor"":1.0}]",908122325123,,0,40,40.66
ACM-HEXB0991,Stallion Hex Bolt M12x60 Stainless 304,"Hex Bolt M12x60, finish: Stainless 304. Brand Stallion. Sold per Pcs.",Stallion,All Items > Hardware > Hex Bolt,Pcs,"[{""uom"":""Pcs"",""conversion_factor"":1.0},{""uom"":""Carton"",""conversion_factor"":24.0}]",,STA657166,0,12,226.73
ACM-NITR0293,Tolsen Nitrile Glove S Blue,"Nitrile Glove S, colour: Blue. Brand Tolsen. Sold per Box.",Tolsen,All Items > Hardware > Nitrile Glove,Box,"[{""uom"":""Box"",""conversion_factor"":1.0}]",917192088703,TOL091952,0,150,74.05
ACM-HEXB1047,Bosco Hex Bolt M6x30 Zinc Plated,"Hex Bolt M6x30, finish: Zinc Plated. Brand Bosco. Sold per Pcs.",Bosco,All Items > Hardware > Hex Bolt,Pcs,"[{""uom"":""Pcs"",""conversion_factor"":1.0},{""uom"":""Carton"",""conversion_factor"":6.0}]",,,0,40,306.24
ACM-BALL0879,"Vermont Ball Valve 1/2"" Brass","Ball Valve 1/2"", material: Brass. Brand Vermont. Sold per Nos.",Vermont,All Items > Hardware > Ball Valve,Nos,"[{""uom"":""Nos"",""conversion_factor"":1.0},{""uom"":""Carton"",""conversion_factor"":10.0}]",916710177230,VER303092,0,12,276.96
ACM-HEXB0900,Stallion Hex Bolt M8x30 Stainless 304,"Hex Bolt M8x30, finish: Stainless 304. Brand Stallion. Sold per Pcs.",Stallion,All Items > Hardware > Hex Bolt,Pcs,"[{""uom"":""Pcs"",""conversion_factor"":1.0},{""uom"":""Carton"",""conversion_factor"":12.0}]",980416225702,,0,0,306.47
ACM-NITR0492,Bosco Nitrile Glove XL Black,"Nitrile Glove XL, colour: Black. Brand Bosco. Sold per Box.",Bosco,All Items > Hardware > Nitrile Glove,Box,"[{""uom"":""Box"",""conversion_factor"":1.0}]",928388224990,BOS822848,0,0,230.07
ACM-HOSE0440,Stallion Hose Clip 13-19mm Zinc,"Hose Clip 13-19mm, material: Zinc. Brand Stallion. Sold per Pcs.",Stallion,All Items > Hardware > Hose Clip,Pcs,"[{""uom"":""Pcs"",""conversion_factor"":1.0},{""uom"":""Carton"",""conversion_factor"":24.0}]",962513874094,STA766224,0,40,245.36
ACM-GIWI0811-OLD,Vermont GI Wire #18 Soft,"GI Wire #18, grade: Soft. Brand Vermont. Sold per Kg. (superseded)",Vermont,All Items > Hardware > GI Wire,Kg,"[{""uom"":""Kg"",""conversion_factor"":1.0}]",904985594071,VER040975,1,0,104.88
ACM-CABL0382,Remax Cable Tie 370mm Black,"Cable Tie 370mm, colour: Black. Brand Remax. Sold per Packet.",Remax,All Items > Hardware > Cable Tie,Packet,"[{""uom"":""Packet"",""conversion_factor"":1.0},{""uom"":""Carton"",""conversion_factor"":100.0}]",951379315142,,0,40,400.6
ACM-CABL0199,Bosco Cable Tie 100mm Natural,"Cable Tie 100mm, colour: Natural. Brand Bosco. Sold per Packet.",Bosco,All Items > Hardware > Cable Tie,Packet,"[{""uom"":""Packet"",""conversion_factor"":1.0},{""uom"":""Carton"",""conversion_factor"":12.0}]",954849916283,BOS283190,0,40,147.14
ACM-HOSE0106,Hitex Hose Clip 19-25mm SS304,"Hose Clip 19-25mm, material: SS304. Brand Hitex. Sold per Pcs.",Hitex,All Items > Hardware > Hose Clip,Pcs,"[{""uom"":""Pcs"",""conversion_factor"":1.0},{""uom"":""Carton"",""conversion_factor"":50.0}]",935228307399,,0,150,78.05
ACM-PVCP0912,Hitex PVC Pipe 40mm Class C,"PVC Pipe 40mm, grade: Class C. Brand Hitex. Sold per Length.",Hitex,All Items > Hardware > PVC Pipe,Length,"[{""uom"":""Length"",""conversion_factor"":1.0}]",,,0,40,135.23
ACM-SAFE0019,Bosco Safety Helmet White Ratchet,"Safety Helmet White, grade: Ratchet. Brand Bosco. Sold per Nos.",Bosco,All Items > Hardware > Safety Helmet,Nos,"[{""uom"":""Nos"",""conversion_factor"":1.0},{""uom"":""Carton"",""conversion_factor"":12.0}]",979347524542,,0,12,158.53
ACM-CABL0588,Bosco Cable Tie 370mm Black,"Cable Tie 370mm, colour: Black. Brand Bosco. Sold per Packet.",Bosco,All Items > Hardware > Cable Tie,Packet,"[{""uom"":""Packet"",""conversion_factor"":1.0},{""uom"":""Carton"",""conversion_factor"":10.0}]",974469784597,,0,3,134.77
ACM-ANGL1015,"Bosco Angle Grinder Disc 4"" Cutting","Angle Grinder Disc 4"", grade: Cutting. Brand Bosco. Sold per Packet.",Bosco,All Items > Hardware > Angle Grinder Disc,Packet,"[{""uom"":""Packet"",""conversion_factor"":1.0},{""uom"":""Carton"",""conversion_factor"":24.0}]",915819305375,,0,0,225.81
ACM-PVCP0643,Stallion PVC Pipe 25mm Class E,"PVC Pipe 25mm, grade: Class E. Brand Stallion. Sold per Length.",Stallion,All Items > Hardware > PVC Pipe,Length,"[{""uom"":""Length"",""conversion_factor"":1.0}]",901474316933,STA848947,0,0,394.28
ACM-ANGL1071,"Tolsen Angle Grinder Disc 5"" Cutting","Angle Grinder Disc 5"", grade: Cutting. Brand Tolsen. Sold per Packet.",Tolsen,All Items > Hardware > Angle Grinder Disc,Packet,"[{""uom"":""Packet"",""conversion_factor"":1.0},{""uom"":""Carton"",""conversion_factor"":10.0}]",,TOL652151,0,12,192.39
ACM-SAFE0670,Tolsen Safety Helmet White Ratchet,"Safety Helmet White, grade: Ratchet. Brand Tolsen. Sold per Nos.",Tolsen,All Items > Hardware > Safety Helmet,Nos,"[{""uom"":""Nos"",""conversion_factor"":1.0},{""uom"":""Carton"",""conversion_factor"":24.0}]",961195242650,TOL771146,0,150,375.26
ACM-ANGL0280,"Hitex Angle Grinder Disc 7"" Flap","Angle Grinder Disc 7"", grade: Flap. Brand Hitex. Sold per Packet.",Hitex,All Items > Hardware > Angle Grinder Disc,Packet,"[{""uom"":""Packet"",""conversion_factor"":1.0},{""uom"":""Carton"",""conversion_factor"":6.0}]",,,0,150,98.18
ACM-BALL0954-OLD,"Vermont Ball Valve 3/4"" SS304","Ball Valve 3/4"", material: SS304. Brand Vermont. Sold per Nos. (superseded)",Vermont,All Items > Hardware > Ball Valve,Nos,"[{""uom"":""Nos"",""conversion_factor"":1.0},{""uom"":""Carton"",""conversion_factor"":12.0}]",,,1,0,421.99
ACM-MASK0291,Stallion Masking Tape 18mm High Temp,"Masking Tape 18mm, grade: High Temp. Brand Stallion. Sold per Roll.",Stallion,All Items > Hardware > Masking Tape,Roll,"[{""uom"":""Roll"",""conversion_factor"":1.0},{""uom"":""Carton"",""conversion_factor"":6.0}]",,,0,900,96.63
ACM-HOSE0102,Kanto Hose Clip 19-25mm Zinc,"Hose Clip 19-25mm, material: Zinc. Brand Kanto. Sold per Pcs.",Kanto,All Items > Hardware > Hose Clip,Pcs,"[{""uom"":""Pcs"",""conversion_factor"":1.0},{""uom"":""Carton"",""conversion_factor"":24.0}]",911273534668,,0,0,39.77
ACM-HEXB0781,Stallion Hex Bolt M10x75 Stainless 316,"Hex Bolt M10x75, finish: Stainless 316. Brand Stallion. Sold per Pcs.",Stallion,All Items > Hardware > Hex Bolt,Pcs,"[{""uom"":""Pcs"",""conversion_factor"":1.0},{""uom"":""Carton"",""conversion_factor"":50.0}]",978392081826,,0,900,370.48
ACM-BALL0001,"Bosco Ball Valve 1-1/4"" SS304","Ball Valve 1-1/4"", material: SS304. Brand Bosco. Sold per Nos.",Bosco,All Items > Hardware > Ball Valve,Nos,"[{""uom"":""Nos"",""conversion_factor"":1.0},{""uom"":""Carton"",""conversion_factor"":6.0}]",967624250209,BOS170168,0,150,166.32
ACM-CABL0021,Stallion Cable Tie 150mm Black,"Cable Tie 150mm, colour: Black. Brand Stallion. Sold per Packet.",Stallion,All Items > Hardware > Cable Tie,Packet,"[{""uom"":""Packet"",""conversion_factor"":1.0},{""uom"":""Carton"",""conversion_factor"":100.0}]",,STA024688,0,12,363.01
ACM-CABL0300,Hitex Cable Tie 450mm White,"Cable Tie 450mm, colour: White. Brand Hitex. Sold per Packet.",Hitex,All Items > Hardware > Cable Tie,Packet,"[{""uom"":""Packet"",""conversion_factor"":1.0},{""uom"":""Carton"",""conversion_factor"":50.0}]",,HIT505640,0,900,132.93
ACM-BALL0196,"Stallion Ball Valve 1"" PVC","Ball Valve 1"", material: PVC. Brand Stallion. Sold per Nos.",Stallion,All Items > Hardware > Ball Valve,Nos,"[{""uom"":""Nos"",""conversion_factor"":1.0},{""uom"":""Carton"",""conversion_factor"":12.0}]",947620774374,,0,12,452.14
ACM-SAFE0474,Vermont Safety Helmet Blue Ratchet,"Safety Helmet Blue, grade: Ratchet. Brand Vermont. Sold per Nos.",Vermont,All Items > Hardware > Safety Helmet,Nos,"[{""uom"":""Nos"",""conversion_factor"":1.0},{""uom"":""Carton"",""conversion_factor"":24.0}]",966079904120,VER006423,0,12,470.65
ACM-SAFE0847-OLD,Tolsen Safety Helmet Red Ratchet,"Safety Helmet Red, grade: Ratchet. Brand Tolsen. Sold per Nos. (superseded)",Tolsen,All Items > Hardware > Safety Helmet,Nos,"[{""uom"":""Nos"",""conversion_factor"":1.0},{""uom"":""Carton"",""conversion_factor"":6.0}]",992689274226,TOL795308,1,0,363.05
ACM-HEXB0932,Hitex Hex Bolt M12x60 Stainless 316,"Hex Bolt M12x60, finish: Stainless 316. Brand Hitex. Sold per Pcs.",Hitex,All Items > Hardware > Hex Bolt,Pcs,"[{""uom"":""Pcs"",""conversion_factor"":1.0},{""uom"":""Carton"",""conversion_factor"":12.0}]",,,0,40,157.37
ACM-ANGL0502,"Bosco Angle Grinder Disc 7"" Grinding","Angle Grinder Disc 7"", grade: Grinding. Brand Bosco. Sold per Packet.",Bosco,All Items > Hardware > Angle Grinder Disc,Packet,"[{""uom"":""Packet"",""conversion_factor"":1.0},{""uom"":""Carton"",""conversion_factor"":10.0}]",,BOS410540,0,0,135.66
ACM-HOSE0814,Kanto Hose Clip 38-50mm SS304,"Hose Clip 38-50mm, material: SS304. Brand Kanto. Sold per Pcs.",Kanto,All Items > Hardware > Hose Clip,Pcs,"[{""uom"":""Pcs"",""conversion_factor"":1.0},{""uom"":""Carton"",""conversion_factor"":6.0}]",,KAN329399,0,0,170.78
ACM-SELF0318,"Hitex Self Drilling Screw #8 x 1"" Zinc Plated","Self Drilling Screw #8 x 1"", finish: Zinc Plated. Brand Hitex. Sold per Packet.",Hitex,All Items > Hardware > Self Drilling Screw,Packet,"[{""uom"":""Packet"",""conversion_factor"":1.0},{""uom"":""Carton"",""conversion_factor"":24.0}]",,,0,900,170.93
ACM-MASK0127,Hitex Masking Tape 24mm General,"Masking Tape 24mm, grade: General. Brand Hitex. Sold per Roll.",Hitex,All Items > Hardware > Masking Tape,Roll,"[{""uom"":""Roll"",""conversion_factor"":1.0},{""uom"":""Carton"",""conversion_factor"":10.0}]",,,0,0,255.49
ACM-SAFE0919,Tolsen Safety Helmet Yellow Standard,"Safety Helmet Yellow, grade: Standard. Brand Tolsen. Sold per Nos.",Tolsen,All Items > Hardware > Safety Helmet,Nos,"[{""uom"":""Nos"",""conversion_factor"":1.0},{""uom"":""Carton"",""conversion_factor"":24.0}]",,,0,40,54.85
ACM-PVCP0284,Bosco PVC Pipe 15mm Class C,"PVC Pipe 15mm, grade: Class C. Brand Bosco. Sold per Length.",Bosco,All Items > Hardware > PVC Pipe,Length,"[{""uom"":""Length"",""conversion_factor"":1.0}]",902370889045,,0,0,333.79
ACM-HEXB0206,Kanto Hex Bolt M8x30 Zinc Plated,"Hex Bolt M8x30, finish: Zinc Plated. Brand Kanto. Sold per Pcs.",Kanto,All Items > Hardware > Hex Bolt,Pcs,"[{""uom"":""Pcs"",""conversion_factor"":1.0},{""uom"":""Carton"",""conversion_factor"":100.0}]",968326857377,,0,900,464.05
ACM-MASK0183,Kanto Masking Tape 24mm General,"Masking Tape 24mm, grade: General. Brand Kanto. Sold per Roll.",Kanto,All Items > Hardware > Masking Tape,Roll,"[{""uom"":""Roll"",""conversion_factor"":1.0},{""uom"":""Carton"",""conversion_factor"":12.0}]",,,0,12,145.66
ACM-HOSE0927,Remax Hose Clip 25-38mm Zinc,"Hose Clip 25-38mm, material: Zinc. Brand Remax. Sold per Pcs.",Remax,All Items > Hardware > Hose Clip,Pcs,"[{""uom"":""Pcs"",""conversion_factor"":1.0},{""uom"":""Carton"",""conversion_factor"":12.0}]",,,0,3,26.35
ACM-SELF0720,"Stallion Self Drilling Screw #10 x 1"" Stainless 410","Self Drilling Screw #10 x 1"", finish: Stainless 410. Brand Stallion. Sold per Packet.",Stallion,All Items > Hardware > Self Drilling Screw,Packet,"[{""uom"":""Packet"",""conversion_factor"":1.0},{""uom"":""Carton"",""conversion_factor"":10.0}]",951070585027,,0,3,442.19
ACM-HEXB0103,Kanto Hex Bolt M12x60 Stainless 304,"Hex Bolt M12x60, finish: Stainless 304. Brand Kanto. Sold per Pcs.",Kanto,All Items > Hardware > Hex Bolt,Pcs,"[{""uom"":""Pcs"",""conversion_factor"":1.0},{""uom"":""Carton"",""conversion_factor"":12.0}]",,,0,12,165.72
ACM-WALL1079,Kanto Wall Plug 10mm Brown,"Wall Plug 10mm, colour: Brown. Brand Kanto. Sold per Packet.",Kanto,All Items > Hardware > Wall Plug,Packet,"[{""uom"":""Packet"",""conversion_factor"":1.0},{""uom"":""Carton"",""conversion_factor"":10.0}]",947308123603,,0,40,73.41
ACM-BALL0740,"Remax Ball Valve 1-1/4"" PVC","Ball Valve 1-1/4"", material: PVC. Brand Remax. Sold per Nos.",Remax,All Items > Hardware > Ball Valve,Nos,"[{""uom"":""Nos"",""conversion_factor"":1.0},{""uom"":""Carton"",""conversion_factor"":100.0}]",,REM889162,0,12,476.69
ACM-HEXB0807,Stallion Hex Bolt M8x50 Zinc Plated,"Hex Bolt M8x50, finish: Zinc Plated. Brand Stallion. Sold per Pcs.",Stallion,All Items > Hardware > Hex Bolt,Pcs,"[{""uom"":""Pcs"",""conversion_factor"":1.0},{""uom"":""Carton"",""conversion_factor"":12.0}]",929600041007,STA502791,0,12,92.27
ACM-ANGL0942,"Bosco Angle Grinder Disc 5"" Grinding","Angle Grinder Disc 5"", grade: Grinding. Brand Bosco. Sold per Packet.",Bosco,All Items > Hardware > Angle Grinder Disc,Packet,"[{""uom"":""Packet"",""conversion_factor"":1.0},{""uom"":""Carton"",""conversion_factor"":100.0}]",,,0,900,98.73
ACM-HEXB0506,Kanto Hex Bolt M12x60 Stainless 316,"Hex Bolt M12x60, finish: Stainless 316. Brand Kanto. Sold per Pcs.",Kanto,All Items > Hardware > Hex Bolt,Pcs,"[{""uom"":""Pcs"",""conversion_factor"":1.0},{""uom"":""Carton"",""conversion_factor"":24.0}]",,KAN965649,0,150,112.43
ACM-WALL0398,Bosco Wall Plug 12mm Blue,"Wall Plug 12mm, colour: Blue. Brand Bosco. Sold per Packet.",Bosco,All Items > Hardware > Wall Plug,Packet,"[{""uom"":""Packet"",""conversion_factor"":1.0},{""uom"":""Carton"",""conversion_factor"":24.0}]",938845496100,BOS943644,0,0,308.9
ACM-ANGL0036,"Hitex Angle Grinder Disc 4.5"" Cutting","Angle Grinder Disc 4.5"", grade: Cutting. Brand Hitex. Sold per Packet.",Hitex,All Items > Hardware > Angle Grinder Disc,Packet,"[{""uom"":""Packet"",""conversion_factor"":1.0},{""uom"":""Carton"",""conversion_factor"":10.0}]",972528429267,HIT730606,0,12,182.04
ACM-BALL0128,"Tolsen Ball Valve 2"" PVC","Ball Valve 2"", material: PVC. Brand Tolsen. Sold per Nos.",Tolsen,All Items > Hardware > Ball Valve,Nos,"[{""uom"":""Nos"",""conversion_factor"":1.0},{""uom"":""Carton"",""conversion_factor"":24.0}]",970887962582,TOL900791,0,12,430.74
ACM-WALL0330,Stallion Wall Plug 12mm Blue,"Wall Plug 12mm, colour: Blue. Brand Stallion. Sold per Packet.",Stallion,All Items > Hardware > Wall Plug,Packet,"[{""uom"":""Packet"",""conversion_factor"":1.0},{""uom"":""Carton"",""conversion_factor"":50.0}]",,STA672869,0,12,284.42
ACM-CABL0418,Kanto Cable Tie 370mm White,"Cable Tie 370mm, colour: White. Brand Kanto. Sold per Packet.",Kanto,All Items > Hardware > Cable Tie,Packet,"[{""uom"":""Packet"",""conversion_factor"":1.0},{""uom"":""Carton"",""conversion_factor"":10.0}]",980462898315,KAN017917,0,0,190.03
ACM-PVCP0933,Vermont PVC Pipe 40mm Class D,"PVC Pipe 40mm, grade: Class D. Brand Vermont. Sold per Length.",Vermont,All Items > Hardware > PVC Pipe,Length,"[{""uom"":""Length"",""conversion_factor"":1.0}]",906286686753,,0,150,42.59
ACM-SELF0568,"Tolsen Self Drilling Screw #12 x 2"" Zinc Plated","Self Drilling Screw #12 x 2"", finish: Zinc Plated. Brand Tolsen. Sold per Packet.",Tolsen,All Items > Hardware > Self Drilling Screw,Packet,"[{""uom"":""Packet"",""conversion_factor"":1.0},{""uom"":""Carton"",""conversion_factor"":10.0}]",941898801711,,0,12,361.4
ACM-CABL0866,Tolsen Cable Tie 300mm White,"Cable Tie 300mm, colour: White. Brand Tolsen. Sold per Packet.",Tolsen,All Items > Hardware > Cable Tie,Packet,"[{""uom"":""Packet"",""conversion_factor"":1.0},{""uom"":""Carton"",""conversion_factor"":12.0}]",949875567503,,0,3,119.4
ACM-WALL0556,Stallion Wall Plug 12mm Red,"Wall Plug 12mm, colour: Red. Brand Stallion. Sold per Packet.",Stallion,All Items > Hardware > Wall Plug,Packet,"[{""uom"":""Packet"",""conversion_factor"":1.0},{""uom"":""Carton"",""conversion_factor"":50.0}]",965895398054,STA719983,0,40,185.08
ACM-GIWI0480,Tolsen GI Wire #14 Soft,"GI Wire #14, grade: Soft. Brand Tolsen. Sold per Kg.",Tolsen,All Items > Hardware > GI Wire,Kg,"[{""uom"":""Kg"",""conversion_factor"":1.0}]",,,0,0,2.0
ACM-MISC010,DELIVERY FEE,,,All Items > Hardware > Misc,Nos,"[{""uom"": ""Nos"", ""conversion_factor"": 1.0}]",,,0,0,0.0
ACM-HEXB0630,Tolsen Hex Bolt M6x50 Stainless 304,"Hex Bolt M6x50, finish: Stainless 304. Brand Tolsen. Sold per Pcs.",Tolsen,All Items > Hardware > Hex Bolt,Pcs,"[{""uom"":""Pcs"",""conversion_factor"":1.0},{""uom"":""Carton"",""conversion_factor"":24.0}]",,,0,40,50.27
ACM-ANGL0104,"Remax Angle Grinder Disc 4"" Grinding","Angle Grinder Disc 4"", grade: Grinding. Brand Remax. Sold per Packet.",Remax,All Items > Hardware > Angle Grinder Disc,Packet,"[{""uom"":""Packet"",""conversion_factor"":1.0},{""uom"":""Carton"",""conversion_factor"":12.0}]",941427091817,,0,0,413.54
ACM-ANGL0909,"Vermont Angle Grinder Disc 5"" Grinding","Angle Grinder Disc 5"", grade: Grinding. Brand Vermont. Sold per Packet.",Vermont,All Items > Hardware > Angle Grinder Disc,Packet,"[{""uom"":""Packet"",""conversion_factor"":1.0},{""uom"":""Carton"",""conversion_factor"":6.0}]",,,0,40,135.31
ACM-SELF0469,"Tolsen Self Drilling Screw #12 x 2"" Stainless 410","Self Drilling Screw #12 x 2"", finish: Stainless 410. Brand Tolsen. Sold per Packet.",Tolsen,All Items > Hardware > Self Drilling Screw,Packet,"[{""uom"":""Packet"",""conversion_factor"":1.0},{""uom"":""Carton"",""conversion_factor"":24.0}]",945379666205,TOL838156,0,0,238.89
ACM-CABL0499,Vermont Cable Tie 150mm Black,"Cable Tie 150mm, colour: Black. Brand Vermont. Sold per Packet.",Vermont,All Items > Hardware > Cable Tie,Packet,"[{""uom"":""Packet"",""conversion_factor"":1.0},{""uom"":""Carton"",""conversion_factor"":10.0}]",925129635759,,0,0,22.25
ACM-GIWI0811,Vermont GI Wire #18 Soft,"GI Wire #18, grade: Soft. Brand Vermont. Sold per Kg.",Vermont,All Items > Hardware > GI Wire,Kg,"[{""uom"":""Kg"",""conversion_factor"":1.0}]",904985594071,VER040975,0,900,104.88
ACM-HEXB0906,Kanto Hex Bolt M12x60 Zinc Plated,"Hex Bolt M12x60, finish: Zinc Plated. Brand Kanto. Sold per Pcs.",Kanto,All Items > Hardware > Hex Bolt,Pcs,"[{""uom"":""Pcs"",""conversion_factor"":1.0},{""uom"":""Carton"",""conversion_factor"":24.0}]",915267532886,,0,900,267.38
ACM-MASK0859,Hitex Masking Tape 12mm General,"Masking Tape 12mm, grade: General. Brand Hitex. Sold per Roll.",Hitex,All Items > Hardware > Masking Tape,Roll,"[{""uom"":""Roll"",""conversion_factor"":1.0},{""uom"":""Carton"",""conversion_factor"":10.0}]",920243551662,HIT589328,0,150,214.95
ACM-MASK0558,Hitex Masking Tape 48mm General,"Masking Tape 48mm, grade: General. Brand Hitex. Sold per Roll.",Hitex,All Items > Hardware > Masking Tape,Roll,"[{""uom"":""Roll"",""conversion_factor"":1.0},{""uom"":""Carton"",""conversion_factor"":6.0}]",,,0,0,373.69
ACM-HOSE0631,Tolsen Hose Clip 13-19mm Zinc,"Hose Clip 13-19mm, material: Zinc. Brand Tolsen. Sold per Pcs.",Tolsen,All Items > Hardware > Hose Clip,Pcs,"[{""uom"":""Pcs"",""conversion_factor"":1.0},{""uom"":""Carton"",""conversion_factor"":50.0}]",930385210808,,0,12,60.5
ACM-BALL1083,"Bosco Ball Valve 1"" SS304","Ball Valve 1"", material: SS304. Brand Bosco. Sold per Nos.",Bosco,All Items > Hardware > Ball Valve,Nos,"[{""uom"":""Nos"",""conversion_factor"":1.0},{""uom"":""Carton"",""conversion_factor"":6.0}]",966885838199,,0,3,436.47
ACM-SAFE1038,Stallion Safety Helmet Blue Standard,"Safety Helmet Blue, grade: Standard. Brand Stallion. Sold per Nos.",Stallion,All Items > Hardware > Safety Helmet,Nos,"[{""uom"":""Nos"",""conversion_factor"":1.0},{""uom"":""Carton"",""conversion_factor"":50.0}]",934790730173,STA902792,0,12,102.21
ACM-HEXB1059,Vermont Hex Bolt M8x50 HDG,"Hex Bolt M8x50, finish: HDG. Brand Vermont. Sold per Pcs.",Vermont,All Items > Hardware > Hex Bolt,Pcs,"[{""uom"":""Pcs"",""conversion_factor"":1.0},{""uom"":""Carton"",""conversion_factor"":100.0}]",,,0,0,220.34
ACM-HEXB0177,Bosco Hex Bolt M10x50 Zinc Plated,"Hex Bolt M10x50, finish: Zinc Plated. Brand Bosco. Sold per Pcs.",Bosco,All Items > Hardware > Hex Bolt,Pcs,"[{""uom"":""Pcs"",""conversion_factor"":1.0},{""uom"":""Carton"",""conversion_factor"":10.0}]",906807716929,BOS767539,0,0,37.51
ACM-HEXB0395,Vermont Hex Bolt M6x30 Zinc Plated,"Hex Bolt M6x30, finish: Zinc Plated. Brand Vermont. Sold per Pcs.",Vermont,All Items > Hardware > Hex Bolt,Pcs,"[{""uom"":""Pcs"",""conversion_factor"":1.0},{""uom"":""Carton"",""conversion_factor"":24.0}]",914305397882,VER659500,0,12,52.57
ACM-BALL0999,"Vermont Ball Valve 1"" PVC","Ball Valve 1"", material: PVC. Brand Vermont. Sold per Nos.",Vermont,All Items > Hardware > Ball Valve,Nos,"[{""uom"":""Nos"",""conversion_factor"":1.0},{""uom"":""Carton"",""conversion_factor"":12.0}]",908221533305,VER641122,0,0,405.41
ACM-CABL0369,Stallion Cable Tie 150mm White,"Cable Tie 150mm, colour: White. Brand Stallion. Sold per Packet.",Stallion,All Items > Hardware > Cable Tie,Packet,"[{""uom"":""Packet"",""conversion_factor"":1.0},{""uom"":""Carton"",""conversion_factor"":50.0}]",,,0,0,109.64
ACM-HEXB0010,Stallion Hex Bolt M12x60 Stainless 316,"Hex Bolt M12x60, finish: Stainless 316. Brand Stallion. Sold per Pcs.",Stallion,All Items > Hardware > Hex Bolt,Pcs,"[{""uom"":""Pcs"",""conversion_factor"":1.0},{""uom"":""Carton"",""conversion_factor"":50.0}]",962347299935,,0,12,421.33
ACM-CABL1056,Kanto Cable Tie 300mm Black,"Cable Tie 300mm, colour: Black. Brand Kanto. Sold per Packet.",Kanto,All Items > Hardware > Cable Tie,Packet,"[{""uom"":""Packet"",""conversion_factor"":1.0},{""uom"":""Carton"",""conversion_factor"":6.0}]",,,0,900,461.18
ACM-HEXB0751,Bosco Hex Bolt M8x75 Zinc Plated,"Hex Bolt M8x75, finish: Zinc Plated. Brand Bosco. Sold per Pcs.",Bosco,All Items > Hardware > Hex Bolt,Pcs,"[{""uom"":""Pcs"",""conversion_factor"":1.0},{""uom"":""Carton"",""conversion_factor"":6.0}]",976739030293,BOS408116,0,12,112.26
ACM-HOSE0136,Bosco Hose Clip 19-25mm SS304,"Hose Clip 19-25mm, material: SS304. Brand Bosco. Sold per Pcs.",Bosco,All Items > Hardware > Hose Clip,Pcs,"[{""uom"":""Pcs"",""conversion_factor"":1.0},{""uom"":""Carton"",""conversion_factor"":100.0}]",,BOS417834,0,12,145.97
ACM-HEXB0803,Tolsen Hex Bolt M6x50 Zinc Plated,"Hex Bolt M6x50, finish: Zinc Plated. Brand Tolsen. Sold per Pcs.",Tolsen,All Items > Hardware > Hex Bolt,Pcs,"[{""uom"":""Pcs"",""conversion_factor"":1.0},{""uom"":""Carton"",""conversion_factor"":100.0}]",,,0,0,160.85
ACM-CABL0096,Hitex Cable Tie 370mm Natural,"Cable Tie 370mm, colour: Natural. Brand Hitex. Sold per Packet.",Hitex,All Items > Hardware > Cable Tie,Packet,"[{""uom"":""Packet"",""conversion_factor"":1.0},{""uom"":""Carton"",""conversion_factor"":12.0}]",933893281379,,0,900,238.91
ACM-SAFE0526,Stallion Safety Helmet Yellow Ratchet,"Safety Helmet Yellow, grade: Ratchet. Brand Stallion. Sold per Nos.",Stallion,All Items > Hardware > Safety Helmet,Nos,"[{""uom"":""Nos"",""conversion_factor"":1.0},{""uom"":""Carton"",""conversion_factor"":12.0}]",972995639477,STA431753,0,150,267.89
ACM-HEXB0224,Remax Hex Bolt M12x60 Zinc Plated,"Hex Bolt M12x60, finish: Zinc Plated. Brand Remax. Sold per Pcs.",Remax,All Items > Hardware > Hex Bolt,Pcs,"[{""uom"":""Pcs"",""conversion_factor"":1.0},{""uom"":""Carton"",""conversion_factor"":6.0}]",974304747716,,0,3,28.73
ACM-MASK0230,Tolsen Masking Tape 48mm High Temp,"Masking Tape 48mm, grade: High Temp. Brand Tolsen. Sold per Roll.",Tolsen,All Items > Hardware > Masking Tape,Roll,"[{""uom"":""Roll"",""conversion_factor"":1.0},{""uom"":""Carton"",""conversion_factor"":12.0}]",,,0,150,127.68
ACM-WALL0962,Kanto Wall Plug 8mm Brown,"Wall Plug 8mm, colour: Brown. Brand Kanto. Sold per Packet.",Kanto,All Items > Hardware > Wall Plug,Packet,"[{""uom"":""Packet"",""conversion_factor"":1.0},{""uom"":""Carton"",""conversion_factor"":12.0}]",990585750141,KAN439428,0,3,469.03
ACM-CABL0924,Hitex Cable Tie 370mm White,"Cable Tie 370mm, colour: White. Brand Hitex. Sold per Packet.",Hitex,All Items > Hardware > Cable Tie,Packet,"[{""uom"":""Packet"",""conversion_factor"":1.0},{""uom"":""Carton"",""conversion_factor"":50.0}]",900349916557,HIT333042,0,900,427.58
ACM-ANGL0234,"Bosco Angle Grinder Disc 7"" Flap","Angle Grinder Disc 7"", grade: Flap. Brand Bosco. Sold per Packet.",Bosco,All Items > Hardware > Angle Grinder Disc,Packet,"[{""uom"":""Packet"",""conversion_factor"":1.0},{""uom"":""Carton"",""conversion_factor"":12.0}]",970605067784,BOS678401,0,150,468.02
ACM-SAFE0916,Kanto Safety Helmet Blue Standard,"Safety Helmet Blue, grade: Standard. Brand Kanto. Sold per Nos.",Kanto,All Items > Hardware > Safety Helmet,Nos,"[{""uom"":""Nos"",""conversion_factor"":1.0},{""uom"":""Carton"",""conversion_factor"":12.0}]",972041279567,KAN055400,0,12,64.32
ACM-SELF0464,"Vermont Self Drilling Screw #10 x 1-1/2"" Stainless 410","Self Drilling Screw #10 x 1-1/2"", finish: Stainless 410. Brand Vermont. Sold per Packet.",Vermont,All Items > Hardware > Self Drilling Screw,Packet,"[{""uom"":""Packet"",""conversion_factor"":1.0},{""uom"":""Carton"",""conversion_factor"":50.0}]",995377629423,,0,40,59.03
ACM-SAFE0795,Vermont Safety Helmet White Standard,"Safety Helmet White, grade: Standard. Brand Vermont. Sold per Nos.",Vermont,All Items > Hardware > Safety Helmet,Nos,"[{""uom"":""Nos"",""conversion_factor"":1.0},{""uom"":""Carton"",""conversion_factor"":12.0}]",,VER104825,0,900,112.97
ACM-HEXB0518,Bosco Hex Bolt M10x50 HDG,"Hex Bolt M10x50, finish: HDG. Brand Bosco. Sold per Pcs.",Bosco,All Items > Hardware > Hex Bolt,Pcs,"[{""uom"":""Pcs"",""conversion_factor"":1.0},{""uom"":""Carton"",""conversion_factor"":100.0}]",,,0,3,458.29
ACM-ANGL0414,"Vermont Angle Grinder Disc 4"" Grinding","Angle Grinder Disc 4"", grade: Grinding. Brand Vermont. Sold per Packet.",Vermont,All Items > Hardware > Angle Grinder Disc,Packet,"[{""uom"":""Packet"",""conversion_factor"":1.0},{""uom"":""Carton"",""conversion_factor"":50.0}]",941674329396,,0,40,254.78
ACM-WALL0439,Bosco Wall Plug 12mm Red,"Wall Plug 12mm, colour: Red. Brand Bosco. Sold per Packet.",Bosco,All Items > Hardware > Wall Plug,Packet,"[{""uom"":""Packet"",""conversion_factor"":1.0},{""uom"":""Carton"",""conversion_factor"":6.0}]",,,0,3,361.76
ACM-HEXB0721,Hitex Hex Bolt M8x50 HDG,"Hex Bolt M8x50, finish: HDG. Brand Hitex. Sold per Pcs.",Hitex,All Items > Hardware > Hex Bolt,Pcs,"[{""uom"":""Pcs"",""conversion_factor"":1.0},{""uom"":""Carton"",""conversion_factor"":6.0}]",917593947531,HIT631023,0,150,456.93
ACM-CABL0833,Kanto Cable Tie 100mm Black,"Cable Tie 100mm, colour: Black. Brand Kanto. Sold per Packet.",Kanto,All Items > Hardware > Cable Tie,Packet,"[{""uom"":""Packet"",""conversion_factor"":1.0},{""uom"":""Carton"",""conversion_factor"":12.0}]",969346197314,,0,150,128.51
ACM-ANGL1026,"Remax Angle Grinder Disc 7"" Flap","Angle Grinder Disc 7"", grade: Flap. Brand Remax. Sold per Packet.",Remax,All Items > Hardware > Angle Grinder Disc,Packet,"[{""uom"":""Packet"",""conversion_factor"":1.0},{""uom"":""Carton"",""conversion_factor"":6.0}]",,REM668904,0,0,64.58
ACM-ANGL1000,"Stallion Angle Grinder Disc 4"" Cutting","Angle Grinder Disc 4"", grade: Cutting. Brand Stallion. Sold per Packet.",Stallion,All Items > Hardware > Angle Grinder Disc,Packet,"[{""uom"":""Packet"",""conversion_factor"":1.0},{""uom"":""Carton"",""conversion_factor"":10.0}]",919004028132,,0,0,276.53
ACM-CABL0786,Bosco Cable Tie 200mm White,"Cable Tie 200mm, colour: White. Brand Bosco. Sold per Packet.",Bosco,All Items > Hardware > Cable Tie,Packet,"[{""uom"":""Packet"",""conversion_factor"":1.0},{""uom"":""Carton"",""conversion_factor"":12.0}]",,BOS392642,0,150,129.52
ACM-PVCP0394,Tolsen PVC Pipe 25mm Class D,"PVC Pipe 25mm, grade: Class D. Brand Tolsen. Sold per Length.",Tolsen,All Items > Hardware > PVC Pipe,Length,"[{""uom"":""Length"",""conversion_factor"":1.0}]",,,0,12,435.02
ACM-WALL0660,Kanto Wall Plug 8mm Blue,"Wall Plug 8mm, colour: Blue. Brand Kanto. Sold per Packet.",Kanto,All Items > Hardware > Wall Plug,Packet,"[{""uom"":""Packet"",""conversion_factor"":1.0},{""uom"":""Carton"",""conversion_factor"":24.0}]",957674437368,,0,0,248.89
ACM-ANGL0767,"Kanto Angle Grinder Disc 7"" Cutting","Angle Grinder Disc 7"", grade: Cutting. Brand Kanto. Sold per Packet.",Kanto,All Items > Hardware > Angle Grinder Disc,Packet,"[{""uom"":""Packet"",""conversion_factor"":1.0},{""uom"":""Carton"",""conversion_factor"":6.0}]",,KAN430601,0,40,317.57
ACM-WALL0211,Remax Wall Plug 10mm Brown,"Wall Plug 10mm, colour: Brown. Brand Remax. Sold per Packet.",Remax,All Items > Hardware > Wall Plug,Packet,"[{""uom"":""Packet"",""conversion_factor"":1.0},{""uom"":""Carton"",""conversion_factor"":6.0}]",929831712657,,0,150,397.86
ACM-HOSE0106B,Hitex Hose Clip 19-25mm SS304 (Bulk),"Hose Clip 19-25mm, material: SS304. Brand Hitex. Sold per Pcs.",Hitex,All Items > Hardware > Hose Clip,Pcs,"[{""uom"":""Pcs"",""conversion_factor"":1.0},{""uom"":""Carton"",""conversion_factor"":144.0}]",935228307399,,0,150,78.05
ACM-BALL0618,"Vermont Ball Valve 1-1/4"" Brass","Ball Valve 1-1/4"", material: Brass. Brand Vermont. Sold per Nos.",Vermont,All Items > Hardware > Ball Valve,Nos,"[{""uom"":""Nos"",""conversion_factor"":1.0},{""uom"":""Carton"",""conversion_factor"":50.0}]",,VER412682,0,900,232.92
ACM-WALL0638,Bosco Wall Plug 12mm Brown,"Wall Plug 12mm, colour: Brown. Brand Bosco. Sold per Packet.",Bosco,All Items > Hardware > Wall Plug,Packet,"[{""uom"":""Packet"",""conversion_factor"":1.0},{""uom"":""Carton"",""conversion_factor"":12.0}]",942421707190,BOS801827,0,150,157.98
ACM-HEXB0093,Hitex Hex Bolt M10x50 Stainless 304,"Hex Bolt M10x50, finish: Stainless 304. Brand Hitex. Sold per Pcs.",Hitex,All Items > Hardware > Hex Bolt,Pcs,"[{""uom"":""Pcs"",""conversion_factor"":1.0},{""uom"":""Carton"",""conversion_factor"":12.0}]",958526769083,,0,40,12.99
ACM-SELF0068,"Vermont Self Drilling Screw #8 x 1"" Zinc Plated","Self Drilling Screw #8 x 1"", finish: Zinc Plated. Brand Vermont. Sold per Packet.",Vermont,All Items > Hardware > Self Drilling Screw,Packet,"[{""uom"":""Packet"",""conversion_factor"":1.0},{""uom"":""Carton"",""conversion_factor"":24.0}]",,,0,900,73.5
ACM-PVCP0956,Vermont PVC Pipe 40mm Class C,"PVC Pipe 40mm, grade: Class C. Brand Vermont. Sold per Length.",Vermont,All Items > Hardware > PVC Pipe,Length,"[{""uom"":""Length"",""conversion_factor"":1.0}]",,VER452113,0,0,234.09
ACM-WALL0190,Bosco Wall Plug 10mm Blue,"Wall Plug 10mm, colour: Blue. Brand Bosco. Sold per Packet.",Bosco,All Items > Hardware > Wall Plug,Packet,"[{""uom"":""Packet"",""conversion_factor"":1.0},{""uom"":""Carton"",""conversion_factor"":100.0}]",,,0,0,32.66
ACM-BALL0626,"Stallion Ball Valve 2"" PVC","Ball Valve 2"", material: PVC. Brand Stallion. Sold per Nos.",Stallion,All Items > Hardware > Ball Valve,Nos,"[{""uom"":""Nos"",""conversion_factor"":1.0},{""uom"":""Carton"",""conversion_factor"":12.0}]",913298693925,,0,3,142.98
ACM-BALL0403,"Hitex Ball Valve 1-1/4"" PVC","Ball Valve 1-1/4"", material: PVC. Brand Hitex. Sold per Nos.",Hitex,All Items > Hardware > Ball Valve,Nos,"[{""uom"":""Nos"",""conversion_factor"":1.0},{""uom"":""Carton"",""conversion_factor"":24.0}]",969316878649,,0,150,126.08
ACM-WALL0992,Stallion Wall Plug 12mm Brown,"Wall Plug 12mm, colour: Brown. Brand Stallion. Sold per Packet.",Stallion,All Items > Hardware > Wall Plug,Packet,"[{""uom"":""Packet"",""conversion_factor"":1.0},{""uom"":""Carton"",""conversion_factor"":24.0}]",,,0,0,440.22
ACM-PVCP0732,Vermont PVC Pipe 15mm Class E,"PVC Pipe 15mm, grade: Class E. Brand Vermont. Sold per Length.",Vermont,All Items > Hardware > PVC Pipe,Length,"[{""uom"":""Length"",""conversion_factor"":1.0}]",,VER728468,0,0,197.31
ACM-WALL0160,Remax Wall Plug 12mm Brown,"Wall Plug 12mm, colour: Brown. Brand Remax. Sold per Packet.",Remax,All Items > Hardware > Wall Plug,Packet,"[{""uom"":""Packet"",""conversion_factor"":1.0},{""uom"":""Carton"",""conversion_factor"":10.0}]",,REM900965,0,150,131.3
ACM-NITR0172,Remax Nitrile Glove M Blue,"Nitrile Glove M, colour: Blue. Brand Remax. Sold per Box.",Remax,All Items > Hardware > Nitrile Glove,Box,"[{""uom"":""Box"",""conversion_factor"":1.0}]",970697649458,,0,12,255.53
ACM-ANGL0716,"Kanto Angle Grinder Disc 4"" Grinding","Angle Grinder Disc 4"", grade: Grinding. Brand Kanto. Sold per Packet.",Kanto,All Items > Hardware > Angle Grinder Disc,Packet,"[{""uom"":""Packet"",""conversion_factor"":1.0},{""uom"":""Carton"",""conversion_factor"":6.0}]",916683626573,,0,40,426.31
ACM-PVCP0994,Kanto PVC Pipe 25mm Class D,"PVC Pipe 25mm, grade: Class D. Brand Kanto. Sold per Length.",Kanto,All Items > Hardware > PVC Pipe,Length,"[{""uom"":""Length"",""conversion_factor"":1.0}]",914062714832,KAN504222,0,150,359.33
ACM-HEXB0089,Bosco Hex Bolt M8x50 Zinc Plated,"Hex Bolt M8x50, finish: Zinc Plated. Brand Bosco. Sold per Pcs.",Bosco,All Items > Hardware > Hex Bolt,Pcs,"[{""uom"":""Pcs"",""conversion_factor"":1.0},{""uom"":""Carton"",""conversion_factor"":24.0}]",934834993158,,0,40,405.77
ACM-HEXB0449,Kanto Hex Bolt M10x50 Stainless 316,"Hex Bolt M10x50, finish: Stainless 316. Brand Kanto. Sold per Pcs.",Kanto,All Items > Hardware > Hex Bolt,Pcs,"[{""uom"":""Pcs"",""conversion_factor"":1.0},{""uom"":""Carton"",""conversion_factor"":6.0}]",930641788795,KAN387743,0,0,329.6
ACM-HEXB0359,Hitex Hex Bolt M6x50 Stainless 316,"Hex Bolt M6x50, finish: Stainless 316. Brand Hitex. Sold per Pcs.",Hitex,All Items > Hardware > Hex Bolt,Pcs,"[{""uom"":""Pcs"",""conversion_factor"":1.0},{""uom"":""Carton"",""conversion_factor"":6.0}]",995254427366,HIT769512,0,150,41.31
ACM-ANGL0594,"Hitex Angle Grinder Disc 4"" Cutting","Angle Grinder Disc 4"", grade: Cutting. Brand Hitex. Sold per Packet.",Hitex,All Items > Hardware > Angle Grinder Disc,Packet,"[{""uom"":""Packet"",""conversion_factor"":1.0},{""uom"":""Carton"",""conversion_factor"":6.0}]",,HIT981196,0,12,467.85
ACM-BALL0929,"Hitex Ball Valve 1-1/4"" SS304","Ball Valve 1-1/4"", material: SS304. Brand Hitex. Sold per Nos.",Hitex,All Items > Hardware > Ball Valve,Nos,"[{""uom"":""Nos"",""conversion_factor"":1.0},{""uom"":""Carton"",""conversion_factor"":100.0}]",923990353766,,0,40,105.48
ACM-BALL0073,"Remax Ball Valve 1/2"" SS304","Ball Valve 1/2"", material: SS304. Brand Remax. Sold per Nos.",Remax,All Items > Hardware > Ball Valve,Nos,"[{""uom"":""Nos"",""conversion_factor"":1.0},{""uom"":""Carton"",""conversion_factor"":50.0}]",,,0,0,465.25
ACM-CABL0111,Kanto Cable Tie 150mm White,"Cable Tie 150mm, colour: White. Brand Kanto. Sold per Packet.",Kanto,All Items > Hardware > Cable Tie,Packet,"[{""uom"":""Packet"",""conversion_factor"":1.0},{""uom"":""Carton"",""conversion_factor"":12.0}]",987335886982,,0,40,243.41
ACM-HEXB1013,Vermont Hex Bolt M8x75 Zinc Plated,"Hex Bolt M8x75, finish: Zinc Plated. Brand Vermont. Sold per Pcs.",Vermont,All Items > Hardware > Hex Bolt,Pcs,"[{""uom"":""Pcs"",""conversion_factor"":1.0},{""uom"":""Carton"",""conversion_factor"":50.0}]",994653774060,,0,0,99.97
ACM-SAFE1087,Remax Safety Helmet Yellow Ratchet,"Safety Helmet Yellow, grade: Ratchet. Brand Remax. Sold per Nos.",Remax,All Items > Hardware > Safety Helmet,Nos,"[{""uom"":""Nos"",""conversion_factor"":1.0},{""uom"":""Carton"",""conversion_factor"":10.0}]",904561166840,,0,40,202.4
ACM-PVCP0538,Bosco PVC Pipe 40mm Class D,"PVC Pipe 40mm, grade: Class D. Brand Bosco. Sold per Length.",Bosco,All Items > Hardware > PVC Pipe,Length,"[{""uom"":""Length"",""conversion_factor"":1.0}]",925247007289,BOS594240,0,0,160.35
ACM-MASK0784,Vermont Masking Tape 24mm High Temp,"Masking Tape 24mm, grade: High Temp. Brand Vermont. Sold per Roll.",Vermont,All Items > Hardware > Masking Tape,Roll,"[{""uom"":""Roll"",""conversion_factor"":1.0},{""uom"":""Carton"",""conversion_factor"":100.0}]",,,0,0,99.75
ACM-CABL0657,Vermont Cable Tie 100mm Black,"Cable Tie 100mm, colour: Black. Brand Vermont. Sold per Packet.",Vermont,All Items > Hardware > Cable Tie,Packet,"[{""uom"":""Packet"",""conversion_factor"":1.0},{""uom"":""Carton"",""conversion_factor"":6.0}]",,,0,40,398.45
ACM-HEXB0971,Tolsen Hex Bolt M12x60 Zinc Plated,"Hex Bolt M12x60, finish: Zinc Plated. Brand Tolsen. Sold per Pcs.",Tolsen,All Items > Hardware > Hex Bolt,Pcs,"[{""uom"":""Pcs"",""conversion_factor"":1.0},{""uom"":""Carton"",""conversion_factor"":100.0}]",,TOL639228,0,900,255.9
ACM-CABL0602,Stallion Cable Tie 200mm Black,"Cable Tie 200mm, colour: Black. Brand Stallion. Sold per Packet.",Stallion,All Items > Hardware > Cable Tie,Packet,"[{""uom"":""Packet"",""conversion_factor"":1.0},{""uom"":""Carton"",""conversion_factor"":10.0}]",968527464271,,0,0,151.57
ACM-HEXB0053,Remax Hex Bolt M8x50 Zinc Plated,"Hex Bolt M8x50, finish: Zinc Plated. Brand Remax. Sold per Pcs.",Remax,All Items > Hardware > Hex Bolt,Pcs,"[{""uom"":""Pcs"",""conversion_factor"":1.0},{""uom"":""Carton"",""conversion_factor"":50.0}]",927759634821,REM367464,0,12,210.34
ACM-HEXB0352,Kanto Hex Bolt M6x50 Stainless 304,"Hex Bolt M6x50, finish: Stainless 304. Brand Kanto. Sold per Pcs.",Kanto,All Items > Hardware > Hex Bolt,Pcs,"[{""uom"":""Pcs"",""conversion_factor"":1.0},{""uom"":""Carton"",""conversion_factor"":100.0}]",953757095368,KAN369695,0,0,442.84
ACM-PVCP0471,Tolsen PVC Pipe 40mm Class C,"PVC Pipe 40mm, grade: Class C. Brand Tolsen. Sold per Length.",Tolsen,All Items > Hardware > PVC Pipe,Length,"[{""uom"":""Length"",""conversion_factor"":1.0}]",990408419177,,0,0,4.7
ACM-CABL0917,Tolsen Cable Tie 200mm Natural,"Cable Tie 200mm, colour: Natural. Brand Tolsen. Sold per Packet.",Tolsen,All Items > Hardware > Cable Tie,Packet,"[{""uom"":""Packet"",""conversion_factor"":1.0},{""uom"":""Carton"",""conversion_factor"":50.0}]",,TOL392128,0,3,329.61
ACM-GIWI0505,Remax GI Wire #14 Hard Drawn,"GI Wire #14, grade: Hard Drawn. Brand Remax. Sold per Kg.",Remax,All Items > Hardware > GI Wire,Kg,"[{""uom"":""Kg"",""conversion_factor"":1.0}]",986910506331,REM872473,0,3,427.81
ACM-WALL0679,Vermont Wall Plug 6mm Brown,"Wall Plug 6mm, colour: Brown. Brand Vermont. Sold per Packet.",Vermont,All Items > Hardware > Wall Plug,Packet,"[{""uom"":""Packet"",""conversion_factor"":1.0},{""uom"":""Carton"",""conversion_factor"":50.0}]",941426833575,,0,150,184.59
ACM-BALL0084,"Kanto Ball Valve 3/4"" PVC","Ball Valve 3/4"", material: PVC. Brand Kanto. Sold per Nos.",Kanto,All Items > Hardware > Ball Valve,Nos,"[{""uom"":""Nos"",""conversion_factor"":1.0},{""uom"":""Carton"",""conversion_factor"":100.0}]",958666786791,KAN455467,0,150,175.25
ACM-PVCP0615,Vermont PVC Pipe 20mm Class D,"PVC Pipe 20mm, grade: Class D. Brand Vermont. Sold per Length.",Vermont,All Items > Hardware > PVC Pipe,Length,"[{""uom"":""Length"",""conversion_factor"":1.0}]",,VER144260,0,150,30.63
ACM-NITR0903,Remax Nitrile Glove S Blue,"Nitrile Glove S, colour: Blue. Brand Remax. Sold per Box.",Remax,All Items > Hardware > Nitrile Glove,Box,"[{""uom"":""Box"",""conversion_factor"":1.0}]",916215684046,,0,12,356.63
ACM-ANGL0157,"Stallion Angle Grinder Disc 4"" Grinding","Angle Grinder Disc 4"", grade: Grinding. Brand Stallion. Sold per Packet.",Stallion,All Items > Hardware > Angle Grinder Disc,Packet,"[{""uom"":""Packet"",""conversion_factor"":1.0},{""uom"":""Carton"",""conversion_factor"":6.0}]",951262839779,STA682855,0,0,85.12
ACM-CABL0950,Kanto Cable Tie 200mm Natural,"Cable Tie 200mm, colour: Natural. Brand Kanto. Sold per Packet.",Kanto,All Items > Hardware > Cable Tie,Packet,"[{""uom"":""Packet"",""conversion_factor"":1.0},{""uom"":""Carton"",""conversion_factor"":12.0}]",,,0,3,65.04
ACM-PVCP0640B,Bosco PVC Pipe 15mm Class D (Bulk),"PVC Pipe 15mm, grade: Class D. Brand Bosco. Sold per Length.",Bosco,All Items > Hardware > PVC Pipe,Length,"[{""uom"":""Length"",""conversion_factor"":1.0},{""uom"":""Carton"",""conversion_factor"":144.0}]",,,0,40,140.84
ACM-BALL0178,"Hitex Ball Valve 2"" PVC","Ball Valve 2"", material: PVC. Brand Hitex. Sold per Nos.",Hitex,All Items > Hardware > Ball Valve,Nos,"[{""uom"":""Nos"",""conversion_factor"":1.0},{""uom"":""Carton"",""conversion_factor"":6.0}]",965849743821,,0,0,296.1
ACM-BALL0408,"Hitex Ball Valve 3/4"" Brass","Ball Valve 3/4"", material: Brass. Brand Hitex. Sold per Nos.",Hitex,All Items > Hardware > Ball Valve,Nos,"[{""uom"":""Nos"",""conversion_factor"":1.0},{""uom"":""Carton"",""conversion_factor"":100.0}]",978159555716,HIT322536,0,150,58.07
ACM-NITR0977,Tolsen Nitrile Glove L Black,"Nitrile Glove L, colour: Black. Brand Tolsen. Sold per Box.",Tolsen,All Items > Hardware > Nitrile Glove,Box,"[{""uom"":""Box"",""conversion_factor"":1.0}]",,,0,40,323.87
ACM-WALL0641,Hitex Wall Plug 12mm Red,"Wall Plug 12mm, colour: Red. Brand Hitex. Sold per Packet.",Hitex,All Items > Hardware > Wall Plug,Packet,"[{""uom"":""Packet"",""conversion_factor"":1.0},{""uom"":""Carton"",""conversion_factor"":24.0}]",,HIT830874,0,40,210.58
ACM-PVCP0561,Stallion PVC Pipe 40mm Class D,"PVC Pipe 40mm, grade: Class D. Brand Stallion. Sold per Length.",Stallion,All Items > Hardware > PVC Pipe,Length,"[{""uom"":""Length"",""conversion_factor"":1.0}]",991995927103,,0,12,73.03
ACM-BALL0112,"Bosco Ball Valve 1"" Brass","Ball Valve 1"", material: Brass. Brand Bosco. Sold per Nos.",Bosco,All Items > Hardware > Ball Valve,Nos,"[{""uom"":""Nos"",""conversion_factor"":1.0},{""uom"":""Carton"",""conversion_factor"":10.0}]",939560743798,BOS479974,0,150,384.94
ACM-MASK0061,Kanto Masking Tape 12mm General,"Masking Tape 12mm, grade: General. Brand Kanto. Sold per Roll.",Kanto,All Items > Hardware > Masking Tape,Roll,"[{""uom"":""Roll"",""conversion_factor"":1.0},{""uom"":""Carton"",""conversion_factor"":6.0}]",,KAN066203,0,900,412.32
ACM-HEXB1097,Tolsen Hex Bolt M10x75 Stainless 316,"Hex Bolt M10x75, finish: Stainless 316. Brand Tolsen. Sold per Pcs.",Tolsen,All Items > Hardware > Hex Bolt,Pcs,"[{""uom"":""Pcs"",""conversion_factor"":1.0},{""uom"":""Carton"",""conversion_factor"":24.0}]",909075338414,TOL050738,0,3,56.88
ACM-NITR0017,Kanto Nitrile Glove L Black,"Nitrile Glove L, colour: Black. Brand Kanto. Sold per Box.",Kanto,All Items > Hardware > Nitrile Glove,Box,"[{""uom"":""Box"",""conversion_factor"":1.0}]",,KAN696423,0,12,350.96
ACM-CABL0496,Bosco Cable Tie 100mm Black,"Cable Tie 100mm, colour: Black. Brand Bosco. Sold per Packet.",Bosco,All Items > Hardware > Cable Tie,Packet,"[{""uom"":""Packet"",""conversion_factor"":1.0},{""uom"":""Carton"",""conversion_factor"":12.0}]",,BOS245362,0,3,229.76
ACM-GIWI0975,Tolsen GI Wire #18 Hard Drawn,"GI Wire #18, grade: Hard Drawn. Brand Tolsen. Sold per Kg.",Tolsen,All Items > Hardware > GI Wire,Kg,"[{""uom"":""Kg"",""conversion_factor"":1.0}]",970962641261,,0,150,423.31
ACM-HOSE0317,Bosco Hose Clip 13-19mm Zinc,"Hose Clip 13-19mm, material: Zinc. Brand Bosco. Sold per Pcs.",Bosco,All Items > Hardware > Hose Clip,Pcs,"[{""uom"":""Pcs"",""conversion_factor"":1.0},{""uom"":""Carton"",""conversion_factor"":10.0}]",916949234719,,0,0,231.8
ACM-CABL0254,Remax Cable Tie 200mm Black,"Cable Tie 200mm, colour: Black. Brand Remax. Sold per Packet.",Remax,All Items > Hardware > Cable Tie,Packet,"[{""uom"":""Packet"",""conversion_factor"":1.0},{""uom"":""Carton"",""conversion_factor"":12.0}]",,,0,900,405.11
ACM-BALL0904,"Stallion Ball Valve 2"" Brass","Ball Valve 2"", material: Brass. Brand Stallion. Sold per Nos.",Stallion,All Items > Hardware > Ball Valve,Nos,"[{""uom"":""Nos"",""conversion_factor"":1.0},{""uom"":""Carton"",""conversion_factor"":100.0}]",,,0,150,317.53
ACM-ANGL0522,"Tolsen Angle Grinder Disc 4"" Cutting","Angle Grinder Disc 4"", grade: Cutting. Brand Tolsen. Sold per Packet.",Tolsen,All Items > Hardware > Angle Grinder Disc,Packet,"[{""uom"":""Packet"",""conversion_factor"":1.0},{""uom"":""Carton"",""conversion_factor"":50.0}]",,TOL173034,0,150,110.29
ACM-BALL0944,"Vermont Ball Valve 2"" Brass","Ball Valve 2"", material: Brass. Brand Vermont. Sold per Nos.",Vermont,All Items > Hardware > Ball Valve,Nos,"[{""uom"":""Nos"",""conversion_factor"":1.0},{""uom"":""Carton"",""conversion_factor"":12.0}]",923085483709,VER994497,0,12,354.02
ACM-SELF0571,"Vermont Self Drilling Screw #12 x 2"" Zinc Plated","Self Drilling Screw #12 x 2"", finish: Zinc Plated. Brand Vermont. Sold per Packet.",Vermont,All Items > Hardware > Self Drilling Screw,Packet,"[{""uom"":""Packet"",""conversion_factor"":1.0},{""uom"":""Carton"",""conversion_factor"":24.0}]",952419886709,,0,3,143.86
ACM-HEXB0769,Kanto Hex Bolt M6x50 Stainless 316,"Hex Bolt M6x50, finish: Stainless 316. Brand Kanto. Sold per Pcs.",Kanto,All Items > Hardware > Hex Bolt,Pcs,"[{""uom"":""Pcs"",""conversion_factor"":1.0},{""uom"":""Carton"",""conversion_factor"":10.0}]",984730454845,,0,12,53.65
ACM-NITR0341,Stallion Nitrile Glove L Black,"Nitrile Glove L, colour: Black. Brand Stallion. Sold per Box.",Stallion,All Items > Hardware > Nitrile Glove,Box,"[{""uom"":""Box"",""conversion_factor"":1.0}]",949610577404,,0,0,177.75
ACM-MASK0530,Kanto Masking Tape 18mm High Temp,"Masking Tape 18mm, grade: High Temp. Brand Kanto. Sold per Roll.",Kanto,All Items > Hardware > Masking Tape,Roll,"[{""uom"":""Roll"",""conversion_factor"":1.0},{""uom"":""Carton"",""conversion_factor"":12.0}]",,,0,40,177.92
ACM-ANGL0481,"Vermont Angle Grinder Disc 4"" Cutting","Angle Grinder Disc 4"", grade: Cutting. Brand Vermont. Sold per Packet.",Vermont,All Items > Hardware > Angle Grinder Disc,Packet,"[{""uom"":""Packet"",""conversion_factor"":1.0},{""uom"":""Carton"",""conversion_factor"":12.0}]",,,0,3,153.59
ACM-CABL0785,Bosco Cable Tie 150mm White,"Cable Tie 150mm, colour: White. Brand Bosco. Sold per Packet.",Bosco,All Items > Hardware > Cable Tie,Packet,"[{""uom"":""Packet"",""conversion_factor"":1.0},{""uom"":""Carton"",""conversion_factor"":6.0}]",957532964233,BOS598340,0,0,297.29
ACM-CABL0316,Kanto Cable Tie 300mm Natural,"Cable Tie 300mm, colour: Natural. Brand Kanto. Sold per Packet.",Kanto,All Items > Hardware > Cable Tie,Packet,"[{""uom"":""Packet"",""conversion_factor"":1.0},{""uom"":""Carton"",""conversion_factor"":100.0}]",990206432145,,0,40,75.74
ACM-CABL0311,Stallion Cable Tie 300mm Black,"Cable Tie 300mm, colour: Black. Brand Stallion. Sold per Packet.",Stallion,All Items > Hardware > Cable Tie,Packet,"[{""uom"":""Packet"",""conversion_factor"":1.0},{""uom"":""Carton"",""conversion_factor"":10.0}]",,,0,12,92.41
ACM-HEXB0385,Remax Hex Bolt M8x50 Stainless 304,"Hex Bolt M8x50, finish: Stainless 304. Brand Remax. Sold per Pcs.",Remax,All Items > Hardware > Hex Bolt,Pcs,"[{""uom"":""Pcs"",""conversion_factor"":1.0},{""uom"":""Carton"",""conversion_factor"":6.0}]",,REM365519,0,900,393.64
ACM-HEXB0649,Tolsen Hex Bolt M10x50 Zinc Plated,"Hex Bolt M10x50, finish: Zinc Plated. Brand Tolsen. Sold per Pcs.",Tolsen,All Items > Hardware > Hex Bolt,Pcs,"[{""uom"":""Pcs"",""conversion_factor"":1.0},{""uom"":""Carton"",""conversion_factor"":6.0}]",968813658490,,0,40,337.0
ACM-HEXB0235,Bosco Hex Bolt M6x30 HDG,"Hex Bolt M6x30, finish: HDG. Brand Bosco. Sold per Pcs.",Bosco,All Items > Hardware > Hex Bolt,Pcs,"[{""uom"":""Pcs"",""conversion_factor"":1.0},{""uom"":""Carton"",""conversion_factor"":6.0}]",959864865804,BOS461066,0,3,87.98
ACM-PVCP0642,Kanto PVC Pipe 32mm Class C,"PVC Pipe 32mm, grade: Class C. Brand Kanto. Sold per Length.",Kanto,All Items > Hardware > PVC Pipe,Length,"[{""uom"":""Length"",""conversion_factor"":1.0}]",,,0,150,285.39
ACM-PVCP0099,Hitex PVC Pipe 32mm Class C,"PVC Pipe 32mm, grade: Class C. Brand Hitex. Sold per Length.",Hitex,All Items > Hardware > PVC Pipe,Length,"[{""uom"":""Length"",""conversion_factor"":1.0}]",,,0,40,265.6
ACM-PVCP0124,Stallion PVC Pipe 25mm Class D,"PVC Pipe 25mm, grade: Class D. Brand Stallion. Sold per Length.",Stallion,All Items > Hardware > PVC Pipe,Length,"[{""uom"":""Length"",""conversion_factor"":1.0}]",,,0,40,345.01
ACM-HEXB0219,Remax Hex Bolt M6x50 Zinc Plated,"Hex Bolt M6x50, finish: Zinc Plated. Brand Remax. Sold per Pcs.",Remax,All Items > Hardware > Hex Bolt,Pcs,"[{""uom"":""Pcs"",""conversion_factor"":1.0},{""uom"":""Carton"",""conversion_factor"":10.0}]",937449033661,,0,900,404.06
ACM-BALL0057,"Kanto Ball Valve 1-1/4"" PVC","Ball Valve 1-1/4"", material: PVC. Brand Kanto. Sold per Nos.",Kanto,All Items > Hardware > Ball Valve,Nos,"[{""uom"":""Nos"",""conversion_factor"":1.0},{""uom"":""Carton"",""conversion_factor"":50.0}]",,KAN791133,0,3,319.83
ACM-HEXB0355,Stallion Hex Bolt M6x30 Stainless 304,"Hex Bolt M6x30, finish: Stainless 304. Brand Stallion. Sold per Pcs.",Stallion,All Items > Hardware > Hex Bolt,Pcs,"[{""uom"":""Pcs"",""conversion_factor"":1.0},{""uom"":""Carton"",""conversion_factor"":100.0}]",993866696167,,0,3,48.53
ACM-SAFE0543,Stallion Safety Helmet Yellow Standard,"Safety Helmet Yellow, grade: Standard. Brand Stallion. Sold per Nos.",Stallion,All Items > Hardware > Safety Helmet,Nos,"[{""uom"":""Nos"",""conversion_factor"":1.0},{""uom"":""Carton"",""conversion_factor"":6.0}]",988108014385,STA336300,0,12,280.29
ACM-HOSE0367,Remax Hose Clip 38-50mm Zinc,"Hose Clip 38-50mm, material: Zinc. Brand Remax. Sold per Pcs.",Remax,All Items > Hardware > Hose Clip,Pcs,"[{""uom"":""Pcs"",""conversion_factor"":1.0},{""uom"":""Carton"",""conversion_factor"":24.0}]",922881681112,,0,900,27.11
ACM-BALL0890,"Stallion Ball Valve 3/4"" Brass","Ball Valve 3/4"", material: Brass. Brand Stallion. Sold per Nos.",Stallion,All Items > Hardware > Ball Valve,Nos,"[{""uom"":""Nos"",""conversion_factor"":1.0},{""uom"":""Carton"",""conversion_factor"":12.0}]",,,0,12,379.97
ACM-ANGL0828,"Remax Angle Grinder Disc 4.5"" Flap","Angle Grinder Disc 4.5"", grade: Flap. Brand Remax. Sold per Packet.",Remax,All Items > Hardware > Angle Grinder Disc,Packet,"[{""uom"":""Packet"",""conversion_factor"":1.0},{""uom"":""Carton"",""conversion_factor"":10.0}]",940817209769,REM072085,0,40,82.98
ACM-NITR0973,Hitex Nitrile Glove M Blue,"Nitrile Glove M, colour: Blue. Brand Hitex. Sold per Box.",Hitex,All Items > Hardware > Nitrile Glove,Box,"[{""uom"":""Box"",""conversion_factor"":1.0}]",912991893666,HIT208473,0,3,2.44
ACM-BALL0836,"Remax Ball Valve 1"" Brass","Ball Valve 1"", material: Brass. Brand Remax. Sold per Nos.",Remax,All Items > Hardware > Ball Valve,Nos,"[{""uom"":""Nos"",""conversion_factor"":1.0},{""uom"":""Carton"",""conversion_factor"":12.0}]",,REM568275,0,40,447.58
ACM-HEXB0194,Vermont Hex Bolt M8x30 Zinc Plated,"Hex Bolt M8x30, finish: Zinc Plated. Brand Vermont. Sold per Pcs.",Vermont,All Items > Hardware > Hex Bolt,Pcs,"[{""uom"":""Pcs"",""conversion_factor"":1.0},{""uom"":""Carton"",""conversion_factor"":100.0}]",956717176650,,0,3,371.77
ACM-HEXB0867,Kanto Hex Bolt M10x50 Stainless 304,"Hex Bolt M10x50, finish: Stainless 304. Brand Kanto. Sold per Pcs.",Kanto,All Items > Hardware > Hex Bolt,Pcs,"[{""uom"":""Pcs"",""conversion_factor"":1.0},{""uom"":""Carton"",""conversion_factor"":50.0}]",,KAN938027,0,0,26.55
ACM-HEXB0437,Remax Hex Bolt M6x50 Stainless 316,"Hex Bolt M6x50, finish: Stainless 316. Brand Remax. Sold per Pcs.",Remax,All Items > Hardware > Hex Bolt,Pcs,"[{""uom"":""Pcs"",""conversion_factor"":1.0},{""uom"":""Carton"",""conversion_factor"":6.0}]",992768529688,,0,900,156.51
ACM-SELF0072,"Remax Self Drilling Screw #8 x 1"" Zinc Plated","Self Drilling Screw #8 x 1"", finish: Zinc Plated. Brand Remax. Sold per Packet.",Remax,All Items > Hardware > Self Drilling Screw,Packet,"[{""uom"":""Packet"",""conversion_factor"":1.0},{""uom"":""Carton"",""conversion_factor"":10.0}]",958450421417,,0,0,300.31
ACM-MASK0282,Hitex Masking Tape 18mm High Temp,"Masking Tape 18mm, grade: High Temp. Brand Hitex. Sold per Roll.",Hitex,All Items > Hardware > Masking Tape,Roll,"[{""uom"":""Roll"",""conversion_factor"":1.0},{""uom"":""Carton"",""conversion_factor"":6.0}]",,,0,3,266.14
ACM-SAFE0920,Vermont Safety Helmet White Ratchet,"Safety Helmet White, grade: Ratchet. Brand Vermont. Sold per Nos.",Vermont,All Items > Hardware > Safety Helmet,Nos,"[{""uom"":""Nos"",""conversion_factor"":1.0},{""uom"":""Carton"",""conversion_factor"":6.0}]",,,0,150,291.81
ACM-PVCP0295,Bosco PVC Pipe 40mm Class C,"PVC Pipe 40mm, grade: Class C. Brand Bosco. Sold per Length.",Bosco,All Items > Hardware > PVC Pipe,Length,"[{""uom"":""Length"",""conversion_factor"":1.0}]",984806944285,,0,12,214.24
ACM-SELF0995,"Kanto Self Drilling Screw #10 x 1-1/2"" Stainless 410","Self Drilling Screw #10 x 1-1/2"", finish: Stainless 410. Brand Kanto. Sold per Packet.",Kanto,All Items > Hardware > Self Drilling Screw,Packet,"[{""uom"":""Packet"",""conversion_factor"":1.0},{""uom"":""Carton"",""conversion_factor"":6.0}]",964856779741,KAN426548,0,150,281.57
ACM-ANGL0940,"Tolsen Angle Grinder Disc 5"" Flap","Angle Grinder Disc 5"", grade: Flap. Brand Tolsen. Sold per Packet.",Tolsen,All Items > Hardware > Angle Grinder Disc,Packet,"[{""uom"":""Packet"",""conversion_factor"":1.0},{""uom"":""Carton"",""conversion_factor"":12.0}]",,TOL114720,0,0,349.76
ACM-NITR0903-OLD,Remax Nitrile Glove S Blue,"Nitrile Glove S, colour: Blue. Brand Remax. Sold per Box. (superseded)",Remax,All Items > Hardware > Nitrile Glove,Box,"[{""uom"":""Box"",""conversion_factor"":1.0}]",916215684046,,1,0,356.63
ACM-PVCP0134,Bosco PVC Pipe 25mm Class E,"PVC Pipe 25mm, grade: Class E. Brand Bosco. Sold per Length.",Bosco,All Items > Hardware > PVC Pipe,Length,"[{""uom"":""Length"",""conversion_factor"":1.0}]",905950022857,BOS424356,0,3,38.46
ACM-MISC009,DELIVERY FEE,,,All Items > Hardware > Misc,Nos,"[{""uom"": ""Nos"", ""conversion_factor"": 1.0}]",,,0,0,0.0
ACM-HOSE0704,Stallion Hose Clip 19-25mm Zinc,"Hose Clip 19-25mm, material: Zinc. Brand Stallion. Sold per Pcs.",Stallion,All Items > Hardware > Hose Clip,Pcs,"[{""uom"":""Pcs"",""conversion_factor"":1.0},{""uom"":""Carton"",""conversion_factor"":50.0}]",942049884874,STA416815,0,0,351.01
ACM-ANGL0672,"Kanto Angle Grinder Disc 5"" Cutting","Angle Grinder Disc 5"", grade: Cutting. Brand Kanto. Sold per Packet.",Kanto,All Items > Hardware > Angle Grinder Disc,Packet,"[{""uom"":""Packet"",""conversion_factor"":1.0},{""uom"":""Carton"",""conversion_factor"":6.0}]",,,0,150,143.83
ACM-PVCP0192,Stallion PVC Pipe 20mm Class E,"PVC Pipe 20mm, grade: Class E. Brand Stallion. Sold per Length.",Stallion,All Items > Hardware > PVC Pipe,Length,"[{""uom"":""Length"",""conversion_factor"":1.0}]",981525743614,,0,0,40.8
ACM-HEXB0762-OLD,Bosco Hex Bolt M12x60 Stainless 304,"Hex Bolt M12x60, finish: Stainless 304. Brand Bosco. Sold per Pcs. (superseded)",Bosco,All Items > Hardware > Hex Bolt,Pcs,"[{""uom"":""Pcs"",""conversion_factor"":1.0},{""uom"":""Carton"",""conversion_factor"":50.0}]",,BOS753585,1,0,338.4
ACM-MASK0490,Stallion Masking Tape 18mm General,"Masking Tape 18mm, grade: General. Brand Stallion. Sold per Roll.",Stallion,All Items > Hardware > Masking Tape,Roll,"[{""uom"":""Roll"",""conversion_factor"":1.0},{""uom"":""Carton"",""conversion_factor"":12.0}]",982292728071,STA237297,0,900,385.15
ACM-HEXB0426,Stallion Hex Bolt M10x75 HDG,"Hex Bolt M10x75, finish: HDG. Brand Stallion. Sold per Pcs.",Stallion,All Items > Hardware > Hex Bolt,Pcs,"[{""uom"":""Pcs"",""conversion_factor"":1.0},{""uom"":""Carton"",""conversion_factor"":100.0}]",,STA962711,0,40,127.34
ACM-CABL0864,Remax Cable Tie 300mm White,"Cable Tie 300mm, colour: White. Brand Remax. Sold per Packet.",Remax,All Items > Hardware > Cable Tie,Packet,"[{""uom"":""Packet"",""conversion_factor"":1.0},{""uom"":""Carton"",""conversion_factor"":50.0}]",965319666892,REM374503,0,0,23.63
ACM-HOSE0911-OLD,Tolsen Hose Clip 19-25mm SS304,"Hose Clip 19-25mm, material: SS304. Brand Tolsen. Sold per Pcs. (superseded)",Tolsen,All Items > Hardware > Hose Clip,Pcs,"[{""uom"":""Pcs"",""conversion_factor"":1.0},{""uom"":""Carton"",""conversion_factor"":12.0}]",937877011373,TOL831211,1,0,211.29
ACM-BALL0623,"Bosco Ball Valve 3/4"" PVC","Ball Valve 3/4"", material: PVC. Brand Bosco. Sold per Nos.",Bosco,All Items > Hardware > Ball Valve,Nos,"[{""uom"":""Nos"",""conversion_factor"":1.0},{""uom"":""Carton"",""conversion_factor"":12.0}]",,,0,12,299.98
ACM-CABL0239,Tolsen Cable Tie 300mm Natural,"Cable Tie 300mm, colour: Natural. Brand Tolsen. Sold per Packet.",Tolsen,All Items > Hardware > Cable Tie,Packet,"[{""uom"":""Packet"",""conversion_factor"":1.0},{""uom"":""Carton"",""conversion_factor"":6.0}]",934178847529,TOL448723,0,900,120.29
ACM-PVCP0200,Remax PVC Pipe 25mm Class D,"PVC Pipe 25mm, grade: Class D. Brand Remax. Sold per Length.",Remax,All Items > Hardware > PVC Pipe,Length,"[{""uom"":""Length"",""conversion_factor"":1.0}]",900972752839,REM893073,0,900,68.54
ACM-HOSE1094,Bosco Hose Clip 38-50mm Zinc,"Hose Clip 38-50mm, material: Zinc. Brand Bosco. Sold per Pcs.",Bosco,All Items > Hardware > Hose Clip,Pcs,"[{""uom"":""Pcs"",""conversion_factor"":1.0},{""uom"":""Carton"",""conversion_factor"":12.0}]",948206648452,BOS368323,0,40,266.88
ACM-SAFE0779,Bosco Safety Helmet White Standard,"Safety Helmet White, grade: Standard. Brand Bosco. Sold per Nos.",Bosco,All Items > Hardware > Safety Helmet,Nos,"[{""uom"":""Nos"",""conversion_factor"":1.0},{""uom"":""Carton"",""conversion_factor"":50.0}]",,BOS951832,0,0,151.33
ACM-ANGL0815,"Remax Angle Grinder Disc 7"" Cutting","Angle Grinder Disc 7"", grade: Cutting. Brand Remax. Sold per Packet.",Remax,All Items > Hardware > Angle Grinder Disc,Packet,"[{""uom"":""Packet"",""conversion_factor"":1.0},{""uom"":""Carton"",""conversion_factor"":12.0}]",951404458449,REM748068,0,3,89.32
ACM-CABL0455,Kanto Cable Tie 150mm Black,"Cable Tie 150mm, colour: Black. Brand Kanto. Sold per Packet.",Kanto,All Items > Hardware > Cable Tie,Packet,"[{""uom"":""Packet"",""conversion_factor"":1.0},{""uom"":""Carton"",""conversion_factor"":50.0}]",920314749069,KAN604638,0,12,472.35
ACM-HEXB0445,Hitex Hex Bolt M6x30 HDG,"Hex Bolt M6x30, finish: HDG. Brand Hitex. Sold per Pcs.",Hitex,All Items > Hardware > Hex Bolt,Pcs,"[{""uom"":""Pcs"",""conversion_factor"":1.0},{""uom"":""Carton"",""conversion_factor"":50.0}]",930911740411,,0,3,324.31
ACM-SELF0105-OLD,"Stallion Self Drilling Screw #10 x 1-1/2"" Stainless 410","Self Drilling Screw #10 x 1-1/2"", finish: Stainless 410. Brand Stallion. Sold per Packet. (superseded)",Stallion,All Items > Hardware > Self Drilling Screw,Packet,"[{""uom"":""Packet"",""conversion_factor"":1.0},{""uom"":""Carton"",""conversion_factor"":10.0}]",904608243355,,1,0,342.45
ACM-SELF0349,"Hitex Self Drilling Screw #8 x 1"" Stainless 410","Self Drilling Screw #8 x 1"", finish: Stainless 410. Brand Hitex. Sold per Packet.",Hitex,All Items > Hardware > Self Drilling Screw,Packet,"[{""uom"":""Packet"",""conversion_factor"":1.0},{""uom"":""Carton"",""conversion_factor"":6.0}]",964373954022,,0,900,188.53
ACM-WALL0308,Remax Wall Plug 8mm Red,"Wall Plug 8mm, colour: Red. Brand Remax. Sold per Packet.",Remax,All Items > Hardware > Wall Plug,Packet,"[{""uom"":""Packet"",""conversion_factor"":1.0},{""uom"":""Carton"",""conversion_factor"":24.0}]",936883761949,REM705731,0,3,350.2
ACM-MASK0475,Vermont Masking Tape 24mm General,"Masking Tape 24mm, grade: General. Brand Vermont. Sold per Roll.",Vermont,All Items > Hardware > Masking Tape,Roll,"[{""uom"":""Roll"",""conversion_factor"":1.0},{""uom"":""Carton"",""conversion_factor"":6.0}]",,VER058532,0,12,246.78
ACM-PVCP0796,Tolsen PVC Pipe 50mm Class D,"PVC Pipe 50mm, grade: Class D. Brand Tolsen. Sold per Length.",Tolsen,All Items > Hardware > PVC Pipe,Length,"[{""uom"":""Length"",""conversion_factor"":1.0}]",949866933765,,0,12,340.32
ACM-BALL0507,"Hitex Ball Valve 1"" Brass","Ball Valve 1"", material: Brass. Brand Hitex. Sold per Nos.",Hitex,All Items > Hardware > Ball Valve,Nos,"[{""uom"":""Nos"",""conversion_factor"":1.0},{""uom"":""Carton"",""conversion_factor"":100.0}]",998991992007,,0,0,316.31
ACM-NITR0027,Remax Nitrile Glove L Black,"Nitrile Glove L, colour: Black. Brand Remax. Sold per Box.",Remax,All Items > Hardware > Nitrile Glove,Box,"[{""uom"":""Box"",""conversion_factor"":1.0}]",,REM258938,0,12,431.98
ACM-SELF0090,"Remax Self Drilling Screw #8 x 1"" Stainless 410","Self Drilling Screw #8 x 1"", finish: Stainless 410. Brand Remax. Sold per Packet.",Remax,All Items > Hardware > Self Drilling Screw,Packet,"[{""uom"":""Packet"",""conversion_factor"":1.0},{""uom"":""Carton"",""conversion_factor"":12.0}]",,,0,0,91.32
ACM-BALL0849,"Remax Ball Valve 3/4"" Brass","Ball Valve 3/4"", material: Brass. Brand Remax. Sold per Nos.",Remax,All Items > Hardware > Ball Valve,Nos,"[{""uom"":""Nos"",""conversion_factor"":1.0},{""uom"":""Carton"",""conversion_factor"":12.0}]",982284145749,,0,40,223.62
ACM-NITR0339,Tolsen Nitrile Glove XL Blue,"Nitrile Glove XL, colour: Blue. Brand Tolsen. Sold per Box.",Tolsen,All Items > Hardware > Nitrile Glove,Box,"[{""uom"":""Box"",""conversion_factor"":1.0}]",946931227744,,0,150,117.27
ACM-ANGL0598,"Remax Angle Grinder Disc 7"" Grinding","Angle Grinder Disc 7"", grade: Grinding. Brand Remax. Sold per Packet.",Remax,All Items > Hardware > Angle Grinder Disc,Packet,"[{""uom"":""Packet"",""conversion_factor"":1.0},{""uom"":""Carton"",""conversion_factor"":100.0}]",,REM139192,0,900,138.83
ACM-GIWI0026,Tolsen GI Wire #14 Hard Drawn,"GI Wire #14, grade: Hard Drawn. Brand Tolsen. Sold per Kg.",Tolsen,All Items > Hardware > GI Wire,Kg,"[{""uom"":""Kg"",""conversion_factor"":1.0}]",968508912691,TOL522983,0,12,319.44
ACM-PVCP0937,Kanto PVC Pipe 20mm Class D,"PVC Pipe 20mm, grade: Class D. Brand Kanto. Sold per Length.",Kanto,All Items > Hardware > PVC Pipe,Length,"[{""uom"":""Length"",""conversion_factor"":1.0}]",964695522146,KAN050737,0,0,247.41
ACM-BALL0011,"Bosco Ball Valve 2"" PVC","Ball Valve 2"", material: PVC. Brand Bosco. Sold per Nos.",Bosco,All Items > Hardware > Ball Valve,Nos,"[{""uom"":""Nos"",""conversion_factor"":1.0},{""uom"":""Carton"",""conversion_factor"":10.0}]",,,0,0,147.13
ACM-CABL0752,Tolsen Cable Tie 300mm Black,"Cable Tie 300mm, colour: Black. Brand Tolsen. Sold per Packet.",Tolsen,All Items > Hardware > Cable Tie,Packet,"[{""uom"":""Packet"",""conversion_factor"":1.0},{""uom"":""Carton"",""conversion_factor"":6.0}]",939458534845,,0,150,454.77
ACM-GIWI1005,Stallion GI Wire #18 Hard Drawn,"GI Wire #18, grade: Hard Drawn. Brand Stallion. Sold per Kg.",Stallion,All Items > Hardware > GI Wire,Kg,"[{""uom"":""Kg"",""conversion_factor"":1.0}]",,,0,0,370.42
ACM-HEXB0273,Hitex Hex Bolt M10x75 HDG,"Hex Bolt M10x75, finish: HDG. Brand Hitex. Sold per Pcs.",Hitex,All Items > Hardware > Hex Bolt,Pcs,"[{""uom"":""Pcs"",""conversion_factor"":1.0},{""uom"":""Carton"",""conversion_factor"":12.0}]",989500540447,,0,0,105.55
ACM-CABL0259,Vermont Cable Tie 450mm Natural,"Cable Tie 450mm, colour: Natural. Brand Vermont. Sold per Packet.",Vermont,All Items > Hardware > Cable Tie,Packet,"[{""uom"":""Packet"",""conversion_factor"":1.0},{""uom"":""Carton"",""conversion_factor"":24.0}]",,,0,900,170.38
ACM-HEXB0115,Kanto Hex Bolt M8x50 HDG,"Hex Bolt M8x50, finish: HDG. Brand Kanto. Sold per Pcs.",Kanto,All Items > Hardware > Hex Bolt,Pcs,"[{""uom"":""Pcs"",""conversion_factor"":1.0},{""uom"":""Carton"",""conversion_factor"":6.0}]",,,0,0,76.47
ACM-NITR0536,Vermont Nitrile Glove XL Blue,"Nitrile Glove XL, colour: Blue. Brand Vermont. Sold per Box.",Vermont,All Items > Hardware > Nitrile Glove,Box,"[{""uom"":""Box"",""conversion_factor"":1.0}]",907313569449,VER949292,0,3,1.17
ACM-HEXB0832,Vermont Hex Bolt M6x50 Stainless 304,"Hex Bolt M6x50, finish: Stainless 304. Brand Vermont. Sold per Pcs.",Vermont,All Items > Hardware > Hex Bolt,Pcs,"[{""uom"":""Pcs"",""conversion_factor"":1.0},{""uom"":""Carton"",""conversion_factor"":6.0}]",922629169362,VER538389,0,900,192.62
ACM-HOSE0605,Kanto Hose Clip 13-19mm Zinc,"Hose Clip 13-19mm, material: Zinc. Brand Kanto. Sold per Pcs.",Kanto,All Items > Hardware > Hose Clip,Pcs,"[{""uom"":""Pcs"",""conversion_factor"":1.0},{""uom"":""Carton"",""conversion_factor"":50.0}]",,,0,3,441.21
ACM-SELF0669,"Bosco Self Drilling Screw #8 x 3/4"" Zinc Plated","Self Drilling Screw #8 x 3/4"", finish: Zinc Plated. Brand Bosco. Sold per Packet.",Bosco,All Items > Hardware > Self Drilling Screw,Packet,"[{""uom"":""Packet"",""conversion_factor"":1.0},{""uom"":""Carton"",""conversion_factor"":24.0}]",,BOS271041,0,40,408.04
ACM-CABL0805,Kanto Cable Tie 450mm Natural,"Cable Tie 450mm, colour: Natural. Brand Kanto. Sold per Packet.",Kanto,All Items > Hardware > Cable Tie,Packet,"[{""uom"":""Packet"",""conversion_factor"":1.0},{""uom"":""Carton"",""conversion_factor"":100.0}]",,,0,0,334.2
ACM-HEXB0534,Vermont Hex Bolt M10x50 Zinc Plated,"Hex Bolt M10x50, finish: Zinc Plated. Brand Vermont. Sold per Pcs.",Vermont,All Items > Hardware > Hex Bolt,Pcs,"[{""uom"":""Pcs"",""conversion_factor"":1.0},{""uom"":""Carton"",""conversion_factor"":6.0}]",,,0,900,330.76
ACM-HEXB0844,Remax Hex Bolt M8x50 HDG,"Hex Bolt M8x50, finish: HDG. Brand Remax. Sold per Pcs.",Remax,All Items > Hardware > Hex Bolt,Pcs,"[{""uom"":""Pcs"",""conversion_factor"":1.0},{""uom"":""Carton"",""conversion_factor"":6.0}]",906152010972,,0,900,180.2
ACM-NITR0460,Stallion Nitrile Glove XL Blue,"Nitrile Glove XL, colour: Blue. Brand Stallion. Sold per Box.",Stallion,All Items > Hardware > Nitrile Glove,Box,"[{""uom"":""Box"",""conversion_factor"":1.0}]",,STA617431,0,3,75.68
ACM-WALL1041,Hitex Wall Plug 6mm Blue,"Wall Plug 6mm, colour: Blue. Brand Hitex. Sold per Packet.",Hitex,All Items > Hardware > Wall Plug,Packet,"[{""uom"":""Packet"",""conversion_factor"":1.0},{""uom"":""Carton"",""conversion_factor"":12.0}]",,,0,0,164.63
ACM-GIWI0197,Remax GI Wire #16 Soft,"GI Wire #16, grade: Soft. Brand Remax. Sold per Kg.",Remax,All Items > Hardware > GI Wire,Kg,"[{""uom"":""Kg"",""conversion_factor"":1.0}]",900451103786,,0,40,409.6
ACM-BALL0831,"Remax Ball Valve 1/2"" PVC","Ball Valve 1/2"", material: PVC. Brand Remax. Sold per Nos.",Remax,All Items > Hardware > Ball Valve,Nos,"[{""uom"":""Nos"",""conversion_factor"":1.0},{""uom"":""Carton"",""conversion_factor"":100.0}]",972682165319,REM543715,0,12,476.52
ACM-HEXB0228,Kanto Hex Bolt M10x75 HDG,"Hex Bolt M10x75, finish: HDG. Brand Kanto. Sold per Pcs.",Kanto,All Items > Hardware > Hex Bolt,Pcs,"[{""uom"":""Pcs"",""conversion_factor"":1.0},{""uom"":""Carton"",""conversion_factor"":24.0}]",937756280103,,0,12,429.26
ACM-PVCP0142,Vermont PVC Pipe 25mm Class D,"PVC Pipe 25mm, grade: Class D. Brand Vermont. Sold per Length.",Vermont,All Items > Hardware > PVC Pipe,Length,"[{""uom"":""Length"",""conversion_factor"":1.0}]",985867263862,,0,0,340.58
ACM-SELF0504,"Tolsen Self Drilling Screw #8 x 3/4"" Zinc Plated","Self Drilling Screw #8 x 3/4"", finish: Zinc Plated. Brand Tolsen. Sold per Packet.",Tolsen,All Items > Hardware > Self Drilling Screw,Packet,"[{""uom"":""Packet"",""conversion_factor"":1.0},{""uom"":""Carton"",""conversion_factor"":6.0}]",,TOL747872,0,900,447.26
ACM-HOSE1052,Stallion Hose Clip 19-25mm SS304,"Hose Clip 19-25mm, material: SS304. Brand Stallion. Sold per Pcs.",Stallion,All Items > Hardware > Hose Clip,Pcs,"[{""uom"":""Pcs"",""conversion_factor"":1.0},{""uom"":""Carton"",""conversion_factor"":10.0}]",998449700586,STA600728,0,40,92.21
ACM-BALL0778,"Vermont Ball Valve 1-1/4"" SS304","Ball Valve 1-1/4"", material: SS304. Brand Vermont. Sold per Nos.",Vermont,All Items > Hardware > Ball Valve,Nos,"[{""uom"":""Nos"",""conversion_factor"":1.0},{""uom"":""Carton"",""conversion_factor"":100.0}]",,VER595898,0,0,154.22
ACM-GIWI0515,Tolsen GI Wire #20 Hard Drawn,"GI Wire #20, grade: Hard Drawn. Brand Tolsen. Sold per Kg.",Tolsen,All Items > Hardware > GI Wire,Kg,"[{""uom"":""Kg"",""conversion_factor"":1.0}]",932706891716,,0,150,108.96
ACM-PVCP0501,Kanto PVC Pipe 15mm Class D,"PVC Pipe 15mm, grade: Class D. Brand Kanto. Sold per Length.",Kanto,All Items > Hardware > PVC Pipe,Length,"[{""uom"":""Length"",""conversion_factor"":1.0}]",,KAN029307,0,900,141.37
ACM-HEXB0658,Kanto Hex Bolt M8x50 Zinc Plated,"Hex Bolt M8x50, finish: Zinc Plated. Brand Kanto. Sold per Pcs.",Kanto,All Items > Hardware > Hex Bolt,Pcs,"[{""uom"":""Pcs"",""conversion_factor"":1.0},{""uom"":""Carton"",""conversion_factor"":24.0}]",902517350665,KAN021223,0,0,149.58
ACM-WALL0175,Remax Wall Plug 10mm Blue,"Wall Plug 10mm, colour: Blue. Brand Remax. Sold per Packet.",Remax,All Items > Hardware > Wall Plug,Packet,"[{""uom"":""Packet"",""conversion_factor"":1.0},{""uom"":""Carton"",""conversion_factor"":10.0}]",920944400926,REM844614,0,40,72.52
ACM-HEXB0277,Kanto Hex Bolt M10x75 Zinc Plated,"Hex Bolt M10x75, finish: Zinc Plated. Brand Kanto. Sold per Pcs.",Kanto,All Items > Hardware > Hex Bolt,Pcs,"[{""uom"":""Pcs"",""conversion_factor"":1.0},{""uom"":""Carton"",""conversion_factor"":12.0}]",,KAN016872,0,900,458.35
ACM-MASK0887,Vermont Masking Tape 18mm High Temp,"Masking Tape 18mm, grade: High Temp. Brand Vermont. Sold per Roll.",Vermont,All Items > Hardware > Masking Tape,Roll,"[{""uom"":""Roll"",""conversion_factor"":1.0},{""uom"":""Carton"",""conversion_factor"":50.0}]",993466530419,,0,12,412.17
ACM-GIWI0652,Bosco GI Wire #16 Soft,"GI Wire #16, grade: Soft. Brand Bosco. Sold per Kg.",Bosco,All Items > Hardware > GI Wire,Kg,"[{""uom"":""Kg"",""conversion_factor"":1.0}]",944384375074,,0,12,187.88
ACM-SAFE0749,Stallion Safety Helmet White Ratchet,"Safety Helmet White, grade: Ratchet. Brand Stallion. Sold per Nos.",Stallion,All Items > Hardware > Safety Helmet,Nos,"[{""uom"":""Nos"",""conversion_factor"":1.0},{""uom"":""Carton"",""conversion_factor"":12.0}]",960755856022,,0,12,447.31
ACM-HEXB0379,Kanto Hex Bolt M8x30 Stainless 304,"Hex Bolt M8x30, finish: Stainless 304. Brand Kanto. Sold per Pcs.",Kanto,All Items > Hardware > Hex Bolt,Pcs,"[{""uom"":""Pcs"",""conversion_factor"":1.0},{""uom"":""Carton"",""conversion_factor"":12.0}]",916417385327,KAN385546,0,900,358.19
ACM-NITR0497,Vermont Nitrile Glove S Blue,"Nitrile Glove S, colour: Blue. Brand Vermont. Sold per Box.",Vermont,All Items > Hardware > Nitrile Glove,Box,"[{""uom"":""Box"",""conversion_factor"":1.0}]",915124713590,VER840950,0,150,83.27
ACM-MASK0237,Bosco Masking Tape 24mm High Temp,"Masking Tape 24mm, grade: High Temp. Brand Bosco. Sold per Roll.",Bosco,All Items > Hardware > Masking Tape,Roll,"[{""uom"":""Roll"",""conversion_factor"":1.0},{""uom"":""Carton"",""conversion_factor"":12.0}]",932607715436,,0,12,255.91
ACM-HEXB0759,Bosco Hex Bolt M6x30 Stainless 304,"Hex Bolt M6x30, finish: Stainless 304. Brand Bosco. Sold per Pcs.",Bosco,All Items > Hardware > Hex Bolt,Pcs,"[{""uom"":""Pcs"",""conversion_factor"":1.0},{""uom"":""Carton"",""conversion_factor"":100.0}]",,BOS905621,0,0,31.54
ACM-MISC005,DELIVERY FEE,,,All Items > Hardware > Misc,Nos,"[{""uom"": ""Nos"", ""conversion_factor"": 1.0}]",,,0,0,0.0
ACM-GIWI0218,Bosco GI Wire #18 Soft,"GI Wire #18, grade: Soft. Brand Bosco. Sold per Kg.",Bosco,All Items > Hardware > GI Wire,Kg,"[{""uom"":""Kg"",""conversion_factor"":1.0}]",,,0,12,3.12
ACM-WALL0065,Hitex Wall Plug 10mm Red,"Wall Plug 10mm, colour: Red. Brand Hitex. Sold per Packet.",Hitex,All Items > Hardware > Wall Plug,Packet,"[{""uom"":""Packet"",""conversion_factor"":1.0},{""uom"":""Carton"",""conversion_factor"":24.0}]",,HIT027922,0,900,150.81
ACM-CABL0156,Vermont Cable Tie 370mm Black,"Cable Tie 370mm, colour: Black. Brand Vermont. Sold per Packet.",Vermont,All Items > Hardware > Cable Tie,Packet,"[{""uom"":""Packet"",""conversion_factor"":1.0},{""uom"":""Carton"",""conversion_factor"":6.0}]",923126818063,,0,900,407.82
ACM-NITR0122,Stallion Nitrile Glove M Black,"Nitrile Glove M, colour: Black. Brand Stallion. Sold per Box.",Stallion,All Items > Hardware > Nitrile Glove,Box,"[{""uom"":""Box"",""conversion_factor"":1.0}]",915421523850,STA274925,0,900,113.94
ACM-SAFE0299,Remax Safety Helmet Red Standard,"Safety Helmet Red, grade: Standard. Brand Remax. Sold per Nos.",Remax,All Items > Hardware > Safety Helmet,Nos,"[{""uom"":""Nos"",""conversion_factor"":1.0},{""uom"":""Carton"",""conversion_factor"":24.0}]",954443623395,,0,0,360.53
ACM-PVCP0009,Kanto PVC Pipe 15mm Class C,"PVC Pipe 15mm, grade: Class C. Brand Kanto. Sold per Length.",Kanto,All Items > Hardware > PVC Pipe,Length,"[{""uom"":""Length"",""conversion_factor"":1.0}]",,KAN814949,0,12,19.78
ACM-PVCP1075,Remax PVC Pipe 25mm Class E,"PVC Pipe 25mm, grade: Class E. Brand Remax. Sold per Length.",Remax,All Items > Hardware > PVC Pipe,Length,"[{""uom"":""Length"",""conversion_factor"":1.0}]",951329995112,,0,150,147.99
ACM-HEXB0298,Bosco Hex Bolt M8x50 Stainless 304,"Hex Bolt M8x50, finish: Stainless 304. Brand Bosco. Sold per Pcs.",Bosco,All Items > Hardware > Hex Bolt,Pcs,"[{""uom"":""Pcs"",""conversion_factor"":1.0},{""uom"":""Carton"",""conversion_factor"":24.0}]",911738478591,BOS477831,0,40,107.64
ACM-HEXB0708,Hitex Hex Bolt M8x30 Stainless 304,"Hex Bolt M8x30, finish: Stainless 304. Brand Hitex. Sold per Pcs.",Hitex,All Items > Hardware > Hex Bolt,Pcs,"[{""uom"":""Pcs"",""conversion_factor"":1.0},{""uom"":""Carton"",""conversion_factor"":100.0}]",946305962629,HIT438085,0,150,175.77
ACM-PVCP0537,Remax PVC Pipe 32mm Class D,"PVC Pipe 32mm, grade: Class D. Brand Remax. Sold per Length.",Remax,All Items > Hardware > PVC Pipe,Length,"[{""uom"":""Length"",""conversion_factor"":1.0}]",,,0,3,282.66
ACM-ANGL1090,"Stallion Angle Grinder Disc 4.5"" Cutting","Angle Grinder Disc 4.5"", grade: Cutting. Brand Stallion. Sold per Packet.",Stallion,All Items > Hardware > Angle Grinder Disc,Packet,"[{""uom"":""Packet"",""conversion_factor"":1.0},{""uom"":""Carton"",""conversion_factor"":6.0}]",955811267499,STA628007,0,12,403.74
ACM-PVCP1009,Hitex PVC Pipe 50mm Class E,"PVC Pipe 50mm, grade: Class E. Brand Hitex. Sold per Length.",Hitex,All Items > Hardware > PVC Pipe,Length,"[{""uom"":""Length"",""conversion_factor"":1.0}]",,HIT143092,0,0,21.62
ACM-HEXB0310,Vermont Hex Bolt M8x30 Stainless 304,"Hex Bolt M8x30, finish: Stainless 304. Brand Vermont. Sold per Pcs.",Vermont,All Items > Hardware > Hex Bolt,Pcs,"[{""uom"":""Pcs"",""conversion_factor"":1.0},{""uom"":""Carton"",""conversion_factor"":10.0}]",913968439746,,0,150,205.45
ACM-HEXB0431,Vermont Hex Bolt M12x60 HDG,"Hex Bolt M12x60, finish: HDG. Brand Vermont. Sold per Pcs.",Vermont,All Items > Hardware > Hex Bolt,Pcs,"[{""uom"":""Pcs"",""conversion_factor"":1.0},{""uom"":""Carton"",""conversion_factor"":6.0}]",995978677190,,0,0,215.81
ACM-SELF0108,"Vermont Self Drilling Screw #10 x 1"" Zinc Plated","Self Drilling Screw #10 x 1"", finish: Zinc Plated. Brand Vermont. Sold per Packet.",Vermont,All Items > Hardware > Self Drilling Screw,Packet,"[{""uom"":""Packet"",""conversion_factor"":1.0},{""uom"":""Carton"",""conversion_factor"":12.0}]",945406310943,VER743316,0,150,117.45
ACM-SAFE0984,Remax Safety Helmet Yellow Standard,"Safety Helmet Yellow, grade: Standard. Brand Remax. Sold per Nos.",Remax,All Items > Hardware > Safety Helmet,Nos,"[{""uom"":""Nos"",""conversion_factor"":1.0},{""uom"":""Carton"",""conversion_factor"":50.0}]",,,0,3,299.03
ACM-GIWI0897,Tolsen GI Wire #16 Hard Drawn,"GI Wire #16, grade: Hard Drawn. Brand Tolsen. Sold per Kg.",Tolsen,All Items > Hardware > GI Wire,Kg,"[{""uom"":""Kg"",""conversion_factor"":1.0}]",972174663432,TOL822480,0,40,133.78
ACM-SAFE0829,Bosco Safety Helmet Blue Standard,"Safety Helmet Blue, grade: Standard. Brand Bosco. Sold per Nos.",Bosco,All Items > Hardware > Safety Helmet,Nos,"[{""uom"":""Nos"",""conversion_factor"":1.0},{""uom"":""Carton"",""conversion_factor"":50.0}]",,BOS065758,0,3,347.65
ACM-CABL0161,Vermont Cable Tie 300mm White,"Cable Tie 300mm, colour: White. Brand Vermont. Sold per Packet.",Vermont,All Items > Hardware > Cable Tie,Packet,"[{""uom"":""Packet"",""conversion_factor"":1.0},{""uom"":""Carton"",""conversion_factor"":100.0}]",952894961168,,0,12,227.78
ACM-CABL0461,Tolsen Cable Tie 100mm White,"Cable Tie 100mm, colour: White. Brand Tolsen. Sold per Packet.",Tolsen,All Items > Hardware > Cable Tie,Packet,"[{""uom"":""Packet"",""conversion_factor"":1.0},{""uom"":""Carton"",""conversion_factor"":24.0}]",939251654769,,0,12,376.06
ACM-PVCP0570,Hitex PVC Pipe 50mm Class D,"PVC Pipe 50mm, grade: Class D. Brand Hitex. Sold per Length.",Hitex,All Items > Hardware > PVC Pipe,Length,"[{""uom"":""Length"",""conversion_factor"":1.0}]",912457985302,HIT976156,0,900,202.3
ACM-SAFE0393,Hitex Safety Helmet Blue Ratchet,"Safety Helmet Blue, grade: Ratchet. Brand Hitex. Sold per Nos.",Hitex,All Items > Hardware > Safety Helmet,Nos,"[{""uom"":""Nos"",""conversion_factor"":1.0},{""uom"":""Carton"",""conversion_factor"":6.0}]",,,0,150,177.17
ACM-HEXB0860,Remax Hex Bolt M8x75 Zinc Plated,"Hex Bolt M8x75, finish: Zinc Plated. Brand Remax. Sold per Pcs.",Remax,All Items > Hardware > Hex Bolt,Pcs,"[{""uom"":""Pcs"",""conversion_factor"":1.0},{""uom"":""Carton"",""conversion_factor"":10.0}]",975416060117,,0,150,117.99
ACM-PVCP0691,Bosco PVC Pipe 15mm Class E,"PVC Pipe 15mm, grade: Class E. Brand Bosco. Sold per Length.",Bosco,All Items > Hardware > PVC Pipe,Length,"[{""uom"":""Length"",""conversion_factor"":1.0}]",946835282051,,0,150,299.41
ACM-BALL0735,"Tolsen Ball Valve 3/4"" SS304","Ball Valve 3/4"", material: SS304. Brand Tolsen. Sold per Nos.",Tolsen,All Items > Hardware > Ball Valve,Nos,"[{""uom"":""Nos"",""conversion_factor"":1.0},{""uom"":""Carton"",""conversion_factor"":50.0}]",,,0,12,137.73
ACM-SAFE0375,Kanto Safety Helmet Red Ratchet,"Safety Helmet Red, grade: Ratchet. Brand Kanto. Sold per Nos.",Kanto,All Items > Hardware > Safety Helmet,Nos,"[{""uom"":""Nos"",""conversion_factor"":1.0},{""uom"":""Carton"",""conversion_factor"":6.0}]",935264768016,,0,0,3.99
ACM-HEXB0319,Hitex Hex Bolt M10x75 Zinc Plated,"Hex Bolt M10x75, finish: Zinc Plated. Brand Hitex. Sold per Pcs.",Hitex,All Items > Hardware > Hex Bolt,Pcs,"[{""uom"":""Pcs"",""conversion_factor"":1.0},{""uom"":""Carton"",""conversion_factor"":24.0}]",,,0,900,393.79
ACM-NITR0362,Bosco Nitrile Glove S Black,"Nitrile Glove S, colour: Black. Brand Bosco. Sold per Box.",Bosco,All Items > Hardware > Nitrile Glove,Box,"[{""uom"":""Box"",""conversion_factor"":1.0}]",,,0,0,152.64
ACM-MASK0600,Tolsen Masking Tape 24mm General,"Masking Tape 24mm, grade: General. Brand Tolsen. Sold per Roll.",Tolsen,All Items > Hardware > Masking Tape,Roll,"[{""uom"":""Roll"",""conversion_factor"":1.0},{""uom"":""Carton"",""conversion_factor"":6.0}]",910370287701,,0,150,250.46
ACM-CABL0312,Remax Cable Tie 370mm Natural,"Cable Tie 370mm, colour: Natural. Brand Remax. Sold per Packet.",Remax,All Items > Hardware > Cable Tie,Packet,"[{""uom"":""Packet"",""conversion_factor"":1.0},{""uom"":""Carton"",""conversion_factor"":12.0}]",928131245636,REM385133,0,3,85.72
ACM-CABL0549,Kanto Cable Tie 200mm Black,"Cable Tie 200mm, colour: Black. Brand Kanto. Sold per Packet.",Kanto,All Items > Hardware > Cable Tie,Packet,"[{""uom"":""Packet"",""conversion_factor"":1.0},{""uom"":""Carton"",""conversion_factor"":100.0}]",,,0,40,444.34
ACM-MASK0032,Kanto Masking Tape 24mm High Temp,"Masking Tape 24mm, grade: High Temp. Brand Kanto. Sold per Roll.",Kanto,All Items > Hardware > Masking Tape,Roll,"[{""uom"":""Roll"",""conversion_factor"":1.0},{""uom"":""Carton"",""conversion_factor"":24.0}]",965500180557,,0,3,165.84
ACM-PVCP0119,Hitex PVC Pipe 20mm Class C,"PVC Pipe 20mm, grade: Class C. Brand Hitex. Sold per Length.",Hitex,All Items > Hardware > PVC Pipe,Length,"[{""uom"":""Length"",""conversion_factor"":1.0}]",,HIT327324,0,12,293.71
ACM-PVCP0625,Vermont PVC Pipe 25mm Class C,"PVC Pipe 25mm, grade: Class C. Brand Vermont. Sold per Length.",Vermont,All Items > Hardware > PVC Pipe,Length,"[{""uom"":""Length"",""conversion_factor"":1.0}]",923344618066,,0,150,445.57
ACM-HEXB0433,Vermont Hex Bolt M6x30 HDG,"Hex Bolt M6x30, finish: HDG. Brand Vermont. Sold per Pcs.",Vermont,All Items > Hardware > Hex Bolt,Pcs,"[{""uom"":""Pcs"",""conversion_factor"":1.0},{""uom"":""Carton"",""conversion_factor"":100.0}]",907224677562,,0,150,378.48
ACM-SELF0766,"Remax Self Drilling Screw #10 x 1-1/2"" Stainless 410","Self Drilling Screw #10 x 1-1/2"", finish: Stainless 410. Brand Remax. Sold per Packet.",Remax,All Items > Hardware > Self Drilling Screw,Packet,"[{""uom"":""Packet"",""conversion_factor"":1.0},{""uom"":""Carton"",""conversion_factor"":24.0}]",901736465664,REM932937,0,0,13.57
ACM-BALL0688,"Tolsen Ball Valve 2"" Brass","Ball Valve 2"", material: Brass. Brand Tolsen. Sold per Nos.",Tolsen,All Items > Hardware > Ball Valve,Nos,"[{""uom"":""Nos"",""conversion_factor"":1.0},{""uom"":""Carton"",""conversion_factor"":12.0}]",944734710871,TOL837401,0,40,17.73
ACM-ANGL0335,"Hitex Angle Grinder Disc 4"" Flap","Angle Grinder Disc 4"", grade: Flap. Brand Hitex. Sold per Packet.",Hitex,All Items > Hardware > Angle Grinder Disc,Packet,"[{""uom"":""Packet"",""conversion_factor"":1.0},{""uom"":""Carton"",""conversion_factor"":50.0}]",924894708767,,0,0,69.01
ACM-HEXB0238,Vermont Hex Bolt M6x30 Stainless 316,"Hex Bolt M6x30, finish: Stainless 316. Brand Vermont. Sold per Pcs.",Vermont,All Items > Hardware > Hex Bolt,Pcs,"[{""uom"":""Pcs"",""conversion_factor"":1.0},{""uom"":""Carton"",""conversion_factor"":24.0}]",950850624680,,0,0,425.05
ACM-BALL0168,"Kanto Ball Valve 3/4"" Brass","Ball Valve 3/4"", material: Brass. Brand Kanto. Sold per Nos.",Kanto,All Items > Hardware > Ball Valve,Nos,"[{""uom"":""Nos"",""conversion_factor"":1.0},{""uom"":""Carton"",""conversion_factor"":10.0}]",924126589835,,0,40,55.66
ACM-ANGL0858,"Stallion Angle Grinder Disc 4"" Flap","Angle Grinder Disc 4"", grade: Flap. Brand Stallion. Sold per Packet.",Stallion,All Items > Hardware > Angle Grinder Disc,Packet,"[{""uom"":""Packet"",""conversion_factor"":1.0},{""uom"":""Carton"",""conversion_factor"":6.0}]",,,0,0,64.97
ACM-SELF0247,"Hitex Self Drilling Screw #8 x 3/4"" Zinc Plated","Self Drilling Screw #8 x 3/4"", finish: Zinc Plated. Brand Hitex. Sold per Packet.",Hitex,All Items > Hardware > Self Drilling Screw,Packet,"[{""uom"":""Packet"",""conversion_factor"":1.0},{""uom"":""Carton"",""conversion_factor"":24.0}]",905760092786,HIT098358,0,3,15.4
ACM-MASK0629,Vermont Masking Tape 18mm General,"Masking Tape 18mm, grade: General. Brand Vermont. Sold per Roll.",Vermont,All Items > Hardware > Masking Tape,Roll,"[{""uom"":""Roll"",""conversion_factor"":1.0},{""uom"":""Carton"",""conversion_factor"":12.0}]",953924574042,VER212366,0,900,90.38
ACM-CABL0452,Bosco Cable Tie 200mm Natural,"Cable Tie 200mm, colour: Natural. Brand Bosco. Sold per Packet.",Bosco,All Items > Hardware > Cable Tie,Packet,"[{""uom"":""Packet"",""conversion_factor"":1.0},{""uom"":""Carton"",""conversion_factor"":6.0}]",,BOS038867,0,12,65.54
ACM-SAFE0360,Kanto Safety Helmet White Ratchet,"Safety Helmet White, grade: Ratchet. Brand Kanto. Sold per Nos.",Kanto,All Items > Hardware > Safety Helmet,Nos,"[{""uom"":""Nos"",""conversion_factor"":1.0},{""uom"":""Carton"",""conversion_factor"":6.0}]",,,0,150,329.53
ACM-CABL1031,Bosco Cable Tie 300mm Natural,"Cable Tie 300mm, colour: Natural. Brand Bosco. Sold per Packet.",Bosco,All Items > Hardware > Cable Tie,Packet,"[{""uom"":""Packet"",""conversion_factor"":1.0},{""uom"":""Carton"",""conversion_factor"":10.0}]",,,0,900,3.43
ACM-HEXB0723,Stallion Hex Bolt M8x75 Stainless 316,"Hex Bolt M8x75, finish: Stainless 316. Brand Stallion. Sold per Pcs.",Stallion,All Items > Hardware > Hex Bolt,Pcs,"[{""uom"":""Pcs"",""conversion_factor"":1.0},{""uom"":""Carton"",""conversion_factor"":6.0}]",981877617693,STA023386,0,40,181.59
ACM-PVCP0131,Kanto PVC Pipe 32mm Class E,"PVC Pipe 32mm, grade: Class E. Brand Kanto. Sold per Length.",Kanto,All Items > Hardware > PVC Pipe,Length,"[{""uom"":""Length"",""conversion_factor"":1.0}]",980739427355,KAN379252,0,12,252.04
ACM-GIWI0621,Kanto GI Wire #18 Soft,"GI Wire #18, grade: Soft. Brand Kanto. Sold per Kg.",Kanto,All Items > Hardware > GI Wire,Kg,"[{""uom"":""Kg"",""conversion_factor"":1.0}]",,,0,0,339.26
ACM-ANGL0303,"Bosco Angle Grinder Disc 4.5"" Flap","Angle Grinder Disc 4.5"", grade: Flap. Brand Bosco. Sold per Packet.",Bosco,All Items > Hardware > Angle Grinder Disc,Packet,"[{""uom"":""Packet"",""conversion_factor"":1.0},{""uom"":""Carton"",""conversion_factor"":6.0}]",956749283968,,0,12,104.52
ACM-HEXB0783,Hitex Hex Bolt M10x75 Stainless 304,"Hex Bolt M10x75, finish: Stainless 304. Brand Hitex. Sold per Pcs.",Hitex,All Items > Hardware > Hex Bolt,Pcs,"[{""uom"":""Pcs"",""conversion_factor"":1.0},{""uom"":""Carton"",""conversion_factor"":6.0}]",914333526200,,0,0,350.1
ACM-CABL0689,Tolsen Cable Tie 370mm White,"Cable Tie 370mm, colour: White. Brand Tolsen. Sold per Packet.",Tolsen,All Items > Hardware > Cable Tie,Packet,"[{""uom"":""Packet"",""conversion_factor"":1.0},{""uom"":""Carton"",""conversion_factor"":100.0}]",982326858898,TOL090742,0,900,21.95
ACM-CABL0733,Remax Cable Tie 370mm White,"Cable Tie 370mm, colour: White. Brand Remax. Sold per Packet.",Remax,All Items > Hardware > Cable Tie,Packet,"[{""uom"":""Packet"",""conversion_factor"":1.0},{""uom"":""Carton"",""conversion_factor"":100.0}]",,REM483226,0,150,156.23
ACM-PVCP0126,Remax PVC Pipe 32mm Class C,"PVC Pipe 32mm, grade: Class C. Brand Remax. Sold per Length.",Remax,All Items > Hardware > PVC Pipe,Length,"[{""uom"":""Length"",""conversion_factor"":1.0}]",914328143495,,0,3,453.43
ACM-HOSE1069,Stallion Hose Clip 25-38mm Zinc,"Hose Clip 25-38mm, material: Zinc. Brand Stallion. Sold per Pcs.",Stallion,All Items > Hardware > Hose Clip,Pcs,"[{""uom"":""Pcs"",""conversion_factor"":1.0},{""uom"":""Carton"",""conversion_factor"":24.0}]",,,0,0,302.57
ACM-MASK0307,Stallion Masking Tape 24mm High Temp,"Masking Tape 24mm, grade: High Temp. Brand Stallion. Sold per Roll.",Stallion,All Items > Hardware > Masking Tape,Roll,"[{""uom"":""Roll"",""conversion_factor"":1.0},{""uom"":""Carton"",""conversion_factor"":12.0}]",982851051412,,0,40,299.67
ACM-SELF0681,"Stallion Self Drilling Screw #10 x 1"" Zinc Plated","Self Drilling Screw #10 x 1"", finish: Zinc Plated. Brand Stallion. Sold per Packet.",Stallion,All Items > Hardware > Self Drilling Screw,Packet,"[{""uom"":""Packet"",""conversion_factor"":1.0},{""uom"":""Carton"",""conversion_factor"":6.0}]",909385045131,STA519095,0,3,93.58
ACM-NITR0351,Kanto Nitrile Glove XL Blue,"Nitrile Glove XL, colour: Blue. Brand Kanto. Sold per Box.",Kanto,All Items > Hardware > Nitrile Glove,Box,"[{""uom"":""Box"",""conversion_factor"":1.0}]",,KAN131364,0,12,247.39
ACM-PVCP0923,Stallion PVC Pipe 50mm Class C,"PVC Pipe 50mm, grade: Class C. Brand Stallion. Sold per Length.",Stallion,All Items > Hardware > PVC Pipe,Length,"[{""uom"":""Length"",""conversion_factor"":1.0}]",928669823226,,0,40,232.21
ACM-HEXB0236,Tolsen Hex Bolt M8x30 Zinc Plated,"Hex Bolt M8x30, finish: Zinc Plated. Brand Tolsen. Sold per Pcs.",Tolsen,All Items > Hardware > Hex Bolt,Pcs,"[{""uom"":""Pcs"",""conversion_factor"":1.0},{""uom"":""Carton"",""conversion_factor"":12.0}]",968523916306,,0,150,49.3
ACM-HEXB0848,Tolsen Hex Bolt M10x50 HDG,"Hex Bolt M10x50, finish: HDG. Brand Tolsen. Sold per Pcs.",Tolsen,All Items > Hardware > Hex Bolt,Pcs,"[{""uom"":""Pcs"",""conversion_factor"":1.0},{""uom"":""Carton"",""conversion_factor"":24.0}]",,,0,3,69.86
ACM-MASK0434,Remax Masking Tape 48mm High Temp,"Masking Tape 48mm, grade: High Temp. Brand Remax. Sold per Roll.",Remax,All Items > Hardware > Masking Tape,Roll,"[{""uom"":""Roll"",""conversion_factor"":1.0},{""uom"":""Carton"",""conversion_factor"":6.0}]",966285314241,REM570738,0,0,70.12
ACM-GIWI0179,Bosco GI Wire #20 Soft,"GI Wire #20, grade: Soft. Brand Bosco. Sold per Kg.",Bosco,All Items > Hardware > GI Wire,Kg,"[{""uom"":""Kg"",""conversion_factor"":1.0}]",918053249502,,0,12,234.9
ACM-PVCP0048,Remax PVC Pipe 15mm Class D,"PVC Pipe 15mm, grade: Class D. Brand Remax. Sold per Length.",Remax,All Items > Hardware > PVC Pipe,Length,"[{""uom"":""Length"",""conversion_factor"":1.0}]",980936528882,,0,12,207.59
ACM-HEXB0517,Stallion Hex Bolt M6x30 Stainless 316,"Hex Bolt M6x30, finish: Stainless 316. Brand Stallion. Sold per Pcs.",Stallion,All Items > Hardware > Hex Bolt,Pcs,"[{""uom"":""Pcs"",""conversion_factor"":1.0},{""uom"":""Carton"",""conversion_factor"":6.0}]",969909591852,STA479978,0,40,19.81
ACM-ANGL1036,"Remax Angle Grinder Disc 5"" Cutting","Angle Grinder Disc 5"", grade: Cutting. Brand Remax. Sold per Packet.",Remax,All Items > Hardware > Angle Grinder Disc,Packet,"[{""uom"":""Packet"",""conversion_factor"":1.0},{""uom"":""Carton"",""conversion_factor"":50.0}]",979108039977,REM129977,0,900,5.6
ACM-PVCP0138,Tolsen PVC Pipe 15mm Class D,"PVC Pipe 15mm, grade: Class D. Brand Tolsen. Sold per Length.",Tolsen,All Items > Hardware > PVC Pipe,Length,"[{""uom"":""Length"",""conversion_factor"":1.0}]",933700224443,,0,40,173.65
ACM-PVCP0739,Kanto PVC Pipe 32mm Class D,"PVC Pipe 32mm, grade: Class D. Brand Kanto. Sold per Length.",Kanto,All Items > Hardware > PVC Pipe,Length,"[{""uom"":""Length"",""conversion_factor"":1.0}]",,KAN778068,0,40,421.15
ACM-GIWI0097,Stallion GI Wire #14 Hard Drawn,"GI Wire #14, grade: Hard Drawn. Brand Stallion. Sold per Kg.",Stallion,All Items > Hardware > GI Wire,Kg,"[{""uom"":""Kg"",""conversion_factor"":1.0}]",,,0,150,401.61
ACM-BALL0525,"Vermont Ball Valve 2"" SS304","Ball Valve 2"", material: SS304. Brand Vermont. Sold per Nos.",Vermont,All Items > Hardware > Ball Valve,Nos,"[{""uom"":""Nos"",""conversion_factor"":1.0},{""uom"":""Carton"",""conversion_factor"":12.0}]",904455028886,VER384082,0,40,239.7
ACM-GIWI0557,Vermont GI Wire #14 Soft,"GI Wire #14, grade: Soft. Brand Vermont. Sold per Kg.",Vermont,All Items > Hardware > GI Wire,Kg,"[{""uom"":""Kg"",""conversion_factor"":1.0}]",,,0,0,118.87
ACM-CABL1057,Vermont Cable Tie 450mm Black,"Cable Tie 450mm, colour: Black. Brand Vermont. Sold per Packet.",Vermont,All Items > Hardware > Cable Tie,Packet,"[{""uom"":""Packet"",""conversion_factor"":1.0},{""uom"":""Carton"",""conversion_factor"":10.0}]",,,0,3,322.11
ACM-PVCP1046,Stallion PVC Pipe 15mm Class D,"PVC Pipe 15mm, grade: Class D. Brand Stallion. Sold per Length.",Stallion,All Items > Hardware > PVC Pipe,Length,"[{""uom"":""Length"",""conversion_factor"":1.0}]",949835699501,STA299873,0,150,238.11
ACM-HOSE0467,Stallion Hose Clip 38-50mm SS304,"Hose Clip 38-50mm, material: SS304. Brand Stallion. Sold per Pcs.",Stallion,All Items > Hardware > Hose Clip,Pcs,"[{""uom"":""Pcs"",""conversion_factor"":1.0},{""uom"":""Carton"",""conversion_factor"":10.0}]",926198907896,STA217694,0,150,403.95
ACM-BALL0132,"Hitex Ball Valve 1/2"" PVC","Ball Valve 1/2"", material: PVC. Brand Hitex. Sold per Nos.",Hitex,All Items > Hardware > Ball Valve,Nos,"[{""uom"":""Nos"",""conversion_factor"":1.0},{""uom"":""Carton"",""conversion_factor"":50.0}]",,HIT781923,0,0,281.62
ACM-HOSE0593,Vermont Hose Clip 13-19mm Zinc,"Hose Clip 13-19mm, material: Zinc. Brand Vermont. Sold per Pcs.",Vermont,All Items > Hardware > Hose Clip,Pcs,"[{""uom"":""Pcs"",""conversion_factor"":1.0},{""uom"":""Carton"",""conversion_factor"":10.0}]",972289937830,,0,12,336.28
ACM-WALL0736,Bosco Wall Plug 8mm Brown,"Wall Plug 8mm, colour: Brown. Brand Bosco. Sold per Packet.",Bosco,All Items > Hardware > Wall Plug,Packet,"[{""uom"":""Packet"",""conversion_factor"":1.0},{""uom"":""Carton"",""conversion_factor"":50.0}]",,,0,0,132.27
ACM-NITR0768,Vermont Nitrile Glove S Black,"Nitrile Glove S, colour: Black. Brand Vermont. Sold per Box.",Vermont,All Items > Hardware > Nitrile Glove,Box,"[{""uom"":""Box"",""conversion_factor"":1.0}]",970394014716,VER677474,0,3,94.73
ACM-BALL0154,"Tolsen Ball Valve 1"" PVC","Ball Valve 1"", material: PVC. Brand Tolsen. Sold per Nos.",Tolsen,All Items > Hardware > Ball Valve,Nos,"[{""uom"":""Nos"",""conversion_factor"":1.0},{""uom"":""Carton"",""conversion_factor"":100.0}]",906977076256,TOL181406,0,150,128.54
ACM-HEXB0542,Kanto Hex Bolt M6x30 Stainless 304,"Hex Bolt M6x30, finish: Stainless 304. Brand Kanto. Sold per Pcs.",Kanto,All Items > Hardware > Hex Bolt,Pcs,"[{""uom"":""Pcs"",""conversion_factor"":1.0},{""uom"":""Carton"",""conversion_factor"":50.0}]",952474780780,,0,12,219.61
ACM-PVCP0640,Bosco PVC Pipe 15mm Class D,"PVC Pipe 15mm, grade: Class D. Brand Bosco. Sold per Length.",Bosco,All Items > Hardware > PVC Pipe,Length,"[{""uom"":""Length"",""conversion_factor"":1.0}]",,,0,40,140.84
ACM-CABL0340,Bosco Cable Tie 450mm Black,"Cable Tie 450mm, colour: Black. Brand Bosco. Sold per Packet.",Bosco,All Items > Hardware > Cable Tie,Packet,"[{""uom"":""Packet"",""conversion_factor"":1.0},{""uom"":""Carton"",""conversion_factor"":10.0}]",982469592656,BOS051610,0,900,10.24
ACM-PVCP1091,Remax PVC Pipe 15mm Class C,"PVC Pipe 15mm, grade: Class C. Brand Remax. Sold per Length.",Remax,All Items > Hardware > PVC Pipe,Length,"[{""uom"":""Length"",""conversion_factor"":1.0}]",,REM706930,0,0,419.78
ACM-SELF0043,"Kanto Self Drilling Screw #8 x 1"" Stainless 410","Self Drilling Screw #8 x 1"", finish: Stainless 410. Brand Kanto. Sold per Packet.",Kanto,All Items > Hardware > Self Drilling Screw,Packet,"[{""uom"":""Packet"",""conversion_factor"":1.0},{""uom"":""Carton"",""conversion_factor"":50.0}]",964321079460,KAN222065,0,0,337.86
ACM-CABL0654,Hitex Cable Tie 300mm White,"Cable Tie 300mm, colour: White. Brand Hitex. Sold per Packet.",Hitex,All Items > Hardware > Cable Tie,Packet,"[{""uom"":""Packet"",""conversion_factor"":1.0},{""uom"":""Carton"",""conversion_factor"":10.0}]",980385835338,,0,150,386.59
ACM-CABL1035,Remax Cable Tie 150mm White,"Cable Tie 150mm, colour: White. Brand Remax. Sold per Packet.",Remax,All Items > Hardware > Cable Tie,Packet,"[{""uom"":""Packet"",""conversion_factor"":1.0},{""uom"":""Carton"",""conversion_factor"":12.0}]",937053655540,REM501881,0,12,192.07
ACM-MISC006,MISC CHARGE,,,All Items > Hardware > Misc,Nos,"[{""uom"": ""Nos"", ""conversion_factor"": 1.0}]",,,0,0,0.0
ACM-BALL0289,"Bosco Ball Valve 1/2"" Brass","Ball Valve 1/2"", material: Brass. Brand Bosco. Sold per Nos.",Bosco,All Items > Hardware > Ball Valve,Nos,"[{""uom"":""Nos"",""conversion_factor"":1.0},{""uom"":""Carton"",""conversion_factor"":10.0}]",965802591532,,0,0,111.12
ACM-ANGL0788,"Kanto Angle Grinder Disc 5"" Grinding","Angle Grinder Disc 5"", grade: Grinding. Brand Kanto. Sold per Packet.",Kanto,All Items > Hardware > Angle Grinder Disc,Packet,"[{""uom"":""Packet"",""conversion_factor"":1.0},{""uom"":""Carton"",""conversion_factor"":6.0}]",,,0,3,470.79
ACM-ANGL0051,"Kanto Angle Grinder Disc 7"" Flap","Angle Grinder Disc 7"", grade: Flap. Brand Kanto. Sold per Packet.",Kanto,All Items > Hardware > Angle Grinder Disc,Packet,"[{""uom"":""Packet"",""conversion_factor"":1.0},{""uom"":""Carton"",""conversion_factor"":24.0}]",,KAN997023,0,12,351.45
ACM-WALL0324,Vermont Wall Plug 12mm Brown,"Wall Plug 12mm, colour: Brown. Brand Vermont. Sold per Packet.",Vermont,All Items > Hardware > Wall Plug,Packet,"[{""uom"":""Packet"",""conversion_factor"":1.0},{""uom"":""Carton"",""conversion_factor"":24.0}]",913739966337,,0,150,132.16
ACM-CABL0353,Tolsen Cable Tie 450mm Black,"Cable Tie 450mm, colour: Black. Brand Tolsen. Sold per Packet.",Tolsen,All Items > Hardware > Cable Tie,Packet,"[{""uom"":""Packet"",""conversion_factor"":1.0},{""uom"":""Carton"",""conversion_factor"":6.0}]",943996407591,,0,3,362.04
ACM-CABL0885,Kanto Cable Tie 100mm White,"Cable Tie 100mm, colour: White. Brand Kanto. Sold per Packet.",Kanto,All Items > Hardware > Cable Tie,Packet,"[{""uom"":""Packet"",""conversion_factor"":1.0},{""uom"":""Carton"",""conversion_factor"":6.0}]",,,0,12,441.64
ACM-MASK0163,Kanto Masking Tape 12mm High Temp,"Masking Tape 12mm, grade: High Temp. Brand Kanto. Sold per Roll.",Kanto,All Items > Hardware > Masking Tape,Roll,"[{""uom"":""Roll"",""conversion_factor"":1.0},{""uom"":""Carton"",""conversion_factor"":12.0}]",,,0,0,372.82
ACM-BALL0241,"Remax Ball Valve 1/2"" Brass","Ball Valve 1/2"", material: Brass. Brand Remax. Sold per Nos.",Remax,All Items > Hardware > Ball Valve,Nos,"[{""uom"":""Nos"",""conversion_factor"":1.0},{""uom"":""Carton"",""conversion_factor"":12.0}]",933683537313,,0,3,442.77
ACM-BALL0493,"Bosco Ball Valve 3/4"" Brass","Ball Valve 3/4"", material: Brass. Brand Bosco. Sold per Nos.",Bosco,All Items > Hardware > Ball Valve,Nos,"[{""uom"":""Nos"",""conversion_factor"":1.0},{""uom"":""Carton"",""conversion_factor"":100.0}]",,,0,0,22.55
ACM-NITR0470,Bosco Nitrile Glove L Blue,"Nitrile Glove L, colour: Blue. Brand Bosco. Sold per Box.",Bosco,All Items > Hardware > Nitrile Glove,Box,"[{""uom"":""Box"",""conversion_factor"":1.0}]",,,0,40,421.58
ACM-WALL0039,Kanto Wall Plug 10mm Red,"Wall Plug 10mm, colour: Red. Brand Kanto. Sold per Packet.",Kanto,All Items > Hardware > Wall Plug,Packet,"[{""uom"":""Packet"",""conversion_factor"":1.0},{""uom"":""Carton"",""conversion_factor"":6.0}]",,,0,3,251.89
ACM-WALL0535,Hitex Wall Plug 12mm Brown,"Wall Plug 12mm, colour: Brown. Brand Hitex. Sold per Packet.",Hitex,All Items > Hardware > Wall Plug,Packet,"[{""uom"":""Packet"",""conversion_factor"":1.0},{""uom"":""Carton"",""conversion_factor"":6.0}]",,,0,0,200.73
ACM-GIWI0430,Hitex GI Wire #18 Hard Drawn,"GI Wire #18, grade: Hard Drawn. Brand Hitex. Sold per Kg.",Hitex,All Items > Hardware > GI Wire,Kg,"[{""uom"":""Kg"",""conversion_factor"":1.0}]",995725244941,HIT284570,0,0,352.02
ACM-SELF0304,"Bosco Self Drilling Screw #10 x 1"" Stainless 410","Self Drilling Screw #10 x 1"", finish: Stainless 410. Brand Bosco. Sold per Packet.",Bosco,All Items > Hardware > Self Drilling Screw,Packet,"[{""uom"":""Packet"",""conversion_factor"":1.0},{""uom"":""Carton"",""conversion_factor"":10.0}]",960398998127,,0,0,115.94
ACM-PVCP0616,Kanto PVC Pipe 20mm Class C,"PVC Pipe 20mm, grade: Class C. Brand Kanto. Sold per Length.",Kanto,All Items > Hardware > PVC Pipe,Length,"[{""uom"":""Length"",""conversion_factor"":1.0}]",998828732211,,0,3,4.75
ACM-MASK0478,Tolsen Masking Tape 18mm High Temp,"Masking Tape 18mm, grade: High Temp. Brand Tolsen. Sold per Roll.",Tolsen,All Items > Hardware > Masking Tape,Roll,"[{""uom"":""Roll"",""conversion_factor"":1.0},{""uom"":""Carton"",""conversion_factor"":10.0}]",910658993231,,0,900,302.72
ACM-CABL0407,Kanto Cable Tie 150mm Natural,"Cable Tie 150mm, colour: Natural. Brand Kanto. Sold per Packet.",Kanto,All Items > Hardware > Cable Tie,Packet,"[{""uom"":""Packet"",""conversion_factor"":1.0},{""uom"":""Carton"",""conversion_factor"":12.0}]",,,0,40,11.39
ACM-BALL0827,"Remax Ball Valve 1"" SS304","Ball Valve 1"", material: SS304. Brand Remax. Sold per Nos.",Remax,All Items > Hardware > Ball Valve,Nos,"[{""uom"":""Nos"",""conversion_factor"":1.0},{""uom"":""Carton"",""conversion_factor"":50.0}]",971610582166,,0,0,478.46
ACM-HEXB0632,Stallion Hex Bolt M8x50 Stainless 304,"Hex Bolt M8x50, finish: Stainless 304. Brand Stallion. Sold per Pcs.",Stallion,All Items > Hardware > Hex Bolt,Pcs,"[{""uom"":""Pcs"",""conversion_factor"":1.0},{""uom"":""Carton"",""conversion_factor"":6.0}]",,,0,150,401.86
ACM-MASK0553,Vermont Masking Tape 12mm General,"Masking Tape 12mm, grade: General. Brand Vermont. Sold per Roll.",Vermont,All Items > Hardware > Masking Tape,Roll,"[{""uom"":""Roll"",""conversion_factor"":1.0},{""uom"":""Carton"",""conversion_factor"":50.0}]",,,0,0,26.66
ACM-SELF0416,"Bosco Self Drilling Screw #8 x 1"" Stainless 410","Self Drilling Screw #8 x 1"", finish: Stainless 410. Brand Bosco. Sold per Packet.",Bosco,All Items > Hardware > Self Drilling Screw,Packet,"[{""uom"":""Packet"",""conversion_factor"":1.0},{""uom"":""Carton"",""conversion_factor"":10.0}]",915987505055,BOS137145,0,900,458.65
ACM-NITR0960,Vermont Nitrile Glove XL Black,"Nitrile Glove XL, colour: Black. Brand Vermont. Sold per Box.",Vermont,All Items > Hardware > Nitrile Glove,Box,"[{""uom"":""Box"",""conversion_factor"":1.0}]",956725409022,,0,12,412.74
ACM-HEXB0268,Hitex Hex Bolt M6x50 Stainless 304,"Hex Bolt M6x50, finish: Stainless 304. Brand Hitex. Sold per Pcs.",Hitex,All Items > Hardware > Hex Bolt,Pcs,"[{""uom"":""Pcs"",""conversion_factor"":1.0},{""uom"":""Carton"",""conversion_factor"":24.0}]",946085209519,,0,3,237.69
ACM-SELF0712,"Bosco Self Drilling Screw #8 x 1"" Zinc Plated","Self Drilling Screw #8 x 1"", finish: Zinc Plated. Brand Bosco. Sold per Packet.",Bosco,All Items > Hardware > Self Drilling Screw,Packet,"[{""uom"":""Packet"",""conversion_factor"":1.0},{""uom"":""Carton"",""conversion_factor"":12.0}]",,BOS848772,0,40,308.95
ACM-SAFE0861,Tolsen Safety Helmet Blue Ratchet,"Safety Helmet Blue, grade: Ratchet. Brand Tolsen. Sold per Nos.",Tolsen,All Items > Hardware > Safety Helmet,Nos,"[{""uom"":""Nos"",""conversion_factor"":1.0},{""uom"":""Carton"",""conversion_factor"":50.0}]",900972862073,,0,3,136.58
ACM-BALL0146,"Vermont Ball Valve 1"" Brass","Ball Valve 1"", material: Brass. Brand Vermont. Sold per Nos.",Vermont,All Items > Hardware > Ball Valve,Nos,"[{""uom"":""Nos"",""conversion_factor"":1.0},{""uom"":""Carton"",""conversion_factor"":50.0}]",980425854084,,0,12,283.78
ACM-HEXB0420,Bosco Hex Bolt M6x50 Stainless 316,"Hex Bolt M6x50, finish: Stainless 316. Brand Bosco. Sold per Pcs.",Bosco,All Items > Hardware > Hex Bolt,Pcs,"[{""uom"":""Pcs"",""conversion_factor"":1.0},{""uom"":""Carton"",""conversion_factor"":100.0}]",928552335160,BOS112697,0,40,292.04
ACM-WALL0205,Tolsen Wall Plug 8mm Red,"Wall Plug 8mm, colour: Red. Brand Tolsen. Sold per Packet.",Tolsen,All Items > Hardware > Wall Plug,Packet,"[{""uom"":""Packet"",""conversion_factor"":1.0},{""uom"":""Carton"",""conversion_factor"":100.0}]",,,0,3,155.66
ACM-GIWI0961,Remax GI Wire #18 Hard Drawn,"GI Wire #18, grade: Hard Drawn. Brand Remax. Sold per Kg.",Remax,All Items > Hardware > GI Wire,Kg,"[{""uom"":""Kg"",""conversion_factor"":1.0}]",,,0,3,305.71
ACM-HOSE1014,Remax Hose Clip 19-25mm Zinc,"Hose Clip 19-25mm, material: Zinc. Brand Remax. Sold per Pcs.",Remax,All Items > Hardware > Hose Clip,Pcs,"[{""uom"":""Pcs"",""conversion_factor"":1.0},{""uom"":""Carton"",""conversion_factor"":50.0}]",926173652625,,0,0,195.12
ACM-WALL0052,Remax Wall Plug 6mm Red,"Wall Plug 6mm, colour: Red. Brand Remax. Sold per Packet.",Remax,All Items > Hardware > Wall Plug,Packet,"[{""uom"":""Packet"",""conversion_factor"":1.0},{""uom"":""Carton"",""conversion_factor"":100.0}]",969434243612,REM137499,0,150,147.35
ACM-ANGL0397,"Kanto Angle Grinder Disc 4"" Flap","Angle Grinder Disc 4"", grade: Flap. Brand Kanto. Sold per Packet.",Kanto,All Items > Hardware > Angle Grinder Disc,Packet,"[{""uom"":""Packet"",""conversion_factor"":1.0},{""uom"":""Carton"",""conversion_factor"":10.0}]",928341342310,,0,12,25.86
ACM-NITR0872,Kanto Nitrile Glove L Blue,"Nitrile Glove L, colour: Blue. Brand Kanto. Sold per Box.",Kanto,All Items > Hardware > Nitrile Glove,Box,"[{""uom"":""Box"",""conversion_factor"":1.0}]",929863265838,,0,12,183.71
ACM-HEXB0125,Remax Hex Bolt M6x30 Zinc Plated,"Hex Bolt M6x30, finish: Zinc Plated. Brand Remax. Sold per Pcs.",Remax,All Items > Hardware > Hex Bolt,Pcs,"[{""uom"":""Pcs"",""conversion_factor"":1.0},{""uom"":""Carton"",""conversion_factor"":6.0}]",985091301747,,0,900,16.88
ACM-PVCP0466,Stallion PVC Pipe 32mm Class E,"PVC Pipe 32mm, grade: Class E. Brand Stallion. Sold per Length.",Stallion,All Items > Hardware > PVC Pipe,Length,"[{""uom"":""Length"",""conversion_factor"":1.0}]",917602940648,STA552575,0,900,170.37
ACM-PVCP0837,Kanto PVC Pipe 40mm Class C,"PVC Pipe 40mm, grade: Class C. Brand Kanto. Sold per Length.",Kanto,All Items > Hardware > PVC Pipe,Length,"[{""uom"":""Length"",""conversion_factor"":1.0}]",,KAN519850,0,40,101.98
ACM-BALL0880,"Hitex Ball Valve 2"" SS304","Ball Valve 2"", material: SS304. Brand Hitex. Sold per Nos.",Hitex,All Items > Hardware > Ball Valve,Nos,"[{""uom"":""Nos"",""conversion_factor"":1.0},{""uom"":""Carton"",""conversion_factor"":6.0}]",,HIT398876,0,0,166.85
ACM-SAFE0579,Kanto Safety Helmet Yellow Ratchet,"Safety Helmet Yellow, grade: Ratchet. Brand Kanto. Sold per Nos.",Kanto,All Items > Hardware > Safety Helmet,Nos,"[{""uom"":""Nos"",""conversion_factor"":1.0},{""uom"":""Carton"",""conversion_factor"":100.0}]",923387313206,KAN521563,0,150,78.1
ACM-ANGL0838,"Kanto Angle Grinder Disc 4.5"" Flap","Angle Grinder Disc 4.5"", grade: Flap. Brand Kanto. Sold per Packet.",Kanto,All Items > Hardware > Angle Grinder Disc,Packet,"[{""uom"":""Packet"",""conversion_factor"":1.0},{""uom"":""Carton"",""conversion_factor"":6.0}]",919989616621,,0,900,177.59
ACM-BALL0612,"Stallion Ball Valve 1/2"" Brass","Ball Valve 1/2"", material: Brass. Brand Stallion. Sold per Nos.",Stallion,All Items > Hardware > Ball Valve,Nos,"[{""uom"":""Nos"",""conversion_factor"":1.0},{""uom"":""Carton"",""conversion_factor"":100.0}]",,,0,900,406.81
ACM-HOSE0938,Vermont Hose Clip 38-50mm SS304,"Hose Clip 38-50mm, material: SS304. Brand Vermont. Sold per Pcs.",Vermont,All Items > Hardware > Hose Clip,Pcs,"[{""uom"":""Pcs"",""conversion_factor"":1.0},{""uom"":""Carton"",""conversion_factor"":10.0}]",,,0,40,134.59
ACM-HOSE0980,Bosco Hose Clip 19-25mm Zinc,"Hose Clip 19-25mm, material: Zinc. Brand Bosco. Sold per Pcs.",Bosco,All Items > Hardware > Hose Clip,Pcs,"[{""uom"":""Pcs"",""conversion_factor"":1.0},{""uom"":""Carton"",""conversion_factor"":100.0}]",933089749184,BOS785915,0,3,297.05
ACM-HEXB0743-OLD,Vermont Hex Bolt M8x30 Stainless 316,"Hex Bolt M8x30, finish: Stainless 316. Brand Vermont. Sold per Pcs. (superseded)",Vermont,All Items > Hardware > Hex Bolt,Pcs,"[{""uom"":""Pcs"",""conversion_factor"":1.0},{""uom"":""Carton"",""conversion_factor"":12.0}]",988499554977,VER967392,1,0,337.99
ACM-HOSE0044,Kanto Hose Clip 25-38mm Zinc,"Hose Clip 25-38mm, material: Zinc. Brand Kanto. Sold per Pcs.",Kanto,All Items > Hardware > Hose Clip,Pcs,"[{""uom"":""Pcs"",""conversion_factor"":1.0},{""uom"":""Carton"",""conversion_factor"":10.0}]",968025923615,,0,0,368.93
ACM-ANGL1089,"Bosco Angle Grinder Disc 5"" Cutting","Angle Grinder Disc 5"", grade: Cutting. Brand Bosco. Sold per Packet.",Bosco,All Items > Hardware > Angle Grinder Disc,Packet,"[{""uom"":""Packet"",""conversion_factor"":1.0},{""uom"":""Carton"",""conversion_factor"":12.0}]",,BOS693872,0,12,134.62
ACM-SAFE0120,Bosco Safety Helmet Red Standard,"Safety Helmet Red, grade: Standard. Brand Bosco. Sold per Nos.",Bosco,All Items > Hardware > Safety Helmet,Nos,"[{""uom"":""Nos"",""conversion_factor"":1.0},{""uom"":""Carton"",""conversion_factor"":24.0}]",961265340011,BOS481177,0,900,464.26
ACM-HEXB1063,Kanto Hex Bolt M6x30 HDG,"Hex Bolt M6x30, finish: HDG. Brand Kanto. Sold per Pcs.",Kanto,All Items > Hardware > Hex Bolt,Pcs,"[{""uom"":""Pcs"",""conversion_factor"":1.0},{""uom"":""Carton"",""conversion_factor"":24.0}]",,KAN238068,0,40,255.77
ACM-MASK0745,Bosco Masking Tape 12mm High Temp,"Masking Tape 12mm, grade: High Temp. Brand Bosco. Sold per Roll.",Bosco,All Items > Hardware > Masking Tape,Roll,"[{""uom"":""Roll"",""conversion_factor"":1.0},{""uom"":""Carton"",""conversion_factor"":24.0}]",927735486062,,0,40,269.37
ACM-HEXB0465,Hitex Hex Bolt M6x50 Zinc Plated,"Hex Bolt M6x50, finish: Zinc Plated. Brand Hitex. Sold per Pcs.",Hitex,All Items > Hardware > Hex Bolt,Pcs,"[{""uom"":""Pcs"",""conversion_factor"":1.0},{""uom"":""Carton"",""conversion_factor"":50.0}]",,,0,900,48.45
ACM-PVCP0699,Remax PVC Pipe 50mm Class D,"PVC Pipe 50mm, grade: Class D. Brand Remax. Sold per Length.",Remax,All Items > Hardware > PVC Pipe,Length,"[{""uom"":""Length"",""conversion_factor"":1.0}]",947911698420,REM057471,0,0,50.85
ACM-CABL0772,Bosco Cable Tie 200mm Black,"Cable Tie 200mm, colour: Black. Brand Bosco. Sold per Packet.",Bosco,All Items > Hardware > Cable Tie,Packet,"[{""uom"":""Packet"",""conversion_factor"":1.0},{""uom"":""Carton"",""conversion_factor"":6.0}]",,BOS696605,0,12,454.72
ACM-SELF0964,"Remax Self Drilling Screw #10 x 1-1/2"" Zinc Plated","Self Drilling Screw #10 x 1-1/2"", finish: Zinc Plated. Brand Remax. Sold per Packet.",Remax,All Items > Hardware > Self Drilling Screw,Packet,"[{""uom"":""Packet"",""conversion_factor"":1.0},{""uom"":""Carton"",""conversion_factor"":12.0}]",984700442168,,0,0,143.2
ACM-SAFE0049,Tolsen Safety Helmet Red Standard,"Safety Helmet Red, grade: Standard. Brand Tolsen. Sold per Nos.",Tolsen,All Items > Hardware > Safety Helmet,Nos,"[{""uom"":""Nos"",""conversion_factor"":1.0},{""uom"":""Carton"",""conversion_factor"":100.0}]",,,0,40,300.44
ACM-BALL0662,"Stallion Ball Valve 3/4"" PVC","Ball Valve 3/4"", material: PVC. Brand Stallion. Sold per Nos.",Stallion,All Items > Hardware > Ball Valve,Nos,"[{""uom"":""Nos"",""conversion_factor"":1.0},{""uom"":""Carton"",""conversion_factor"":50.0}]",,,0,900,190.88
ACM-BALL0750,"Stallion Ball Valve 3/4"" SS304","Ball Valve 3/4"", material: SS304. Brand Stallion. Sold per Nos.",Stallion,All Items > Hardware > Ball Valve,Nos,"[{""uom"":""Nos"",""conversion_factor"":1.0},{""uom"":""Carton"",""conversion_factor"":12.0}]",,STA620385,0,3,161.51
ACM-HEXB1018,Stallion Hex Bolt M8x75 Stainless 304,"Hex Bolt M8x75, finish: Stainless 304. Brand Stallion. Sold per Pcs.",Stallion,All Items > Hardware > Hex Bolt,Pcs,"[{""uom"":""Pcs"",""conversion_factor"":1.0},{""uom"":""Carton"",""conversion_factor"":100.0}]",986356058267,STA376320,0,12,272.69
ACM-PVCP0700,Tolsen PVC Pipe 50mm Class E,"PVC Pipe 50mm, grade: Class E. Brand Tolsen. Sold per Length.",Tolsen,All Items > Hardware > PVC Pipe,Length,"[{""uom"":""Length"",""conversion_factor"":1.0}]",941114914291,,0,3,223.23
ACM-SAFE0581,Stallion Safety Helmet White Standard,"Safety Helmet White, grade: Standard. Brand Stallion. Sold per Nos.",Stallion,All Items > Hardware > Safety Helmet,Nos,"[{""uom"":""Nos"",""conversion_factor"":1.0},{""uom"":""Carton"",""conversion_factor"":10.0}]",,,0,900,177.62
ACM-MISC004,SAMPLE - DO NOT SELL,,,All Items > Hardware > Misc,Nos,"[{""uom"": ""Nos"", ""conversion_factor"": 1.0}]",,,0,0,0.0
ACM-BALL0417,"Remax Ball Valve 3/4"" PVC","Ball Valve 3/4"", material: PVC. Brand Remax. Sold per Nos.",Remax,All Items > Hardware > Ball Valve,Nos,"[{""uom"":""Nos"",""conversion_factor"":1.0},{""uom"":""Carton"",""conversion_factor"":12.0}]",,REM747180,0,0,433.72
ACM-BALL0587,"Remax Ball Valve 1-1/4"" SS304","Ball Valve 1-1/4"", material: SS304. Brand Remax. Sold per Nos.",Remax,All Items > Hardware > Ball Valve,Nos,"[{""uom"":""Nos"",""conversion_factor"":1.0},{""uom"":""Carton"",""conversion_factor"":12.0}]",,,0,3,227.03
ACM-SELF0696,"Bosco Self Drilling Screw #10 x 1-1/2"" Zinc Plated","Self Drilling Screw #10 x 1-1/2"", finish: Zinc Plated. Brand Bosco. Sold per Packet.",Bosco,All Items > Hardware > Self Drilling Screw,Packet,"[{""uom"":""Packet"",""conversion_factor"":1.0},{""uom"":""Carton"",""conversion_factor"":100.0}]",,BOS941764,0,900,18.87
ACM-HEXB0603,Stallion Hex Bolt M10x50 HDG,"Hex Bolt M10x50, finish: HDG. Brand Stallion. Sold per Pcs.",Stallion,All Items > Hardware > Hex Bolt,Pcs,"[{""uom"":""Pcs"",""conversion_factor"":1.0},{""uom"":""Carton"",""conversion_factor"":50.0}]",984238063260,,0,3,385.31
ACM-PVCP0683,Kanto PVC Pipe 40mm Class E,"PVC Pipe 40mm, grade: Class E. Brand Kanto. Sold per Length.",Kanto,All Items > Hardware > PVC Pipe,Length,"[{""uom"":""Length"",""conversion_factor"":1.0}]",968831117485,,0,900,315.28
ACM-HEXB0356,Vermont Hex Bolt M10x50 Stainless 304,"Hex Bolt M10x50, finish: Stainless 304. Brand Vermont. Sold per Pcs.",Vermont,All Items > Hardware > Hex Bolt,Pcs,"[{""uom"":""Pcs"",""conversion_factor"":1.0},{""uom"":""Carton"",""conversion_factor"":6.0}]",964665940122,VER703978,0,900,104.24
ACM-GIWI0871,Stallion GI Wire #16 Soft,"GI Wire #16, grade: Soft. Brand Stallion. Sold per Kg.",Stallion,All Items > Hardware > GI Wire,Kg,"[{""uom"":""Kg"",""conversion_factor"":1.0}]",996970882806,STA405772,0,0,82.9
ACM-PVCP0260,Bosco PVC Pipe 50mm Class C,"PVC Pipe 50mm, grade: Class C. Brand Bosco. Sold per Length.",Bosco,All Items > Hardware > PVC Pipe,Length,"[{""uom"":""Length"",""conversion_factor"":1.0}]",998015298274,,0,900,112.62
ACM-SELF0326,"Kanto Self Drilling Screw #8 x 3/4"" Zinc Plated","Self Drilling Screw #8 x 3/4"", finish: Zinc Plated. Brand Kanto. Sold per Packet.",Kanto,All Items > Hardware > Self Drilling Screw,Packet,"[{""uom"":""Packet"",""conversion_factor"":1.0},{""uom"":""Carton"",""conversion_factor"":50.0}]",927674453994,,0,150,307.64
ACM-SELF0170,"Stallion Self Drilling Screw #8 x 3/4"" Zinc Plated","Self Drilling Screw #8 x 3/4"", finish: Zinc Plated. Brand Stallion. Sold per Packet.",Stallion,All Items > Hardware > Self Drilling Screw,Packet,"[{""uom"":""Packet"",""conversion_factor"":1.0},{""uom"":""Carton"",""conversion_factor"":12.0}]",,STA116967,0,900,429.09
ACM-CABL0107,Kanto Cable Tie 300mm White,"Cable Tie 300mm, colour: White. Brand Kanto. Sold per Packet.",Kanto,All Items > Hardware > Cable Tie,Packet,"[{""uom"":""Packet"",""conversion_factor"":1.0},{""uom"":""Carton"",""conversion_factor"":6.0}]",,,0,40,32.81
ACM-BALL0116,"Kanto Ball Valve 1"" Brass","Ball Valve 1"", material: Brass. Brand Kanto. Sold per Nos.",Kanto,All Items > Hardware > Ball Valve,Nos,"[{""uom"":""Nos"",""conversion_factor"":1.0},{""uom"":""Carton"",""conversion_factor"":24.0}]",949136390171,,0,0,44.92
ACM-CABL1039,Bosco Cable Tie 450mm White,"Cable Tie 450mm, colour: White. Brand Bosco. Sold per Packet.",Bosco,All Items > Hardware > Cable Tie,Packet,"[{""uom"":""Packet"",""conversion_factor"":1.0},{""uom"":""Carton"",""conversion_factor"":6.0}]",904224081503,,0,3,22.92
ACM-HEXB1020,Tolsen Hex Bolt M8x30 Stainless 304,"Hex Bolt M8x30, finish: Stainless 304. Brand Tolsen. Sold per Pcs.",Tolsen,All Items > Hardware > Hex Bolt,Pcs,"[{""uom"":""Pcs"",""conversion_factor"":1.0},{""uom"":""Carton"",""conversion_factor"":12.0}]",938343951188,,0,3,402.84
ACM-HEXB1096,Bosco Hex Bolt M8x30 Stainless 304,"Hex Bolt M8x30, finish: Stainless 304. Brand Bosco. Sold per Pcs.",Bosco,All Items > Hardware > Hex Bolt,Pcs,"[{""uom"":""Pcs"",""conversion_factor"":1.0},{""uom"":""Carton"",""conversion_factor"":12.0}]",926513281037,BOS108422,0,12,40.66
ACM-HOSE0835,Kanto Hose Clip 38-50mm Zinc,"Hose Clip 38-50mm, material: Zinc. Brand Kanto. Sold per Pcs.",Kanto,All Items > Hardware > Hose Clip,Pcs,"[{""uom"":""Pcs"",""conversion_factor"":1.0},{""uom"":""Carton"",""conversion_factor"":50.0}]",947887388712,KAN309096,0,900,38.86
ACM-PVCP0412B,Kanto PVC Pipe 40mm Class D (Bulk),"PVC Pipe 40mm, grade: Class D. Brand Kanto. Sold per Length.",Kanto,All Items > Hardware > PVC Pipe,Length,"[{""uom"":""Length"",""conversion_factor"":1.0},{""uom"":""Carton"",""conversion_factor"":144.0}]",,,0,150,118.93
ACM-HEXB0500,Vermont Hex Bolt M8x50 Stainless 304,"Hex Bolt M8x50, finish: Stainless 304. Brand Vermont. Sold per Pcs.",Vermont,All Items > Hardware > Hex Bolt,Pcs,"[{""uom"":""Pcs"",""conversion_factor"":1.0},{""uom"":""Carton"",""conversion_factor"":100.0}]",995072019932,VER078903,0,3,196.45
ACM-SAFE0564,Kanto Safety Helmet Red Standard,"Safety Helmet Red, grade: Standard. Brand Kanto. Sold per Nos.",Kanto,All Items > Hardware > Safety Helmet,Nos,"[{""uom"":""Nos"",""conversion_factor"":1.0},{""uom"":""Carton"",""conversion_factor"":12.0}]",,KAN821178,0,900,344.53
ACM-CABL0560,Tolsen Cable Tie 100mm Black,"Cable Tie 100mm, colour: Black. Brand Tolsen. Sold per Packet.",Tolsen,All Items > Hardware > Cable Tie,Packet,"[{""uom"":""Packet"",""conversion_factor"":1.0},{""uom"":""Carton"",""conversion_factor"":12.0}]",990018329460,,0,3,299.88
ACM-CABL0062,Remax Cable Tie 300mm Black,"Cable Tie 300mm, colour: Black. Brand Remax. Sold per Packet.",Remax,All Items > Hardware > Cable Tie,Packet,"[{""uom"":""Packet"",""conversion_factor"":1.0},{""uom"":""Carton"",""conversion_factor"":24.0}]",941654322763,REM718768,0,0,197.5
ACM-PVCP1072,Remax PVC Pipe 50mm Class C,"PVC Pipe 50mm, grade: Class C. Brand Remax. Sold per Length.",Remax,All Items > Hardware > PVC Pipe,Length,"[{""uom"":""Length"",""conversion_factor"":1.0}]",948575302524,,0,40,92.56
ACM-HEXB0089B,Bosco Hex Bolt M8x50 Zinc Plated (Bulk),"Hex Bolt M8x50, finish: Zinc Plated. Brand Bosco. Sold per Pcs.",Bosco,All Items > Hardware > Hex Bolt,Pcs,"[{""uom"":""Pcs"",""conversion_factor"":1.0},{""uom"":""Carton"",""conversion_factor"":144.0}]",934834993158,,0,40,405.77
ACM-SELF0272,"Kanto Self Drilling Screw #10 x 1-1/2"" Zinc Plated","Self Drilling Screw #10 x 1-1/2"", finish: Zinc Plated. Brand Kanto. Sold per Packet.",Kanto,All Items > Hardware > Self Drilling Screw,Packet,"[{""uom"":""Packet"",""conversion_factor"":1.0},{""uom"":""Carton"",""conversion_factor"":24.0}]",910296938918,,0,0,67.45
ACM-HEXB0088,Tolsen Hex Bolt M10x50 Stainless 304,"Hex Bolt M10x50, finish: Stainless 304. Brand Tolsen. Sold per Pcs.",Tolsen,All Items > Hardware > Hex Bolt,Pcs,"[{""uom"":""Pcs"",""conversion_factor"":1.0},{""uom"":""Carton"",""conversion_factor"":50.0}]",939649632406,TOL321871,0,40,82.06
ACM-WALL0443,Stallion Wall Plug 6mm Red,"Wall Plug 6mm, colour: Red. Brand Stallion. Sold per Packet.",Stallion,All Items > Hardware > Wall Plug,Packet,"[{""uom"":""Packet"",""conversion_factor"":1.0},{""uom"":""Carton"",""conversion_factor"":50.0}]",965935631067,STA198883,0,0,352.1
ACM-SELF0966,"Hitex Self Drilling Screw #10 x 1"" Zinc Plated","Self Drilling Screw #10 x 1"", finish: Zinc Plated. Brand Hitex. Sold per Packet.",Hitex,All Items > Hardware > Self Drilling Screw,Packet,"[{""uom"":""Packet"",""conversion_factor"":1.0},{""uom"":""Carton"",""conversion_factor"":24.0}]",996167210301,,0,900,132.62
ACM-CABL0722,Remax Cable Tie 100mm Natural,"Cable Tie 100mm, colour: Natural. Brand Remax. Sold per Packet.",Remax,All Items > Hardware > Cable Tie,Packet,"[{""uom"":""Packet"",""conversion_factor"":1.0},{""uom"":""Carton"",""conversion_factor"":100.0}]",933585771059,,0,0,366.23
ACM-ANGL0343,"Bosco Angle Grinder Disc 4.5"" Grinding","Angle Grinder Disc 4.5"", grade: Grinding. Brand Bosco. Sold per Packet.",Bosco,All Items > Hardware > Angle Grinder Disc,Packet,"[{""uom"":""Packet"",""conversion_factor"":1.0},{""uom"":""Carton"",""conversion_factor"":50.0}]",972018584619,,0,900,293.81
ACM-GIWI0252,Stallion GI Wire #18 Soft,"GI Wire #18, grade: Soft. Brand Stallion. Sold per Kg.",Stallion,All Items > Hardware > GI Wire,Kg,"[{""uom"":""Kg"",""conversion_factor"":1.0}]",,,0,40,60.5
ACM-CABL0884,Vermont Cable Tie 100mm Natural,"Cable Tie 100mm, colour: Natural. Brand Vermont. Sold per Packet.",Vermont,All Items > Hardware > Cable Tie,Packet,"[{""uom"":""Packet"",""conversion_factor"":1.0},{""uom"":""Carton"",""conversion_factor"":12.0}]",929658954973,VER951986,0,3,252.21
ACM-HEXB0793,Vermont Hex Bolt M8x75 Stainless 304,"Hex Bolt M8x75, finish: Stainless 304. Brand Vermont. Sold per Pcs.",Vermont,All Items > Hardware > Hex Bolt,Pcs,"[{""uom"":""Pcs"",""conversion_factor"":1.0},{""uom"":""Carton"",""conversion_factor"":10.0}]",,,0,0,351.7
ACM-CABL0967,Hitex Cable Tie 100mm White,"Cable Tie 100mm, colour: White. Brand Hitex. Sold per Packet.",Hitex,All Items > Hardware > Cable Tie,Packet,"[{""uom"":""Packet"",""conversion_factor"":1.0},{""uom"":""Carton"",""conversion_factor"":50.0}]",919261477277,HIT161942,0,0,94.35
ACM-PVCP0577,Tolsen PVC Pipe 40mm Class E,"PVC Pipe 40mm, grade: Class E. Brand Tolsen. Sold per Length.",Tolsen,All Items > Hardware > PVC Pipe,Length,"[{""uom"":""Length"",""conversion_factor"":1.0}]",906724540722,TOL172541,0,40,200.57
ACM-NITR0031,Remax Nitrile Glove XL Blue,"Nitrile Glove XL, colour: Blue. Brand Remax. Sold per Box.",Remax,All Items > Hardware > Nitrile Glove,Box,"[{""uom"":""Box"",""conversion_factor"":1.0}]",998376014998,,0,900,470.1
ACM-HOSE0046,Vermont Hose Clip 38-50mm Zinc,"Hose Clip 38-50mm, material: Zinc. Brand Vermont. Sold per Pcs.",Vermont,All Items > Hardware > Hose Clip,Pcs,"[{""uom"":""Pcs"",""conversion_factor"":1.0},{""uom"":""Carton"",""conversion_factor"":100.0}]",,,0,150,219.32
ACM-MASK0959,Hitex Masking Tape 18mm General,"Masking Tape 18mm, grade: General. Brand Hitex. Sold per Roll.",Hitex,All Items > Hardware > Masking Tape,Roll,"[{""uom"":""Roll"",""conversion_factor"":1.0},{""uom"":""Carton"",""conversion_factor"":24.0}]",,,0,3,245.83
ACM-CABL0396,Vermont Cable Tie 200mm Black,"Cable Tie 200mm, colour: Black. Brand Vermont. Sold per Packet.",Vermont,All Items > Hardware > Cable Tie,Packet,"[{""uom"":""Packet"",""conversion_factor"":1.0},{""uom"":""Carton"",""conversion_factor"":12.0}]",977892196448,,0,12,450.48
ACM-GIWI0453,Hitex GI Wire #20 Hard Drawn,"GI Wire #20, grade: Hard Drawn. Brand Hitex. Sold per Kg.",Hitex,All Items > Hardware > GI Wire,Kg,"[{""uom"":""Kg"",""conversion_factor"":1.0}]",,,0,3,103.6
ACM-PVCP0463,Tolsen PVC Pipe 15mm Class E,"PVC Pipe 15mm, grade: Class E. Brand Tolsen. Sold per Length.",Tolsen,All Items > Hardware > PVC Pipe,Length,"[{""uom"":""Length"",""conversion_factor"":1.0}]",924684260540,,0,40,369.51
ACM-HOSE0915,Vermont Hose Clip 25-38mm SS304,"Hose Clip 25-38mm, material: SS304. Brand Vermont. Sold per Pcs.",Vermont,All Items > Hardware > Hose Clip,Pcs,"[{""uom"":""Pcs"",""conversion_factor"":1.0},{""uom"":""Carton"",""conversion_factor"":100.0}]",958277694003,VER688587,0,3,58.3
ACM-HOSE0711,Remax Hose Clip 25-38mm SS304,"Hose Clip 25-38mm, material: SS304. Brand Remax. Sold per Pcs.",Remax,All Items > Hardware > Hose Clip,Pcs,"[{""uom"":""Pcs"",""conversion_factor"":1.0},{""uom"":""Carton"",""conversion_factor"":6.0}]",919413989769,REM687831,0,0,451.57
ACM-HEXB0050,Hitex Hex Bolt M8x50 Zinc Plated,"Hex Bolt M8x50, finish: Zinc Plated. Brand Hitex. Sold per Pcs.",Hitex,All Items > Hardware > Hex Bolt,Pcs,"[{""uom"":""Pcs"",""conversion_factor"":1.0},{""uom"":""Carton"",""conversion_factor"":24.0}]",988699209479,,0,3,187.24
ACM-WALL0193,Vermont Wall Plug 8mm Red,"Wall Plug 8mm, colour: Red. Brand Vermont. Sold per Packet.",Vermont,All Items > Hardware > Wall Plug,Packet,"[{""uom"":""Packet"",""conversion_factor"":1.0},{""uom"":""Carton"",""conversion_factor"":24.0}]",,,0,0,38.54
ACM-HEXB0633,Stallion Hex Bolt M12x60 HDG,"Hex Bolt M12x60, finish: HDG. Brand Stallion. Sold per Pcs.",Stallion,All Items > Hardware > Hex Bolt,Pcs,"[{""uom"":""Pcs"",""conversion_factor"":1.0},{""uom"":""Carton"",""conversion_factor"":50.0}]",,,0,0,380.72
ACM-MASK0756,Bosco Masking Tape 18mm High Temp,"Masking Tape 18mm, grade: High Temp. Brand Bosco. Sold per Roll.",Bosco,All Items > Hardware > Masking Tape,Roll,"[{""uom"":""Roll"",""conversion_factor"":1.0},{""uom"":""Carton"",""conversion_factor"":100.0}]",,,0,40,7.57
ACM-BALL0165,"Vermont Ball Valve 3/4"" PVC","Ball Valve 3/4"", material: PVC. Brand Vermont. Sold per Nos.",Vermont,All Items > Hardware > Ball Valve,Nos,"[{""uom"":""Nos"",""conversion_factor"":1.0},{""uom"":""Carton"",""conversion_factor"":10.0}]",909060104338,VER680475,0,0,285.39
ACM-PVCP0650,Vermont PVC Pipe 32mm Class C,"PVC Pipe 32mm, grade: Class C. Brand Vermont. Sold per Length.",Vermont,All Items > Hardware > PVC Pipe,Length,"[{""uom"":""Length"",""conversion_factor"":1.0}]",973886227128,,0,150,80.04
ACM-ANGL0947,"Remax Angle Grinder Disc 5"" Flap","Angle Grinder Disc 5"", grade: Flap. Brand Remax. Sold per Packet.",Remax,All Items > Hardware > Angle Grinder Disc,Packet,"[{""uom"":""Packet"",""conversion_factor"":1.0},{""uom"":""Carton"",""conversion_factor"":12.0}]",920650797749,,0,12,174.6
ACM-GIWI0824,Tolsen GI Wire #16 Soft,"GI Wire #16, grade: Soft. Brand Tolsen. Sold per Kg.",Tolsen,All Items > Hardware > GI Wire,Kg,"[{""uom"":""Kg"",""conversion_factor"":1.0}]",942095447664,TOL427789,0,0,203.15
ACM-PVCP1032,Tolsen PVC Pipe 40mm Class D,"PVC Pipe 40mm, grade: Class D. Brand Tolsen. Sold per Length.",Tolsen,All Items > Hardware > PVC Pipe,Length,"[{""uom"":""Length"",""conversion_factor"":1.0}]",905397203312,,0,0,60.81
ACM-ANGL0328,"Hitex Angle Grinder Disc 5"" Flap","Angle Grinder Disc 5"", grade: Flap. Brand Hitex. Sold per Packet.",Hitex,All Items > Hardware > Angle Grinder Disc,Packet,"[{""uom"":""Packet"",""conversion_factor"":1.0},{""uom"":""Carton"",""conversion_factor"":6.0}]",,,0,40,423.53
ACM-SELF0718,"Stallion Self Drilling Screw #12 x 2"" Stainless 410","Self Drilling Screw #12 x 2"", finish: Stainless 410. Brand Stallion. Sold per Packet.",Stallion,All Items > Hardware > Self Drilling Screw,Packet,"[{""uom"":""Packet"",""conversion_factor"":1.0},{""uom"":""Carton"",""conversion_factor"":12.0}]",,,0,3,286.82
ACM-CABL0064,Stallion Cable Tie 370mm Natural,"Cable Tie 370mm, colour: Natural. Brand Stallion. Sold per Packet.",Stallion,All Items > Hardware > Cable Tie,Packet,"[{""uom"":""Packet"",""conversion_factor"":1.0},{""uom"":""Carton"",""conversion_factor"":10.0}]",946881933421,STA997156,0,0,313.74
ACM-HEXB0738,Remax Hex Bolt M8x75 HDG,"Hex Bolt M8x75, finish: HDG. Brand Remax. Sold per Pcs.",Remax,All Items > Hardware > Hex Bolt,Pcs,"[{""uom"":""Pcs"",""conversion_factor"":1.0},{""uom"":""Carton"",""conversion_factor"":24.0}]",951391317905,REM526311,0,900,34.96
ACM-WALL0066,Stallion Wall Plug 8mm Brown,"Wall Plug 8mm, colour: Brown. Brand Stallion. Sold per Packet.",Stallion,All Items > Hardware > Wall Plug,Packet,"[{""uom"":""Packet"",""conversion_factor"":1.0},{""uom"":""Carton"",""conversion_factor"":24.0}]",,,0,0,137.9
ACM-ANGL0484,"Tolsen Angle Grinder Disc 7"" Flap","Angle Grinder Disc 7"", grade: Flap. Brand Tolsen. Sold per Packet.",Tolsen,All Items > Hardware > Angle Grinder Disc,Packet,"[{""uom"":""Packet"",""conversion_factor"":1.0},{""uom"":""Carton"",""conversion_factor"":50.0}]",,TOL181866,0,900,296.09
ACM-PVCP0279,Stallion PVC Pipe 25mm Class C,"PVC Pipe 25mm, grade: Class C. Brand Stallion. Sold per Length.",Stallion,All Items > Hardware > PVC Pipe,Length,"[{""uom"":""Length"",""conversion_factor"":1.0}]",960019689055,,0,40,391.36
ACM-PVCP0485,Stallion PVC Pipe 50mm Class E,"PVC Pipe 50mm, grade: Class E. Brand Stallion. Sold per Length.",Stallion,All Items > Hardware > PVC Pipe,Length,"[{""uom"":""Length"",""conversion_factor"":1.0}]",930804140153,STA561985,0,0,112.5
ACM-MASK0327,Bosco Masking Tape 48mm General,"Masking Tape 48mm, grade: General. Brand Bosco. Sold per Roll.",Bosco,All Items > Hardware > Masking Tape,Roll,"[{""uom"":""Roll"",""conversion_factor"":1.0},{""uom"":""Carton"",""conversion_factor"":50.0}]",961380225003,,0,40,171.45
ACM-CABL0270,Tolsen Cable Tie 370mm Black,"Cable Tie 370mm, colour: Black. Brand Tolsen. Sold per Packet.",Tolsen,All Items > Hardware > Cable Tie,Packet,"[{""uom"":""Packet"",""conversion_factor"":1.0},{""uom"":""Carton"",""conversion_factor"":24.0}]",,,0,40,346.09
ACM-SAFE0725,Kanto Safety Helmet Yellow Standard,"Safety Helmet Yellow, grade: Standard. Brand Kanto. Sold per Nos.",Kanto,All Items > Hardware > Safety Helmet,Nos,"[{""uom"":""Nos"",""conversion_factor"":1.0},{""uom"":""Carton"",""conversion_factor"":100.0}]",,,0,0,203.25
ACM-CABL0391,Bosco Cable Tie 150mm Black,"Cable Tie 150mm, colour: Black. Brand Bosco. Sold per Packet.",Bosco,All Items > Hardware > Cable Tie,Packet,"[{""uom"":""Packet"",""conversion_factor"":1.0},{""uom"":""Carton"",""conversion_factor"":24.0}]",,,0,900,474.99
ACM-SAFE0579-OLD,Kanto Safety Helmet Yellow Ratchet,"Safety Helmet Yellow, grade: Ratchet. Brand Kanto. Sold per Nos. (superseded)",Kanto,All Items > Hardware > Safety Helmet,Nos,"[{""uom"":""Nos"",""conversion_factor"":1.0},{""uom"":""Carton"",""conversion_factor"":100.0}]",923387313206,KAN521563,1,0,78.1
ACM-CABL0012,Remax Cable Tie 450mm Black,"Cable Tie 450mm, colour: Black. Brand Remax. Sold per Packet.",Remax,All Items > Hardware > Cable Tie,Packet,"[{""uom"":""Packet"",""conversion_factor"":1.0},{""uom"":""Carton"",""conversion_factor"":24.0}]",,,0,900,9.53
ACM-HOSE0974,Remax Hose Clip 38-50mm SS304,"Hose Clip 38-50mm, material: SS304. Brand Remax. Sold per Pcs.",Remax,All Items > Hardware > Hose Clip,Pcs,"[{""uom"":""Pcs"",""conversion_factor"":1.0},{""uom"":""Carton"",""conversion_factor"":50.0}]",,,0,900,307.06
ACM-WALL0436,Bosco Wall Plug 10mm Brown,"Wall Plug 10mm, colour: Brown. Brand Bosco. Sold per Packet.",Bosco,All Items > Hardware > Wall Plug,Packet,"[{""uom"":""Packet"",""conversion_factor"":1.0},{""uom"":""Carton"",""conversion_factor"":6.0}]",901300933280,BOS124155,0,150,314.34
ACM-SAFE0100,Vermont Safety Helmet Red Ratchet,"Safety Helmet Red, grade: Ratchet. Brand Vermont. Sold per Nos.",Vermont,All Items > Hardware > Safety Helmet,Nos,"[{""uom"":""Nos"",""conversion_factor"":1.0},{""uom"":""Carton"",""conversion_factor"":12.0}]",930292426222,,0,900,224.76
ACM-HEXB0283,Stallion Hex Bolt M8x30 HDG,"Hex Bolt M8x30, finish: HDG. Brand Stallion. Sold per Pcs.",Stallion,All Items > Hardware > Hex Bolt,Pcs,"[{""uom"":""Pcs"",""conversion_factor"":1.0},{""uom"":""Carton"",""conversion_factor"":50.0}]",945849960298,,0,150,438.27
ACM-HEXB0498,Hitex Hex Bolt M8x75 HDG,"Hex Bolt M8x75, finish: HDG. Brand Hitex. Sold per Pcs.",Hitex,All Items > Hardware > Hex Bolt,Pcs,"[{""uom"":""Pcs"",""conversion_factor"":1.0},{""uom"":""Carton"",""conversion_factor"":12.0}]",,HIT284408,0,0,45.38
ACM-MASK0338,Hitex Masking Tape 48mm High Temp,"Masking Tape 48mm, grade: High Temp. Brand Hitex. Sold per Roll.",Hitex,All Items > Hardware > Masking Tape,Roll,"[{""uom"":""Roll"",""conversion_factor"":1.0},{""uom"":""Carton"",""conversion_factor"":50.0}]",991176359676,,0,3,84.92
ACM-ANGL0063,"Hitex Angle Grinder Disc 5"" Cutting","Angle Grinder Disc 5"", grade: Cutting. Brand Hitex. Sold per Packet.",Hitex,All Items > Hardware > Angle Grinder Disc,Packet,"[{""uom"":""Packet"",""conversion_factor"":1.0},{""uom"":""Carton"",""conversion_factor"":12.0}]",906904079949,HIT110297,0,12,52.28
ACM-CABL0256,Hitex Cable Tie 150mm White,"Cable Tie 150mm, colour: White. Brand Hitex. Sold per Packet.",Hitex,All Items > Hardware > Cable Tie,Packet,"[{""uom"":""Packet"",""conversion_factor"":1.0},{""uom"":""Carton"",""conversion_factor"":6.0}]",977977087093,HIT972733,0,0,121.27
ACM-SELF0091,"Vermont Self Drilling Screw #10 x 1-1/2"" Zinc Plated","Self Drilling Screw #10 x 1-1/2"", finish: Zinc Plated. Brand Vermont. Sold per Packet.",Vermont,All Items > Hardware > Self Drilling Screw,Packet,"[{""uom"":""Packet"",""conversion_factor"":1.0},{""uom"":""Carton"",""conversion_factor"":10.0}]",995935352015,,0,0,11.06
ACM-ANGL0448,"Stallion Angle Grinder Disc 5"" Grinding","Angle Grinder Disc 5"", grade: Grinding. Brand Stallion. Sold per Packet.",Stallion,All Items > Hardware > Angle Grinder Disc,Packet,"[{""uom"":""Packet"",""conversion_factor"":1.0},{""uom"":""Carton"",""conversion_factor"":12.0}]",,,0,0,176.4
ACM-SELF0457,"Hitex Self Drilling Screw #12 x 2"" Zinc Plated","Self Drilling Screw #12 x 2"", finish: Zinc Plated. Brand Hitex. Sold per Packet.",Hitex,All Items > Hardware > Self Drilling Screw,Packet,"[{""uom"":""Packet"",""conversion_factor"":1.0},{""uom"":""Carton"",""conversion_factor"":50.0}]",,HIT674728,0,3,346.77
ACM-HEXB0333,Remax Hex Bolt M8x30 Stainless 304,"Hex Bolt M8x30, finish: Stainless 304. Brand Remax. Sold per Pcs.",Remax,All Items > Hardware > Hex Bolt,Pcs,"[{""uom"":""Pcs"",""conversion_factor"":1.0},{""uom"":""Carton"",""conversion_factor"":10.0}]",949877860780,REM384745,0,0,287.27
ACM-MASK0203,Kanto Masking Tape 48mm General,"Masking Tape 48mm, grade: General. Brand Kanto. Sold per Roll.",Kanto,All Items > Hardware > Masking Tape,Roll,"[{""uom"":""Roll"",""conversion_factor"":1.0},{""uom"":""Carton"",""conversion_factor"":6.0}]",,,0,40,94.68
ACM-HEXB0357,Kanto Hex Bolt M6x50 HDG,"Hex Bolt M6x50, finish: HDG. Brand Kanto. Sold per Pcs.",Kanto,All Items > Hardware > Hex Bolt,Pcs,"[{""uom"":""Pcs"",""conversion_factor"":1.0},{""uom"":""Carton"",""conversion_factor"":12.0}]",967619189614,,0,3,331.1
ACM-ANGL0080,"Vermont Angle Grinder Disc 4.5"" Grinding","Angle Grinder Disc 4.5"", grade: Grinding. Brand Vermont. Sold per Packet.",Vermont,All Items > Hardware > Angle Grinder Disc,Packet,"[{""uom"":""Packet"",""conversion_factor"":1.0},{""uom"":""Carton"",""conversion_factor"":12.0}]",,,0,3,68.07
ACM-HEXB0876,Tolsen Hex Bolt M8x50 Zinc Plated,"Hex Bolt M8x50, finish: Zinc Plated. Brand Tolsen. Sold per Pcs.",Tolsen,All Items > Hardware > Hex Bolt,Pcs,"[{""uom"":""Pcs"",""conversion_factor"":1.0},{""uom"":""Carton"",""conversion_factor"":100.0}]",941521563390,TOL924119,0,40,179.49
ACM-HEXB0717,Tolsen Hex Bolt M8x30 Stainless 316,"Hex Bolt M8x30, finish: Stainless 316. Brand Tolsen. Sold per Pcs.",Tolsen,All Items > Hardware > Hex Bolt,Pcs,"[{""uom"":""Pcs"",""conversion_factor"":1.0},{""uom"":""Carton"",""conversion_factor"":10.0}]",,,0,12,248.6
ACM-ANGL0167,"Vermont Angle Grinder Disc 4.5"" Flap","Angle Grinder Disc 4.5"", grade: Flap. Brand Vermont. Sold per Packet.",Vermont,All Items > Hardware > Angle Grinder Disc,Packet,"[{""uom"":""Packet"",""conversion_factor"":1.0},{""uom"":""Carton"",""conversion_factor"":24.0}]",969906539236,,0,150,166.07
ACM-CABL0287-OLD,Kanto Cable Tie 370mm Black,"Cable Tie 370mm, colour: Black. Brand Kanto. Sold per Packet. (superseded)",Kanto,All Items > Hardware > Cable Tie,Packet,"[{""uom"":""Packet"",""conversion_factor"":1.0},{""uom"":""Carton"",""conversion_factor"":50.0}]",906203209621,,1,0,181.99
ACM-BALL0215,"Remax Ball Valve 2"" PVC","Ball Valve 2"", material: PVC. Brand Remax. Sold per Nos.",Remax,All Items > Hardware > Ball Valve,Nos,"[{""uom"":""Nos"",""conversion_factor"":1.0},{""uom"":""Carton"",""conversion_factor"":12.0}]",,REM436925,0,0,364.37
ACM-PVCP0578,Kanto PVC Pipe 50mm Class D,"PVC Pipe 50mm, grade: Class D. Brand Kanto. Sold per Length.",Kanto,All Items > Hardware > PVC Pipe,Length,"[{""uom"":""Length"",""conversion_factor"":1.0}]",,KAN779183,0,40,271.86
ACM-HEXB0058,Hitex Hex Bolt M8x50 Stainless 316,"Hex Bolt M8x50, finish: Stainless 316. Brand Hitex. Sold per Pcs.",Hitex,All Items > Hardware > Hex Bolt,Pcs,"[{""uom"":""Pcs"",""conversion_factor"":1.0},{""uom"":""Carton"",""conversion_factor"":24.0}]",977765958574,,0,40,304.69
ACM-HEXB0986,Bosco Hex Bolt M10x75 Stainless 316,"Hex Bolt M10x75, finish: Stainless 316. Brand Bosco. Sold per Pcs.",Bosco,All Items > Hardware > Hex Bolt,Pcs,"[{""uom"":""Pcs"",""conversion_factor"":1.0},{""uom"":""Carton"",""conversion_factor"":12.0}]",,,0,150,152.4
ACM-SAFE0591,Tolsen Safety Helmet Blue Standard,"Safety Helmet Blue, grade: Standard. Brand Tolsen. Sold per Nos.",Tolsen,All Items > Hardware > Safety Helmet,Nos,"[{""uom"":""Nos"",""conversion_factor"":1.0},{""uom"":""Carton"",""conversion_factor"":100.0}]",992510659810,,0,3,121.65
ACM-ANGL0834,"Remax Angle Grinder Disc 4"" Cutting","Angle Grinder Disc 4"", grade: Cutting. Brand Remax. Sold per Packet.",Remax,All Items > Hardware > Angle Grinder Disc,Packet,"[{""uom"":""Packet"",""conversion_factor"":1.0},{""uom"":""Carton"",""conversion_factor"":6.0}]",919743884904,REM452283,0,0,363.04
ACM-MASK0141,Remax Masking Tape 24mm High Temp,"Masking Tape 24mm, grade: High Temp. Brand Remax. Sold per Roll.",Remax,All Items > Hardware > Masking Tape,Roll,"[{""uom"":""Roll"",""conversion_factor"":1.0},{""uom"":""Carton"",""conversion_factor"":50.0}]",,REM738724,0,3,93.51
ACM-WALL0508,Vermont Wall Plug 8mm Brown,"Wall Plug 8mm, colour: Brown. Brand Vermont. Sold per Packet.",Vermont,All Items > Hardware > Wall Plug,Packet,"[{""uom"":""Packet"",""conversion_factor"":1.0},{""uom"":""Carton"",""conversion_factor"":6.0}]",948216533291,,0,0,109.4
ACM-BALL0512,"Bosco Ball Valve 2"" Brass","Ball Valve 2"", material: Brass. Brand Bosco. Sold per Nos.",Bosco,All Items > Hardware > Ball Valve,Nos,"[{""uom"":""Nos"",""conversion_factor"":1.0},{""uom"":""Carton"",""conversion_factor"":100.0}]",,BOS691734,0,900,34.79
ACM-BALL0983,"Vermont Ball Valve 1/2"" PVC","Ball Valve 1/2"", material: PVC. Brand Vermont. Sold per Nos.",Vermont,All Items > Hardware > Ball Valve,Nos,"[{""uom"":""Nos"",""conversion_factor"":1.0},{""uom"":""Carton"",""conversion_factor"":10.0}]",980537021921,VER732177,0,12,208.49
ACM-GIWI0789-OLD,Vermont GI Wire #18 Hard Drawn,"GI Wire #18, grade: Hard Drawn. Brand Vermont. Sold per Kg. (superseded)",Vermont,All Items > Hardware > GI Wire,Kg,"[{""uom"":""Kg"",""conversion_factor"":1.0}]",,,1,0,262.22
ACM-CABL0874,Tolsen Cable Tie 450mm White,"Cable Tie 450mm, colour: White. Brand Tolsen. Sold per Packet.",Tolsen,All Items > Hardware > Cable Tie,Packet,"[{""uom"":""Packet"",""conversion_factor"":1.0},{""uom"":""Carton"",""conversion_factor"":6.0}]",951713941086,,0,0,29.64
ACM-BALL0305,"Bosco Ball Valve 1/2"" SS304","Ball Valve 1/2"", material: SS304. Brand Bosco. Sold per Nos.",Bosco,All Items > Hardware > Ball Valve,Nos,"[{""uom"":""Nos"",""conversion_factor"":1.0},{""uom"":""Carton"",""conversion_factor"":10.0}]",,BOS534604,0,900,63.68
ACM-SELF0737,"Kanto Self Drilling Screw #10 x 1"" Zinc Plated","Self Drilling Screw #10 x 1"", finish: Zinc Plated. Brand Kanto. Sold per Packet.",Kanto,All Items > Hardware > Self Drilling Screw,Packet,"[{""uom"":""Packet"",""conversion_factor"":1.0},{""uom"":""Carton"",""conversion_factor"":24.0}]",984618608876,,0,0,354.81
ACM-HEXB0539,Bosco Hex Bolt M12x60 Stainless 316,"Hex Bolt M12x60, finish: Stainless 316. Brand Bosco. Sold per Pcs.",Bosco,All Items > Hardware > Hex Bolt,Pcs,"[{""uom"":""Pcs"",""conversion_factor"":1.0},{""uom"":""Carton"",""conversion_factor"":50.0}]",977021550722,BOS208909,0,0,444.71
ACM-HEXB0181,Tolsen Hex Bolt M8x50 Stainless 316,"Hex Bolt M8x50, finish: Stainless 316. Brand Tolsen. Sold per Pcs.",Tolsen,All Items > Hardware > Hex Bolt,Pcs,"[{""uom"":""Pcs"",""conversion_factor"":1.0},{""uom"":""Carton"",""conversion_factor"":24.0}]",917042919100,TOL108419,0,900,33.17
ACM-HEXB0782,Bosco Hex Bolt M8x30 Stainless 316,"Hex Bolt M8x30, finish: Stainless 316. Brand Bosco. Sold per Pcs.",Bosco,All Items > Hardware > Hex Bolt,Pcs,"[{""uom"":""Pcs"",""conversion_factor"":1.0},{""uom"":""Carton"",""conversion_factor"":6.0}]",984067689808,,0,0,308.74
ACM-PVCP0309,Tolsen PVC Pipe 50mm Class C,"PVC Pipe 50mm, grade: Class C. Brand Tolsen. Sold per Length.",Tolsen,All Items > Hardware > PVC Pipe,Length,"[{""uom"":""Length"",""conversion_factor"":1.0}]",900762933513,,0,12,213.5
ACM-BALL0601,"Remax Ball Valve 2"" Brass","Ball Valve 2"", material: Brass. Brand Remax. Sold per Nos.",Remax,All Items > Hardware > Ball Valve,Nos,"[{""uom"":""Nos"",""conversion_factor"":1.0},{""uom"":""Carton"",""conversion_factor"":10.0}]",901684042570,,0,150,248.44
ACM-BALL0702,"Hitex Ball Valve 2"" Brass","Ball Valve 2"", material: Brass. Brand Hitex. Sold per Nos.",Hitex,All Items > Hardware > Ball Valve,Nos,"[{""uom"":""Nos"",""conversion_factor"":1.0},{""uom"":""Carton"",""conversion_factor"":50.0}]",949897530248,HIT916719,0,900,417.95
ACM-ANGL0411B,"Hitex Angle Grinder Disc 4.5"" Flap (Bulk)","Angle Grinder Disc 4.5"", grade: Flap. Brand Hitex. Sold per Packet.",Hitex,All Items > Hardware > Angle Grinder Disc,Packet,"[{""uom"":""Packet"",""conversion_factor"":1.0},{""uom"":""Carton"",""conversion_factor"":144.0}]",999239515350,,0,150,423.13
ACM-GIWI1098,Stallion GI Wire #16 Hard Drawn,"GI Wire #16, grade: Hard Drawn. Brand Stallion. Sold per Kg.",Stallion,All Items > Hardware > GI Wire,Kg,"[{""uom"":""Kg"",""conversion_factor"":1.0}]",938252023570,,0,3,16.51
ACM-ANGL1023,"Tolsen Angle Grinder Disc 4.5"" Cutting","Angle Grinder Disc 4.5"", grade: Cutting. Brand Tolsen. Sold per Packet.",Tolsen,All Items > Hardware > Angle Grinder Disc,Packet,"[{""uom"":""Packet"",""conversion_factor"":1.0},{""uom"":""Carton"",""conversion_factor"":50.0}]",965892887719,,0,12,245.12
ACM-WALL1040,Hitex Wall Plug 10mm Blue,"Wall Plug 10mm, colour: Blue. Brand Hitex. Sold per Packet.",Hitex,All Items > Hardware > Wall Plug,Packet,"[{""uom"":""Packet"",""conversion_factor"":1.0},{""uom"":""Carton"",""conversion_factor"":100.0}]",,HIT126113,0,3,228.79
ACM-HEXB1064,Vermont Hex Bolt M8x75 HDG,"Hex Bolt M8x75, finish: HDG. Brand Vermont. Sold per Pcs.",Vermont,All Items > Hardware > Hex Bolt,Pcs,"[{""uom"":""Pcs"",""conversion_factor"":1.0},{""uom"":""Carton"",""conversion_factor"":100.0}]",964620899639,,0,0,434.96
ACM-SELF0611,"Stallion Self Drilling Screw #8 x 1"" Zinc Plated","Self Drilling Screw #8 x 1"", finish: Zinc Plated. Brand Stallion. Sold per Packet.",Stallion,All Items > Hardware > Self Drilling Screw,Packet,"[{""uom"":""Packet"",""conversion_factor"":1.0},{""uom"":""Carton"",""conversion_factor"":12.0}]",,,0,3,340.32
ACM-HEXB0743,Vermont Hex Bolt M8x30 Stainless 316,"Hex Bolt M8x30, finish: Stainless 316. Brand Vermont. Sold per Pcs.",Vermont,All Items > Hardware > Hex Bolt,Pcs,"[{""uom"":""Pcs"",""conversion_factor"":1.0},{""uom"":""Carton"",""conversion_factor"":12.0}]",988499554977,VER967392,0,3,337.99
ACM-CABL0583,Remax Cable Tie 450mm White,"Cable Tie 450mm, colour: White. Brand Remax. Sold per Packet.",Remax,All Items > Hardware > Cable Tie,Packet,"[{""uom"":""Packet"",""conversion_factor"":1.0},{""uom"":""Carton"",""conversion_factor"":100.0}]",973405570852,,0,150,85.96
